Model Notes,Notes,Limited Edition,Price,Serial Number,Listing Title,Listing Url,Video Id,Video Provider,Oli Id,Redirect Url
,,,,,,,Oj_48kO9R8w,youtube,b896dea775786969dd6a0305484d3e8b,
,,,,,,,K1WS2LC0U2s,youtube,6c3bbc40618711d4c968ccc0b716d915,
,,,,,,,OfYorkjhkCo,youtube,6c3bbc40618711d4c968ccc0b716d915,
,,,,,,,ce7gyng9eYE,youtube,b896dea775786969dd6a0305484d3e8b,
,,,895,810,,https://theukulelesite.com/oli-mango-baritone-l1-bmg-810.html,uBJy6pgpNIU,youtube,db2298b147c5c1066be8c97bc196827b,https://theukulelesite.com/oli-mango-baritone-2025-l1-bmg-911.html
,,,1495,23,'OLI CEDAR MACASSAR EBONY TENOR (L2-TCE 0023),https://theukulelesite.com/oli-cedar-macassar-ebony-tenor-l2-tce-g-0023.html,mSw_GV9LxOM,youtube,d182b0048b81d361137dfefa612b74ae,
,,,,,,,uDCKmlLujrs,youtube,3198132c23c53de56b1b1aba2c9af827,
,,,1695,205,'OLI SPRUCE ROSEWOOD BARITONE (L2-BSR MACAW FLOWER 0205),https://theukulelesite.com/oli-spruce-rosewood-baritone-l2-bsr-macaw-flower-0205.html,TkO2YRW2vQE,youtube,526040d6688242ad5f09d78da8cb79b5,
,,,845,254,'OLI MANGO BARITONE SATIN (L1-BMGS 254),https://theukulelesite.com/oli-mango-baritone-satin-l1-bmgs-254.html,khwhxdSi-mY,youtube,25b4f0c2403f42b2d7ee1f8acdea5b0f,
,,,,,,,u5KrGSLuAXc,youtube,d35991966fa0d3d0c41a60586f016e52,
,,,,,,,WL27LBQ945s,youtube,eaf601835c4e88e2335134c078f2b99f,
,,,795,50,'OLI ACACIA TENOR (L1-TA 50),https://theukulelesite.com/oli-acacia-tenor-l1-ta-50-1.html,y_PTYfaS2tM,youtube,669a9d69ac4d58ae46a0d0020022c4f4,
,,,,,,,Soq6E4n5itM,youtube,e7f77f0de6c5b2776f61cd708a66127d,
,,,,,,,Rs3343kcjXk,youtube,b62db57b34af0aee3f14d61fae092eb5,
,,,895,225,'OLI ACACIA BARITONE (L1-BA 0225),https://theukulelesite.com/oli-acacia-baritone-l1-ba-225-2.html,Lb8ybMXLMIc,youtube,33b453fae09ae2a8feac8a143075440c,
,,,795,223,'OLI ACACIA BARITONE SATIN (2024 L1-BAS 223),https://theukulelesite.com/shop-by/brand/oli/oli-acacia-baritone-satin-l1-bas-223-1.html,nIXapx821eY,youtube,85b2a4ea6cedb77fb98bb7f83e928651,
,,,,,,,XByuCDF8o0w,youtube,b62db57b34af0aee3f14d61fae092eb5,
,,,745,86,'OLI MANGO TENOR SATIN (L1-TMGS 0086),https://theukulelesite.com/oli-mango-tenor-satin-l1-tmgs-86-1.html,loV_awbwQUw,youtube,e7f77f0de6c5b2776f61cd708a66127d,
,,,1595,434,,https://theukulelesite.com/shop-by/brand/oli/oli-mango-baritone-l2-bmg-434.html,s1FzFA5sE6s,youtube,6c3bbc40618711d4c968ccc0b716d915,https://theukulelesite.com/shop-by/brand/oli/oli-mango-baritone-l2-bmg-314.html
,,,1395,5,'OLI MANGO TENOR (L2-TMG 0005),https://theukulelesite.com/oli-mango-tenor-l2-tmg-0005-1.html,7-ng4od9E60,youtube,f8e2f0955694a60036f37491c15bcca4,
,,,1995,146,'OLI KOA TENOR (L2-TK LOULU 0146),https://theukulelesite.com/oli-koa-tenor-l2-tk-loulu-146.html,mvHvi-3nnu4,youtube,22aeeda2b798731649f39a1bb17f29f5,
,,,1995,76,'OLI KOA TENOR (L2-TK UHI 0076),https://theukulelesite.com/oli-koa-tenor-l2-tk-uhi-0076-1.html,tldcsOZN74A,youtube,22aeeda2b798731649f39a1bb17f29f5,
,,,1995,117,'OLI KOA TENOR (L2-TK LOULU 0117),https://theukulelesite.com/oli-koa-tenor-l2-tk-loulu-0117.html,SGuTHydddz8,youtube,22aeeda2b798731649f39a1bb17f29f5,
,,,1995,147,'OLI KOA TENOR (L2-TK UHI 0147),https://theukulelesite.com/oli-koa-tenor-l2-tk-uhi-0147.html,HVqXU0gfEyY,youtube,22aeeda2b798731649f39a1bb17f29f5,
,,,,,,,R5cMlwokGlg,youtube,0cf52b6a781c9c0e05b557b8028dec9a,
,,,1445,68,'OLI SPRUCE MACASSAR EBONY TENOR (L2-TSE 68),https://theukulelesite.com/oli-spruce-macassar-ebony-tenor-l2-tse-68.html,VrNGaAiNwE4,youtube,a5f155ef76fcb36b290ca8bd0997d20b,
,,,1395,125,'OLI SPRUCE FLAME MAPLE TENOR (L2-TSFM 0125),https://theukulelesite.com/oli-spruce-flame-maple-tenor-l2-tsfm-0125.html,xEF2M4HKBRc,youtube,b85f2e8e35c96ab8be4f41120eaf5371,
,,,1495,139,'OLI SPRUCE QUILTED MAPLE SUNBURST TENOR (L2-TSQM 0139),https://theukulelesite.com/oli-spruce-quilted-maple-sunburst-tenor-l2-tsqm-139-1.html,ygsknEQj5NI,youtube,f8d9e63b0e42027dbf61c760d9df9e02,
,,,795,237,'OLI MANGO CONCERT (2024 L1-CMG 237),https://theukulelesite.com/shop-by/brand/oli/oli-mango-concert-l1-cmg-237.html,SITcQvzucKo,youtube,cf84227a03cdd8b385a7eb7b993d1a0a,
,,,795,312,'OLI ACACIA CONCERT (2024 L1-CA 312),https://theukulelesite.com/shop-by/brand/oli/oli-acacia-concert-l1-ca-312.html,ZrJQeXvp4HE,youtube,6d7a65ba29a8dd1b944d4e1dc8d9d312,
,,,1545,143,'OLI QUILTED MAPLE SUNBURST TENOR (L2-TQM 0143),https://theukulelesite.com/oli-quilted-maple-sunburst-tenor-l2-tqm-0143.html,HNenXmQh9Wg,youtube,1eb4f51132efa88ab133dd45e7b2f838,
,,,,,,,ht5mFeLnanM,youtube,d182b0048b81d361137dfefa612b74ae,
,,,1695,517,'OLI CEDAR ROSEWOOD BARITONE (L2-BCR MACAW FLOWER 517),https://theukulelesite.com/shop-by/brand/oli/oli-cedar-rosewood-baritone-l2-bcr-macaw-flower-517.html,qgPeQYPmIdY,youtube,c995f24d9615e629c60862e26d16a40a,
,,,1395,107,'OLI CEDAR ROSEWOOD TENOR (L2-TCR 107),https://theukulelesite.com/oli-cedar-rosewood-tenor-l2-tcr-107.html,bAUpLxDCNV8,youtube,66b21194c5b418d37216b603a4c202e3,
,,,1395,129,'OLI FLAME MAPLE TENOR (L2-TFM 129),https://theukulelesite.com/oli-flame-maple-tenor-l2-tfm-129.html,wdNBvGFFY9w,youtube,bae3debb9cf0f837dbf7c266a1ddfc1d,
,,,1395,,,,F0hxa4dcVm4,youtube,1410927d9f372a85da1a2fd8a6b34f62,
,,,2295,264,'OLI KOA BARITONE (L2-BK UHI 0264),https://theukulelesite.com/oli-koa-baritone-l2-bk-uhi-0264.html,hX22sy42QD8,youtube,2caa354928d99a914d217925663bc57e,
,,,,,,,4kGV1Ba9NGc,youtube,a5f155ef76fcb36b290ca8bd0997d20b,
,,,,,,,A6ZZwmIQRTw,youtube,66b21194c5b418d37216b603a4c202e3,
,,,1845,195,'OLI CEDAR EBONY BARITONE (L2-BCE HANGING HELICONIA 195),https://theukulelesite.com/oli-cedar-ebony-baritone-l2-bce-hanging-heliconia-195.html,K30riOSznUE,youtube,3198132c23c53de56b1b1aba2c9af827,
,,,745,356,'OLI ACACIA CONCERT SATIN (L1-CAS 356),https://theukulelesite.com/oli-acacia-concert-satin-l1-cas-356.html,PCZN5j1CQoM,youtube,5376b7232c2785e2e734d41bd03d85c5,
,,,745,43,'OLI ACACIA TENOR SATIN (L1-TAS 43),https://theukulelesite.com/oli-acacia-tenor-satin-l1-tas-43.html,508tEJP_J0w,youtube,fcb713921b4569f63a7e432c905b9921,
,,,745,206,'OLI MANGO CONCERT SATIN (L1-CMGS 206),https://theukulelesite.com/shop-by/brand/oli/oli-mango-concert-satin-l1-cmgs-206.html,GFjqsXCJmkE,youtube,16ec607c29a73fcde3a34d488ca3ee78,
,,,1995,157,'OLI KOA TENOR (L2-TK UHI 157),https://theukulelesite.com/oli-koa-tenor-l2-tk-uhi-157.html,AMrBm7gwL9A,youtube,22aeeda2b798731649f39a1bb17f29f5,
,,,1995,115,'OLI KOA TENOR (L2-TK UHI 115),https://theukulelesite.com/oli-koa-tenor-l2-tk-uhi-115.html,oBssHayGSkY,youtube,22aeeda2b798731649f39a1bb17f29f5,
,,,,463,'OLI SPRUCE ROSEWOOD TENOR (MACAW FLOWER L2-TSR 463),https://theukulelesite.com/shop-by/brand/oli/oli-spruce-rosewood-tenor-l2-tsr-463.html,B4LUZiLLEfc,youtube,1410927d9f372a85da1a2fd8a6b34f62,
,,,1395,343,'OLI CEDAR ROSEWOOD CONCERT (L2-CCR 343),https://theukulelesite.com/oli-cedar-rosewood-concert-l2-ccr-343.html,9ie6JcRcsEM,youtube,e2140da924a91c131b7311d7573c8a4f,
,,,,,,,NSfC9a594qk,youtube,22aeeda2b798731649f39a1bb17f29f5,
,,,,,,,JZZWiAJoqtE,youtube,669a9d69ac4d58ae46a0d0020022c4f4,
,,,1995,155,'OLI KOA TENOR (L2-TK LOULU 155),https://theukulelesite.com/oli-koa-tenor-l2-tk-loulu-155.html,mLfkAzdJb7Q,youtube,22aeeda2b798731649f39a1bb17f29f5,
,,,1995,161,'OLI KOA TENOR (L2-TK LOULU 161),https://theukulelesite.com/oli-koa-tenor-l2-tk-loulu-161.html,NIpeJ9yIEpY,youtube,22aeeda2b798731649f39a1bb17f29f5,
,,,1345,363,'OLI MANGO CONCERT (2024 L2-CMG 363),https://theukulelesite.com/shop-by/brand/oli/oli-mango-concert-l2-cmg-363.html,hRSEitMRsrY,youtube,b896dea775786969dd6a0305484d3e8b,
,,,2295,261,'OLI KOA BARITONE (L2-BK UHI 0261),https://theukulelesite.com/oli-koa-baritone-l2-bk-uhi-261-2.html,_vCUfMGJEA4,youtube,2caa354928d99a914d217925663bc57e,
,,,1295,246,'OLI CEDAR ACACIA BARITONE (L2-BCA 246),https://theukulelesite.com/oli-cedar-acacia-baritone-l2-bca-246.html,0dzwp9R6F3k,youtube,ad34e703d2f1bc78289d0c3b36f6b4ef,
,,,2295,335,'OLI KOA BARITONE (L2-BK LAOLU 335),https://theukulelesite.com/oli-koa-baritone-l2-bk-laolu-335.html,pxZ1atAoOFA,youtube,2caa354928d99a914d217925663bc57e,
,,,,,,,eCu7Rgt7iWg,youtube,526040d6688242ad5f09d78da8cb79b5,
,,,1495,,,,-RtOCwJexIU,youtube,6605026230f583e66738ed318a486c3c,
,blemished,,1295,362,'OLI KOA CONCERT (L2-CK 362-B),https://theukulelesite.com/oli-koa-concert-l2-ck-362b.html,3KpJB2KERv0,youtube,2479cad5c9b70f12dbd90616f382daa3,
,,,1495,350,'OLI SPRUCE ROSEWOOD CONCERT (L2-CSR 350),https://theukulelesite.com/oli-spruce-rosewood-concert-l2-csr-350.html,Uwr5wQ-eM1M,youtube,b7d9c989577080aa515f79ed3c41af41,
,,,,,,,QSUmb8FhdPs,youtube,2caa354928d99a914d217925663bc57e,
,,,,,,,xpv9ZTFoo_M,youtube,2caa354928d99a914d217925663bc57e,
,,,1995,159,'OLI KOA TENOR (L2-TK LOULU 159),https://theukulelesite.com/oli-koa-tenor-l2-tk-loulu-159.html,cvHYTJAjhP4,youtube,22aeeda2b798731649f39a1bb17f29f5,
,blemished,,1395,374,'OLI KOA CONCERT (L2-CK LOULU 374-B),https://theukulelesite.com/oli-koa-concert-l2-ck-374b-loulu.html,Szh9zXfRWYY,youtube,2479cad5c9b70f12dbd90616f382daa3,
,,,,,,,lG8kVrAajv0,youtube,0cf52b6a781c9c0e05b557b8028dec9a,
,,,,,,,YVEQGYUnoQc,youtube,b7d9c989577080aa515f79ed3c41af41,
,,,1095,334,'OLI CEDAR ACACIA CONCERT (L2-CCA 334),https://theukulelesite.com/oli-cedar-acacia-concert-l2-cca-334-1.html,wl1SpoujiRM,youtube,c3503c5a8ca4fa19fc9f3ffaf49a30e3,
,,,1495,341,'OLI CEDAR EBONY CONCERT (L2-CCE 341) SALE!,https://theukulelesite.com/shop-by/brand/oli/oli-cedar-ebony-concert-l2-cce-341-1.html,6n5BTsW2Nfc,youtube,4254120e19a96e456a975f161b5093b4,
slimline,,,1245,501,'OLI SLIM CEDAR ACACIA TENOR (L2-TSCA 501),https://theukulelesite.com/oli-slim-cedar-acacia-tenor-l2-tsca-501.html,AoJaXCLwkMY,youtube,ce8082a38462d0a5557ddc9b6916c7b5,
,,,1995,324,'OLI KOA BARITONE (L2-BK UHI 324),https://theukulelesite.com/oli-koa-baritone-l2-bk-uhi-324-1-1.html,eyggDk_gSo4,youtube,2caa354928d99a914d217925663bc57e,
,,,1995,328,'OLI KOA BARITONE (L2-BK LAOLU 328),https://theukulelesite.com/oli-koa-baritone-l2-bk-laolu-328.html,z-F01J4eDuQ,youtube,2caa354928d99a914d217925663bc57e,
,,,1495,370,'OLI KOA CONCERT (L2-CK 370),https://theukulelesite.com/oli-koa-concert-l2-ck-370.html,Glz0DSQiTQw,youtube,2479cad5c9b70f12dbd90616f382daa3,
,,,,,,,wH6khWtmCq8,youtube,3198132c23c53de56b1b1aba2c9af827,
,,,,,,,wg8sKv3ZbOg,youtube,ff259c958965cfb2b2f4df56f1720bac,
,,,,,,,CFPprogW2-M,youtube,ad34e703d2f1bc78289d0c3b36f6b4ef,
,,,845,506,'OLI SPRUCE TOP ACACIA TENOR (L1SP-TA 506),https://theukulelesite.com/oli-spruce-top-acacia-tenor-l1sp-ta-506.html,b6DkAEx4_Qk,youtube,4c94129c182a7a57919c2efeb46e766a,
,,,945,521,'OLI SPRUCE TOP ACACIA BARITONE (L1SP-BA 521),https://theukulelesite.com/shop-by/brand/oli/oli-spruce-top-acacia-baritone-l1sp-ba-521-1.html,-mvYNLFPa0w,youtube,1851b8c2803bf29a9c8ce727e35b3482,
,,,,,,,rLgcHFQnzVY,youtube,eaf601835c4e88e2335134c078f2b99f,
,,,,,,,4sOurwVPwX4,youtube,66b21194c5b418d37216b603a4c202e3,
,,,2195,255,'OLI MASTERGRADE KOA BARITONE (L2-BK UHI 255),https://theukulelesite.com/oli-mastergrade-koa-baritone-l2-bk-uhi-255.html,ox0FrtcInNU,youtube,2caa354928d99a914d217925663bc57e,
,,,1795,373,'OLI MASTERGRADE KOA CONCERT (L2-CK LOULU 373),https://theukulelesite.com/shop-by/brand/oli/oli-koa-concert-l2-ck-loulu-373.html,26MtDz5l63s,youtube,2479cad5c9b70f12dbd90616f382daa3,
,,,1795,428,'OLI SPRUCE EBONY BARITONE (2024 L2-BSE V2 HELICONIA 428),https://theukulelesite.com/shop-by/brand/oli/oli-spruce-ebony-baritone-l2-bse-v2-heliconia-428-1.html,bp-rjwVo5nY,youtube,0cf52b6a781c9c0e05b557b8028dec9a,
pineapple,,,995,531,'OLI TENOR PINEAPPLE CEDAR ACACIA (PROTOTYPE L2-TPCA 531),https://theukulelesite.com/shop-by/brand/oli/oli-tenor-pineapple-cedar-acacia-prototype-l2-tpca-531.html,zxx7lMkftKM,youtube,bc4fb2f30314197eb0d24d0091daa5f4,
,,,,,,,TuSjuqhjym0,youtube,3198132c23c53de56b1b1aba2c9af827,
,,,1695,475,'OLI SPRUCE ROSEWOOD BARITONE (L2-BSR MACAW FLOWER 475),https://theukulelesite.com/shop-by/brand/oli/oli-spruce-rosewood-baritone-l2-bsr-macaw-flower-475-1.html,pBMLOLj9UiE,youtube,526040d6688242ad5f09d78da8cb79b5,
slimline,,,1395,574,'OLI TENOR SLIMLINE CEDAR ROSEWOOD (L2-TSCR 574) CLOSEOUT SALE!,https://theukulelesite.com/shop-by/brand/oli/oli-tenor-slimline-cedar-rosewood-l2-tscr-574-1.html,_r1pER-Z2RU,youtube,ff259c958965cfb2b2f4df56f1720bac,
,,,,422,'OLI SPRUCE MACASSAR EBONY TENOR (L2-TSE V2 HELICONIA 422),https://theukulelesite.com/oli-spruce-macassar-ebony-tenor-l2-tse-v2-heliconia-422.html,t3ykbRXzvwU,youtube,a5f155ef76fcb36b290ca8bd0997d20b,
,,,1145,545,'OLI CEDAR ACACIA SATIN TENOR (MONSTERA L2-TCAS 545),https://theukulelesite.com/oli-cedar-acacia-satin-tenor-monstera-l2-tcas-545.html,15YnTFJL82M,youtube,d35991966fa0d3d0c41a60586f016e52,
,,,,,,,Vh1WK7Lh6Do,youtube,f8e2f0955694a60036f37491c15bcca4,
,,,1295,550,'OLI CEDAR ACACIA MONSTERA BARITONE SATIN (L2-BCAS 550),https://theukulelesite.com/oli-cedar-acacia-monstera-baritone-satin-l2-bcas-550.html,gydjD5VKZGU,youtube,76f9c40fcf1df618238762e30d41dc9b,
,,,995,536,'OLI CEDAR ACACIA MONSTERA CONCERT SATIN (L2-CCAS 536 V2),https://theukulelesite.com/oli-cedar-acacia-monstera-concert-satin-l2-ccas-536-v2.html,vfIHtDjlbT8,youtube,df73dafbdfd4a44ac032c8d530e25e5d,
,,,,,,,ARPyhkifASw,youtube,1410927d9f372a85da1a2fd8a6b34f62,
,,True,1795,648,,https://theukulelesite.com/oli-curly-redwood-rosewood-le-baritone-l2-brr-red-ginger-648.html,Md7Cl_Tb4P4,youtube,60f0fe4b1b348e1742ef3f136049ee42,https://theukulelesite.com/oli-curly-redwood-rosewood-le-baritone-l2-brr-red-ginger-644-1.html
,,True,1695,594,'OLI CURLY REDWOOD ROSEWOOD LE TENOR (L2-TRR RED GINGER 594),https://theukulelesite.com/oli-curly-redwood-rosewood-le-tenor-l2-trr-red-ginger-594.html,I6HCC64-5Cg,youtube,accec8c05e8cc5b1285a9fc139314630,
,,True,1695,592,'OLI CURLY REDWOOD ROSEWOOD LE TENOR (L2-TRR RED GINGER 592),https://theukulelesite.com/oli-curly-redwood-rosewood-le-tenor-l2-trr-red-ginger-592.html,DLnxyFUJuNU,youtube,accec8c05e8cc5b1285a9fc139314630,
,,True,1595,582,'OLI REDWOOD ROSEWOOD LE TENOR (L2-TRR RED GINGER 582),https://theukulelesite.com/oli-curly-redwood-rosewood-le-tenor-l2-trr-red-ginger-582.html,kDCSRi57Kkc,youtube,accec8c05e8cc5b1285a9fc139314630,
,,True,1595,595,'OLI REDWOOD ROSEWOOD LE TENOR (L2-TRR RED GINGER 595),https://theukulelesite.com/oli-curly-redwood-rosewood-le-tenor-l2-trr-red-ginger-595-1.html,f0657LmlSf0,youtube,accec8c05e8cc5b1285a9fc139314630,
,,True,1595,588,'OLI REDWOOD ROSEWOOD LE TENOR (L2-TRR RED GINGER 588),https://theukulelesite.com/oli-curly-redwood-rosewood-le-tenor-l2-trr-red-ginger-588.html,ZCm3gfyWhZw,youtube,accec8c05e8cc5b1285a9fc139314630,
,,True,1595,587,'OLI REDWOOD ROSEWOOD LE TENOR (L2-TRR RED GINGER 587),https://theukulelesite.com/oli-curly-redwood-rosewood-le-tenor-l2-trr-red-ginger-587-1-1.html,vfFOc-Z_Rhg,youtube,accec8c05e8cc5b1285a9fc139314630,
,,,2195,271,'OLI KOA BARITONE (L2-BK UHI 271),https://theukulelesite.com/shop-by/brand/oli/oli-mastergrade-koa-baritone-l2-bk-uhi-256.html,di9KR6mFCNU,youtube,2caa354928d99a914d217925663bc57e,
,,,1995,673,'OLI KOA TENOR (L2-TK UHI 673),https://theukulelesite.com/oli-koa-ms-tenor-l2-tk-uhi-673.html,zGX37Krcjvc,youtube,22aeeda2b798731649f39a1bb17f29f5,
pineapple,,,995,522,'OLI TENOR PINEAPPLE MANGO (PROTOTYPE L2-TPMG 522),https://theukulelesite.com/oli-tenor-pineapple-mango-prototype-l2-tpmg-522.html,y2IO3mtZDHs,youtube,b5b6553912d77dcee2c5e70d3a27a586,
,,True,1745,607,'OLI REDWOOD ROSEWOOD LE BARITONE (L2-BRR RED GINGER 607) B-STOCK SPECIAL,https://theukulelesite.com/oli-redwood-rosewood-le-baritone-l2-brr-red-ginger-607.html,bVADBnIbcrc,youtube,60f0fe4b1b348e1742ef3f136049ee42,
,,True,1595,591,'OLI REDWOOD ROSEWOOD LE TENOR (L2-TRR RED GINGER 591),https://theukulelesite.com/oli-curly-redwood-rosewood-le-tenor-l2-trr-red-ginger-591-1.html,XAjagra4JBM,youtube,accec8c05e8cc5b1285a9fc139314630,
,,,795,637,'OLI MANGO TENOR (L1-TMG V2 637),https://theukulelesite.com/oli-mango-tenor-l1-tmg-v2-637.html,W-WZyw89dOg,youtube,b62db57b34af0aee3f14d61fae092eb5,
,,,,,,,2HuYmkfbmxo,youtube,669a9d69ac4d58ae46a0d0020022c4f4,
,,,,,,,mSzbaVdqEUg,youtube,e7f77f0de6c5b2776f61cd708a66127d,
,,,,,,,hTiMM-sD5U0,youtube,fcb713921b4569f63a7e432c905b9921,
,,,,,,,QvYr9FaFIn8,youtube,3198132c23c53de56b1b1aba2c9af827,
,,True,1595,658,'OLI TORREFIED SPRUCE MYRTLE LE TENOR (L2-TTSMR RED GINGER 658),https://theukulelesite.com/oli-torrefied-spruce-myrtle-le-tenor-l2-ttsmr-red-ginger-658.html,gATbdN6qPuo,youtube,72330ee944ad6d6fbcbcb011c887ef25,
,,True,1795,692,'OLI TORREFIED SPRUCE MYRTLE LE BARITONE (L2-BTSMR RED GINGER 692),https://theukulelesite.com/oli-torrefied-spruce-myrtle-le-baritone-l2-btsmr-red-ginger-692.html,6OASXiX870I,youtube,65fe219400a9223f7f614e9f49814fde,
,,True,1795,734,'OLI MYRTLE LE BARITONE (L2-BMR RED GINGER 734),https://theukulelesite.com/oli-torrefied-spruce-myrtle-le-baritone-l2-btsmr-red-ginger-734.html,Mebs3MDnzOY,youtube,3c69053a6802acf0f0e7ee6afdc9a0a1,
,,,1595,774,'OLI SPRUCE FLAME MAPLE BARITONE (L2-BSFM MANDALA 774),https://theukulelesite.com/oli-spruce-flame-maple-baritone-l2-bsfm-mandala-774-1.html,xKluQpe_nFk,youtube,1badcd2414f039cad96f2e00bd19bb27,
,,True,1595,,,,f67SM7I5oYg,youtube,60f0fe4b1b348e1742ef3f136049ee42,
,,,1395,,,,ad_roeny5h8,youtube,b85f2e8e35c96ab8be4f41120eaf5371,
,,,845,682,'OLI SPRUCE TOP MERBAU TENOR (L1-SMU 682),https://theukulelesite.com/shop-by/brand/oli/oli-spruce-top-merbau-tenor-l1-smu-682.html,3Og2_nBuHUs,youtube,dc45a6753785c9c4d6b329efd5dd7577,
,,,1445,790,'OLI TORREFIED SPRUCE ROSEWOOD CONCERT (L2-CTSR RED GINGER 790),https://theukulelesite.com/shop-by/brand/oli/oli-torrefied-spruce-rosewood-concert-l2-ctsr-790.html,Ar6JmJ9HBP8,youtube,e4902597c4af01af01401338f436f570,
,,True,1745,827,'OLI TORREFIED SPRUCE ROSEWOOD BARITONE LE (L2-BTSR RED GINGER 827),https://theukulelesite.com/oli-torrefied-spruce-rosewood-baritone-le-l2-btsr-827.html,x9ZNIy75QqI,youtube,24146e0d72960628d58b0da9f721dc81,
,,,895,743,'OLI ACACIA BARITONE (2024 L1-BA 743),https://theukulelesite.com/shop-by/brand/oli/oli-acacia-baritone-l1-ba-743.html,alB_BPTYCeI,youtube,33b453fae09ae2a8feac8a143075440c,
,,,,,,,qtIlSqUWQmM,youtube,25b4f0c2403f42b2d7ee1f8acdea5b0f,
,,,895,810,,https://theukulelesite.com/shop-by/brand/oli/oli-mango-baritone-l1-bmg-810.html,NW4n7Afwym0,youtube,db2298b147c5c1066be8c97bc196827b,https://theukulelesite.com/shop-by/brand/oli/oli-mango-baritone-2025-l1-bmg-911.html
,,True,1595,670,'OLI CEDAR WALNUT LE BARITONE (L2-BCW RED GINGER 670),https://theukulelesite.com/shop-by/brand/oli/oli-cedar-walnut-le-baritone-l2-bcw-red-ginger-670.html,HXjNOfoqUzE,youtube,6dc26120df752d16ae1350cba037f9f2,
,,,1595,831,'OLI SPRUCE ROSEWOOD BARITONE (L2-BSR V3 831),https://theukulelesite.com/shop-by/brand/oli/oli-spruce-rosewood-baritone-l2-bsr-831.html,Z9w9GMqXe5M,youtube,526040d6688242ad5f09d78da8cb79b5,
,,,1595,710,'OLI FLAME MAPLE BARITONE (L2-BCM MANDALA 710),https://theukulelesite.com/shop-by/brand/oli/oli-flame-maple-baritone-l2-bcm-mandala-710.html,UPjhv7yQP2k,youtube,65d87258ef188373b154b2c41477e8c5,
sunburst stain,,,1645,715,,https://theukulelesite.com/shop-by/oli-spruce-quilted-maple-baritone-l2-bsqm-sb-mandala-715.html,-QxAxACwwPI,youtube,0df2ce36f4669c08f2a6b5ef127d5c60,https://theukulelesite.com/shop-by/oli-spruce-quilted-maple-baritone-l2-bsqm-sb-mandala-716.html
,,True,1595,603,'OLI SPALTED MANGO BARITONE (L2-BMGS-LE 603),https://theukulelesite.com/shop-by/brand/oli/oli-spalted-mango-baritone-l2-bmgsp-603.html,QlInCin8PIg,youtube,a763b360aef76f0c53e8447f69956d3f,
,,True,1395,600,'OLI MANGO TENOR (L2-TMGS-LE 600),https://theukulelesite.com/shop-by/brand/oli/oli-mango-tenor-l2-tmgs-le-600.html,Le_QVb82fKw,youtube,a57a55746af9e7446b85389a58fae18f,
,,True,1345,704,'OLI SPALTED MANGO CONCERT (L2-CMGS-LE 704),https://theukulelesite.com/shop-by/brand/oli/oli-spalted-mango-concert-l2-cmgs-le-704.html,74M5f2W8iBo,youtube,f9c10719a929d606ca5a82869dbc039c,
,,,1495,748,"'OLI CEDAR MACASSAR EBONY TENOR (L2-TCE 748)
",https://theukulelesite.com/shop-by/brand/oli/oli-cedar-macassar-ebony-tenor-l2-tce-748.html,EkK-cy3vWPg,youtube,d182b0048b81d361137dfefa612b74ae,
,,True,1445,701,'OLI CEDAR WALNUT TENOR (L2-TCW 701),https://theukulelesite.com/shop-by/brand/oli/oli-cedar-walnut-tenor-l2-tcw-701.html,EBTd6lsuR0A,youtube,55fd18ab8c87250d1b9e6433c01b1dc5,
,,,795,874,'OLI CEDAR TOP WERU CONCERT (L1-CCWU-S 874),https://theukulelesite.com/shop-by/brand/oli/oli-cedar-top-weru-concert-l1-ccwu-s-874.html,zMuo6U9QGJQ,youtube,3caebba542772277184aa83d7191db79,
,,True,1595,769,'OLI CURLY REDWOOD ROSEWOOD LE CONCERT (L2-CRR RED GINGER 769),https://theukulelesite.com/oli-redwood-rosewood-le-concert-l2-crr-red-ginger-769.html,-A5Yw9nPdr0,youtube,8b90515cee6190837dc3166df65ebad4,
,,,1395,676,'OLI TORREFIED SPRUCE MYRTLE CONCERT (L2-CTSMR RED GINGER 676),https://theukulelesite.com/shop-by/brand/oli/oli-torrefied-spruce-myrtle-concert-l2-ctsmr-red-ginger-676.html,uhl_xaJSziY,youtube,04d3806d80c6cacc68d729817724972e,
,,,1245,747,'OLI SPRUCE BIRDSEYE MAPLE CONCERT (L2-CSFM MANDALA 747),https://theukulelesite.com/shop-by/brand/oli/oli-spruce-birdseye-maple-concert-l2-csfm-mandala-747.html,LTzd_qjCqIY,youtube,e26a353bbad9a781507fd0226d748381,
,,,945,708,'OLI SPRUCE TOP MERBAU BARITONE (L1-BSMU-S 708),https://theukulelesite.com/shop-by/brand/oli/oli-spruce-top-merbau-baritone-l1-bsmu-s-708.html,SSdVw7I5FaI,youtube,b2a77ec456c9a9fd43954faa605e54d8,
,,True,1795,644,'OLI CURLY REDWOOD ROSEWOOD LE BARITONE (L2-BRR RED GINGER 644),https://theukulelesite.com/shop-by/brand/oli/oli-redwood-rosewood-le-baritone-l2-brr-red-ginger-644.html,kw116fM159g,youtube,60f0fe4b1b348e1742ef3f136049ee42,
,blemished,,1595,273,'OLI KOA BARITONE (L2-BK LOULU 273),https://theukulelesite.com/shop-by/brand/oli/oli-koa-baritone-l2-bk-uhi-273.html,r_boSxcGVhs,youtube,2caa354928d99a914d217925663bc57e,
,,True,1695,731,'OLI MYRTLE LE BARITONE (L2-BMR RED GINGER 731),https://theukulelesite.com/shop-by/brand/oli/oli-torrefied-spruce-myrtle-le-baritone-l2-btsmr-red-ginger-731.html,3U8nR7XUqK4,youtube,3c69053a6802acf0f0e7ee6afdc9a0a1,
,,True,1795,690,'OLI TORREFIED SPRUCE MYRTLE LE BARITONE (L2-BTSMR RED GINGER 690),https://theukulelesite.com/shop-by/brand/oli/oli-torrefied-spruce-myrtle-le-baritone-l2-btsmr-red-ginger-690.html,JMqVqak69jU,youtube,65fe219400a9223f7f614e9f49814fde,
,,,1995,679,'OLI MASTERGRADE KOA TENOR (L2-TK UHI 679),https://theukulelesite.com/shop-by/brand/oli/oli-koa-ms-tenor-l2-tk-uhi-679.html,EbClk1JSk9U,youtube,22aeeda2b798731649f39a1bb17f29f5,
,,True,1495,699,'OLI MYRTLE TENOR (L2-TMR LE RED GINGER 699),https://theukulelesite.com/shop-by/brand/oli/oli-myrtle-tenor-l2-tmr-le-red-ginger-699.html,tg6itUM1rGo,youtube,12e68b91b0448e836d3fae18bf697643,
,,True,1595,653,'OLI TORREFIED SPRUCE MYRTLE LE TENOR (L2-TTSMR RED GINGER 653),https://theukulelesite.com/oli-torrefied-spruce-myrtle-le-tenor-l2-ttsmr-red-ginger-653-1-1.html,xMqPRcZ_3iY,youtube,72330ee944ad6d6fbcbcb011c887ef25,
,,,1395,728,'OLI SPRUCE FLAME MAPLE TENOR (L2-TSFM-V3 MANDALA 728),https://theukulelesite.com/shop-by/brand/oli/oli-spruce-flame-maple-tenor-l2-tsfm-v3-mandala-728.html,2cXE8fURmhw,youtube,b85f2e8e35c96ab8be4f41120eaf5371,
,,True,1595,590,'OLI REDWOOD ROSEWOOD LE TENOR (L2-TRR RED GINGER 590),https://theukulelesite.com/shop-by/brand/oli/oli-curly-redwood-rosewood-le-tenor-l2-trr-red-ginger-590.html,znrZRv_AvsM,youtube,accec8c05e8cc5b1285a9fc139314630,
,,True,1345,739,'OLI CEDAR WALNUT LE CONCERT (L2-CCW RED GINGER 739),https://theukulelesite.com/shop-by/brand/oli/oli-cedar-walnut-le-concert-l2-ccw-red-ginger-739.html,7CBLztOz62E,youtube,13ffbcdee9bfe311f067e9bf0e07e5ba,
,,,945,714,'OLI SPRUCE TOP WERU BARITONE (L1-BSWU-S 714),https://theukulelesite.com/shop-by/brand/oli/oli-spruce-top-weru-baritone-l1-bswu-s-714.html,Jvikcb71dCg,youtube,6a1a28114c6480faca8b002ede27e0f2,
,,,845,709,'OLI SPRUCE TOP WERU TENOR (L1-TSWU 709),https://theukulelesite.com/shop-by/brand/oli/oli-spruce-top-weru-tenor-l1-tswu-709.html,Op5hUHmjFWM,youtube,b7700c7275a30f6fd484ce29a5c5303a,
,,,895,876,'OLI CEDAR TOP ACACIA BARITONE (L1-BCAS 876),https://theukulelesite.com/shop-by/brand/oli/oli-cedar-top-acacia-baritone-l1-bcas-876.html,0gdItaqeLkk,youtube,de0b41e6ab4a4a47c5d74354e1bd413c,
,,True,1595,668,'OLI TORREFIED SPRUCE MYRTLE LE TENOR (L2-TTSMR RED GINGER 668),https://theukulelesite.com/shop-by/oli-torrefied-spruce-myrtle-le-tenor-l2-ttsmr-red-ginger-668.html,sfRTZjOJt9Q,youtube,72330ee944ad6d6fbcbcb011c887ef25,
,,True,1795,696,'OLI TORREFIED SPRUCE MYRTLE LE BARITONE (L2-BTSMR RED GINGER 696),https://theukulelesite.com/oli-torrefied-spruce-myrtle-le-baritone-l2-btsmr-red-ginger-696.html,31EdPJtmVPU,youtube,65fe219400a9223f7f614e9f49814fde,
,,,1995,236,,https://theukulelesite.com/shop-by/brand/oli/oli-koa-baritone-l2-bk-uhi-236.html,Chp2cwjW1v0,youtube,2caa354928d99a914d217925663bc57e,https://theukulelesite.com/shop-by/brand/oli/oli-koa-baritone-l2-bk-uhi-326-1.html
,,,1995,722,'OLI KOA TENOR (L2-TK UHI 722),https://theukulelesite.com/oli-mastergrade-koa-tenor-l2-tk-uhi-722.html,MIcsswpxyHA,youtube,22aeeda2b798731649f39a1bb17f29f5,
,,,1295,820,'OLI SPRUCE ROSEWOOD CONCERT (L2-CSR 820),https://theukulelesite.com/oli-spruce-rosewood-concert-l2-csr-820.html,AQo_zqJEOUQ,youtube,b7d9c989577080aa515f79ed3c41af41,
,,,1495,768,'OLI SPRUCE MACASSAR EBONY TENOR (L2-TSE 768),https://theukulelesite.com/shop-by/brand/oli/oli-spruce-macassar-ebony-tenor-l2-tse-768.html,rqkz_lvH1bU,youtube,a5f155ef76fcb36b290ca8bd0997d20b,
,,,1095,,,,jXyTTBsQWN8,youtube,eaf601835c4e88e2335134c078f2b99f,
,,True,1795,691,'OLI TORREFIED SPRUCE MYRTLE LE BARITONE (L2-BTSMR RED GINGER 691),https://theukulelesite.com/oli-torrefied-spruce-myrtle-le-baritone-l2-btsmr-red-ginger-691-1.html,SnmXw7vWy7I,youtube,65fe219400a9223f7f614e9f49814fde,
,,True,1495,752,'OLI CURLY REDWOOD ROSEWOOD LE CONCERT (L2-CRR RED GINGER 752),https://theukulelesite.com/oli-redwood-rosewood-le-concert-l2-crr-red-ginger-752.html,DLT2brKbUhc,youtube,8b90515cee6190837dc3166df65ebad4,
,,,1345,677,'OLI TORREFIED SPRUCE MYRTLE CONCERT (2024 L2-CTSMR RED GINGER 677),https://theukulelesite.com/shop-by/brand/oli/oli-torrefied-spruce-myrtle-concert-l2-ctsmr-red-ginger-677.html,Eo7lLaX_ITM,youtube,04d3806d80c6cacc68d729817724972e,
stained brown,,,1395,766,'OLI SPRUCE FLAME MAPLE TENOR (L2-TSFM-BR MANDALA 766),https://theukulelesite.com/shop-by/brand/oli/oli-spruce-flame-maple-tenor-l2-tsfm-br-mandala-766.html,82C8m9g-bUU,youtube,15d280d9b4ad097a76126f7b07b20bae,
,,,845,792,'OLI ACACIA BARITONE SATIN (L1-BAS 792),https://theukulelesite.com/shop-by/brand/oli/oli-acacia-baritone-satin-l1-bas-792.html,0w5Fdm27YEk,youtube,85b2a4ea6cedb77fb98bb7f83e928651,
stained brown,,,1595,773,'OLI SPRUCE FLAME MAPLE BARITONE (L2-BSFM-BR MANDALA 773),https://theukulelesite.com/shop-by/brand/oli/oli-spruce-flame-maple-baritone-l2-bsfm-mandala-773.html,MaHcDDrlE7I,youtube,63b2c7eca9f6a484e8cbcc3519e474ba,
sunburst stain,,,1745,869,'OLI SUNBURST SPRUCE MACASSAR EBONY BARITONE (L2-BSE-SB 869),https://theukulelesite.com/shop-by/brand/oli/oli-sunburst-spruce-macassar-ebony-baritone-l2-bse-sb-869.html,b96nfKXYWdM,youtube,d17c62b242573b654b31137ea5666163,
,,,1595,,,,N45fxH4AR9E,youtube,c995f24d9615e629c60862e26d16a40a,
,,,1695,863,'OLI SPRUCE EBONY BARITONE (L2-BSE V3 863),https://theukulelesite.com/shop-by/brand/oli/oli-spruce-ebony-baritone-l2-bse-v3-863.html,r1zpsaNpI1g,youtube,0cf52b6a781c9c0e05b557b8028dec9a,
,,True,1745,828,'OLI TORREFIED SPRUCE ROSEWOOD BARITONE (L2-BTSR-LE 828),https://theukulelesite.com/shop-by/brand/oli/oli-torrefied-spruce-rosewood-baritone-l2-btsr-le-828.html,O3ZyEqrBR1M,youtube,24146e0d72960628d58b0da9f721dc81,
,,,1295,842,'OLI CEDAR ROSEWOOD CONCERT (2024 L2-CCR 842),https://theukulelesite.com/shop-by/brand/oli/oli-cedar-rosewood-concert-l2-ccr-842.html,aCvguWK34vw,youtube,e2140da924a91c131b7311d7573c8a4f,
,,,1295,797,'OLI SPRUCE ROSEWOOD CONCERT (L2-CSR 797),https://theukulelesite.com/shop-by/brand/oli/oli-spruce-rosewood-concert-l2-csr-797.html,BEaIK6AwPz0,youtube,b7d9c989577080aa515f79ed3c41af41,
,,,795,702,'OLI SPRUCE TOP WERU CONCERT (L1-CSWU-S 702),https://theukulelesite.com/shop-by/brand/oli/oli-cedar-top-weru-concert-l1-ccwu-s-702.html,L0YRkrz3p_Y,youtube,dac26625003de25cddded0ebc2fde5df,
,,,,,,,OMjMfnA9_VE,youtube,0546a3ba78ada85b11ce6d8ee546e359,
,,,,,,,JA81lCDvauE,youtube,669a9d69ac4d58ae46a0d0020022c4f4,
,,,,,,,ESZk4DmWXuc,youtube,c2e57351fa2e841a227d8d84d3d0f1d5,
,,,,,,,NYfMb3K0YnI,youtube,bd3884852f98eb9532380c39bf64f511,
,,,,,,,MNqIXfH0Spg,youtube,870e3ec778c179c0e0d99744b81b9aa8,
,,,,,,,IM1deDZkyTE,youtube,740c53215c0886528983544e3d6002c3,
,,,,,,,JE_UBPRGYMU,youtube,1ceaddce6c6b963ef35961818dc52ac5,
,,,,,,,HJETyix5PeY,youtube,de0b41e6ab4a4a47c5d74354e1bd413c,
,,,,,,,c31OguvLAAA,youtube,5376b7232c2785e2e734d41bd03d85c5,
,,,,,,,p0ncTrkOjoM,youtube,6d7a65ba29a8dd1b944d4e1dc8d9d312,
,,,,,,,OVPwYlJq0Bg,youtube,669a9d69ac4d58ae46a0d0020022c4f4,
,,,,,,,tN1iK9HDIl8,youtube,6d7a65ba29a8dd1b944d4e1dc8d9d312,
,,,,,,,aOij70UcpiI,youtube,fcb713921b4569f63a7e432c905b9921,
,,,,,,,AOg1Pn8G7S0,youtube,cf84227a03cdd8b385a7eb7b993d1a0a,
blue stain,,,1645,1035,'OLI QUILTED MAPLE OCEAN BLUE TENOR (L2-TQM-BL 1035),https://theukulelesite.com/oli-quilted-maple-ocean-blue-tenor-l2-tqm-bl-1035.html,_Ns3SgfCBTY,youtube,60a5ff054a8c34646c7364311e8ce4aa,
blue stain,,,1645,1035,'OLI QUILTED MAPLE OCEAN BLUE TENOR (L2-TQM-BL 1035),https://theukulelesite.com/oli-quilted-maple-ocean-blue-tenor-l2-tqm-bl-1035.html,eDM1VjTI3VA,youtube,60a5ff054a8c34646c7364311e8ce4aa,
light burst stain,,,1595,1036,'OLI QUILTED MAPLE LIGHT BURST TENOR (L2-TQM-SB 1036),https://theukulelesite.com/oli-quilted-maple-light-burst-tenor-l2-tqm-sb-1036.html,wemORgz-3uU,youtube,f4bd17a6ee7a28e167c137f0181d9489,
light burst stain,,,,,,,XZXBMHw3FmQ,youtube,6399b6d34231150cc25633a8204ac853,
blue stain,,,1745,1039,'OLI QUILTED MAPLE OCEAN BLUE BARITONE (L2-BQM-BL 1039),https://theukulelesite.com/oli-quilted-maple-ocean-baritone-l2-bqm-bl-1039.html,dAzkjR_Jsnc,youtube,dcb6532e31db1f879fe938328052b37d,
,,,,,,,-H8O9hOtY6I,youtube,b62db57b34af0aee3f14d61fae092eb5,
,,,,,,,vHmlFiegehE,youtube,16ec607c29a73fcde3a34d488ca3ee78,
vintage burst stain,,,,,,,3z5VE4TXu6c,youtube,fe0eda79c3f03d79e8c0756ecc55e77e,
light burst stain,,,1395,,,,HsZEZZ5R4FM,youtube,242ab9665421ed8c59bdac2c827396b8,
light burst stain,,,,,,,DzOQzjyBe9M,youtube,2393f818fa260e5e1c48e6ea2793e9cf,
pink binding,,,,,,,s_5iauwkXNU,youtube,1410927d9f372a85da1a2fd8a6b34f62,
vintage burst stain,,,1195,1008,'OLI SPRUCE WARU VINTAGE BURST BARITONE (L1SP-BSWA 1008),https://theukulelesite.com/oli-spruce-waru-vintage-burst-baritone-l1sp-bswa-1008.html,JVz1wumivMo,youtube,6ab70a72183a0dd5ce44604f88ac78a6,
blue binding,,,,,,,LGYh2ZiOJpU,youtube,e2140da924a91c131b7311d7573c8a4f,
pink binding,,,,,,,WcuYxImeiio,youtube,b7d9c989577080aa515f79ed3c41af41,
,,,695,,'OLI MAHOGANY SOPRANO (X-SMH-S),https://theukulelesite.com/oli-mahogany-soprano-x-smh-s.html,TygkMqVWevU,youtube,c47061a1004bcc3dd219c568a388eae3,
pineapple,,,795,1044,'OLI MANGO PINEAPPLE TENOR (L1-TPMG 1044),https://theukulelesite.com/oli-mango-pineapple-tenor-l1-tpmg-1044.html,AACVi1kq-bg,youtube,ff953f84f5953fdd7cf206c2c8163ddc,
,,,,,,,GG-4-RpFUOA,youtube,f8e2f0955694a60036f37491c15bcca4,
monstera,,,,,,,lQqvE-sIe6k,youtube,eaf601835c4e88e2335134c078f2b99f,
,,,,,,,IhQFo9gYmus,youtube,db2298b147c5c1066be8c97bc196827b,
,,,,,,,OPoaDZWwwmU,youtube,b896dea775786969dd6a0305484d3e8b,
,,,1395,729,'OLI SPRUCE FLAME MAPLE TENOR (L2-TSFM-V3 MANDALA 729),https://theukulelesite.com/oli-spruce-flame-maple-tenor-l2-tsfm-v3-mandala-729-1-1.html,8aAE1qNmvUQ,youtube,b85f2e8e35c96ab8be4f41120eaf5371,
,,True,,645,'OLI REDWOOD ROSEWOOD LE BARITONE (L2-BRR RED GINGER 645),https://theukulelesite.com/oli-redwood-rosewood-le-baritone-l2-brr-red-ginger-645-1.html,rwmW680HZCM,youtube,60f0fe4b1b348e1742ef3f136049ee42,
,,,,,,,2473t_wtxdA,youtube,2caa354928d99a914d217925663bc57e,
,,,1595,316,'OLI KOA BARITONE (L2-BK LOULU 316),https://theukulelesite.com/oli-koa-baritone-l2-bk-loulu-316.html,rHJJgb8pbIo,youtube,2caa354928d99a914d217925663bc57e,
,,,1795,669,'OLI KOA BARITONE (L2-BK UHI 669),https://theukulelesite.com/oli-koa-baritone-l2-bk-uhi-669.html,5iUYOEsfexE,youtube,2caa354928d99a914d217925663bc57e,
,,,1795,665,'OLI KOA BARITONE (L2-BK UHI 665),https://theukulelesite.com/oli-koa-baritone-l2-bk-uhi-665.html,oJ_ZjJ7I0-M,youtube,2caa354928d99a914d217925663bc57e,
,,,1795,325,'OLI KOA BARITONE (L2-BK UHI 325),https://theukulelesite.com/oli-koa-baritone-l2-bk-uhi-325-1.html,OwlUDJLhAKI,youtube,2caa354928d99a914d217925663bc57e,
,,True,1495,745,'OLI REDWOOD ROSEWOOD LE CONCERT (L2-CRR RED GINGER 745),https://theukulelesite.com/oli-redwood-rosewood-le-concert-l2-crr-red-ginger-745-1.html,bQGOMwoxgsY,youtube,44074362b13b92bd47d05a049bbb31d4,
,,,695,1055,'OLI ACACIA CONCERT SATIN (2025 L1-CAS 1055),https://theukulelesite.com/oli-acacia-concert-satin-l1-cas-1055-1-1.html,n0sEYxxe7y0,youtube,5376b7232c2785e2e734d41bd03d85c5,
,,True,,609,'OLI REDWOOD ROSEWOOD LE BARITONE (L2-BRR RED GINGER 609),https://theukulelesite.com/oli-redwood-rosewood-le-baritone-l2-brr-red-ginger-609-1.html,-ShR62NaQ5M,youtube,60f0fe4b1b348e1742ef3f136049ee42,
,,,1695,1102,'OLI SPRUCE ROSEWOOD BARITONE (L2-BSR 1102),https://theukulelesite.com/oli-2025-spruce-rosewood-baritone-l2-bsr-1102.html,Bcng08Q5kOo,youtube,526040d6688242ad5f09d78da8cb79b5,
,,,,,,,jyQJnSxNgh0,youtube,c995f24d9615e629c60862e26d16a40a,
,,True,2195,,'OLI REDWOOD HAWAIIAN MILO LE CONCERT (L3-CRMI HOALA MILO #1),https://theukulelesite.com/oli-redwood-hawaiian-milo-le-concert-l3-crmi-hoala-milo-1.html,j9jPvXrlJAc,youtube,70bf01d5f49cd9a921ded1505488017e,
Plumeria,,True,1995,1033,'OLI SPRUCE ROSEWOOD TENOR LE (L3-TSR PLUMERIA 1033),https://theukulelesite.com/oli-spruce-rosewood-tenor-le-l3-tsr-plumeria-1.html,oSym4KiyAHc,youtube,a1570c21d8008c50cf08dede3ead4101,
,,,795,963,'OLI ACACIA TENOR SATIN (2025 L1-TAS 963),https://theukulelesite.com/oli-acacia-tenor-2025-l1-ta-944.html,qIKqcWcqiIg,youtube,fcb713921b4569f63a7e432c905b9921,
,,,695,919,'OLI MANGO CONCERT SATIN (2025 L1-CMGS 919),https://theukulelesite.com/oli-mango-concert-satin-2025-l1-cmgs-919.html,z4wReLDOiTc,youtube,16ec607c29a73fcde3a34d488ca3ee78,
,,,1595,1038,'OLI MANGO BARITONE (2025 L2-BMG 1038),https://theukulelesite.com/oli-mango-baritone-2025-l2-bmg-1038.html,zTu__bpOOkA,youtube,6c3bbc40618711d4c968ccc0b716d915,
light burst stain,,,1695,1071,'OLI SPRUCE FLAME MAPLE BARITONE (L2-BSFM-LB MANDALA 1071),https://theukulelesite.com/oli-spruce-flame-maple-baritone-l2-bsfm-lb-mandala-1071.html,DAscxwat_Vc,youtube,c4e7bf6581c3d36fa92ac9960460ff9a,
light burst stain,,,1395,1047,'OLI LIGHT BURST QUILTED MAPLE CONCERT (L2-CQM-LB 1047),https://theukulelesite.com/oli-light-burst-quilted-maple-concert-l2-cqm-lb-1047.html,-3SRZE38g20,youtube,242ab9665421ed8c59bdac2c827396b8,
,,True,1495,733,'OLI MYRTLE LE BARITONE (L2-BMR RED GINGER 733),https://theukulelesite.com/oli-myrtle-le-baritone-l2-bmr-red-ginger-733-1-1.html,yuMy6CSvF28,youtube,3c69053a6802acf0f0e7ee6afdc9a0a1,
,,True,1595,684,'OLI TORREFIED SPRUCE MYRTLE LE BARITONE (L2-BTSMR RED GINGER 684),https://theukulelesite.com/oli-torrefied-spruce-myrtle-le-baritone-l2-btsmr-red-ginger-684.html,cU0AnCPEduk,youtube,65fe219400a9223f7f614e9f49814fde,
,,True,1295,596,'OLI MANGO TENOR (L2-TMGS-LE 596),https://theukulelesite.com/oli-mango-tenor-l2-tmgs-le-596.html,2dHY0K1Wpaw,youtube,a57a55746af9e7446b85389a58fae18f,
,,,,,,,kGD-EnRr8D8,youtube,eaf601835c4e88e2335134c078f2b99f,
,,,1295,799,'OLI SPRUCE ROSEWOOD CONCERT (L2-CSR 799),https://theukulelesite.com/oli-spruce-rosewood-concert-l2-csr-799.html,zRlBU3vS-C8,youtube,b7d9c989577080aa515f79ed3c41af41,
stained brown,,,1595,798,'OLI SPRUCE FLAME MAPLE BARITONE (L2-BSFM-BR MANDALA 798),https://theukulelesite.com/oli-spruce-flame-maple-baritone-l2-bsfm-mandala-798.html,LcPSAmOU_dw,youtube,63b2c7eca9f6a484e8cbcc3519e474ba,
,,True,,650,'OLI REDWOOD ROSEWOOD LE BARITONE (L2-BRR RED GINGER 650),https://theukulelesite.com/oli-redwood-rosewood-le-baritone-l2-brr-red-ginger-650-1.html,nMw6YZwnGus,youtube,60f0fe4b1b348e1742ef3f136049ee42,
,,,1695,862,'OLI SPRUCE EBONY BARITONE (L2-BSE V3 862),https://theukulelesite.com/oli-spruce-ebony-baritone-l2-bse-v3-862-3.html,9NUeYBhX9dU,youtube,0cf52b6a781c9c0e05b557b8028dec9a,
,,True,1795,689,'OLI TORREFIED SPRUCE MYRTLE LE BARITONE (L2-BTSMR RED GINGER 689),https://theukulelesite.com/oli-torrefied-spruce-myrtle-le-baritone-l2-btsmr-red-ginger-689-1.html,6m6V7lV8yg4,youtube,65fe219400a9223f7f614e9f49814fde,
,,True,1595,667,'OLI TORREFIED SPRUCE MYRTLE LE TENOR (L2-TTSMR RED GINGER 667),https://theukulelesite.com/oli-torrefied-spruce-myrtle-le-tenor-l2-ttsmr-red-ginger-667.html,fVixLG6ObvY,youtube,72330ee944ad6d6fbcbcb011c887ef25,
,,True,,608,'OLI REDWOOD ROSEWOOD LE BARITONE (L2-BRR RED GINGER 608),https://theukulelesite.com/oli-redwood-rosewood-le-baritone-l2-brr-red-ginger-608-1.html,QxFFVUr9EqQ,youtube,60f0fe4b1b348e1742ef3f136049ee42,
,,,,,,,ajZLMd6mnp0,youtube,2caa354928d99a914d217925663bc57e,
,,,1495,1096,'OLI CEDAR ROSEWOOD CONCERT (2025 L2-CCR 1096),https://theukulelesite.com/oli-cedar-rosewood-concert-2025-l2-ccr-1096.html,fg3aNABfiZ4,youtube,e2140da924a91c131b7311d7573c8a4f,
,,True,1295,599,'OLI MANGO TENOR (L2-TMGS-LE 599),https://theukulelesite.com/oli-mango-tenor-l2-tmgs-le-599-1.html,hj1rKNd9Qi4,youtube,a57a55746af9e7446b85389a58fae18f,
,,,1495,208,'OLI SPRUCE ROSEWOOD BARITONE (L2-BSR MACAW FLOWER 208),https://theukulelesite.com/oli-spruce-rosewood-baritone-l2-bsr-macaw-flower-208.html,2QbE-g2aYnA,youtube,526040d6688242ad5f09d78da8cb79b5,
,,True,1795,1202,'OLI PORT ORFORD CEDAR CLARO WALNUT LE BARITONE (L2-BCPW DIAMOND HEAD MOON 1202),https://theukulelesite.com/shop-by/brand/oli/oli-port-orford-cedar-claro-walnut-le-baritone-l2-bcpw-diamond-head-moon-1202.html,7trxU1gHqiU,youtube,51f07633b1071eb337998e95f34a9f5d,
,,True,1895,1177,'OLI CURLY REDWOOD HAWAIIAN (CUBAN) MAHOGANY LE BARITONE (L2-BRCM 1177),https://theukulelesite.com/shop-by/oli-curly-redwood-hawaiian-cuban-mahogany-le-baritone-l2-brcm-1177.html,7sp8cCNh6Rs,youtube,23d370de133ba6f31f87bd2e016f19e0,
,,True,1495,1165,'OLI TORREFIED SPRUCE RED ROSEWOOD LE TENOR (X2-TTSRR 1165),https://theukulelesite.com/shop-by/brand/oli/oli-torrefied-spruce-red-rosewood-le-tenor-x2-ttsrr-1165.html,5opERUz7YWM,youtube,de41d2b863972c1da3b4d06e474b7ac3,
,"url and video has 1161, listing has 1168",True,1495,1168,'OLI CEDAR BW ROSEWOOD LE TENOR (X2-TCR-BW 1168),https://theukulelesite.com/shop-by/brand/oli/oli-cedar-bw-rosewood-le-tenor-x2-tcr-bw-1161.html,n3hy_VOpQc0,youtube,de301caeb1e44f4d82ee44a1a62b5b6c,
,,True,1595,1194,'OLI PORT ORFORD CEDAR MYRTLE LE TENOR (L2-TCPMR DIAMOND HEAD MOON 1194),https://theukulelesite.com/shop-by/brand/oli/oli-port-orford-cedar-myrtle-le-tenor-l2-tcpmr-diamond-head-moon-1194.html,oiHEZKaN8ik,youtube,e88bae318252db2eb1cc04e350a92b58,
,,True,1995,1272,'OLI PORT ORFORD CEDAR HAWAIIAN MILO LE TENOR (L3-TCPML HOALA MILO 1272),https://theukulelesite.com/shop-by/brand/oli/oli-port-orford-cedar-hawaiian-milo-le-tenor-l3-tcpml-hoala-milo-1272.html,nPwQCLnVzXA,youtube,b3115f8c44a14b0cfd7f707e8bb82582,
,,True,1995,1266,'OLI SPRUCE HAWAIIAN MILO LE TENOR (L3-TSML HOALA MILO 1266),https://theukulelesite.com/shop-by/brand/oli/oli-spruce-hawaiian-milo-le-tenor-l3-tsml-hoala-milo-1266.html,sGCvfH3n-jE,youtube,f38992bbcf758f50e7d2ae88cf7f2b60,
,,True,1495,1264,'OLI MYRTLE TENOR (L2-TMR LE 1264),https://theukulelesite.com/shop-by/brand/oli/oli-myrtle-tenor-l2-tmr-le-1264.html,hbqVG8Z0oe0,youtube,12e68b91b0448e836d3fae18bf697643,
,GOAA Pickup,,1795,1263,'OLI MYRTLE TENOR W GOAA PICKUP INSTALLED (L2-TMR-EG 1263),https://theukulelesite.com/shop-by/brand/oli/oli-myrtle-tenor-w-goaa-pickup-installed-l2-tmr-eg-1263.html,zRfaN-XZgVE,youtube,12e68b91b0448e836d3fae18bf697643,
,,True,1595,1144,'OLI CEDAR BW ROSEWOOD LE BARITONE (X2-BCR-BW 1144),https://theukulelesite.com/shop-by/brand/oli/oli-cedar-bw-rosewood-le-baritone-x2-bcr-bw-1144.html,PTMO6cWPf9o,youtube,bc96a03960d1a57345e060be1d6d02ba,
,,True,2095,1271,'OLI CURLY REDWOOD HAWAIIAN MILO LE TENOR (L3-TRML HOALA MILO 1271),https://theukulelesite.com/shop-by/price/999-and-up/oli-curly-redwood-hawaiian-milo-le-tenor-l3-trml-hoala-milo-1271.html,WArzRddPDZ8,youtube,7092f00e29aed5716fa9a60691ce3b95,
,,True,2095,1290,'OLI CURLY REDWOOD HAWAIIAN MILO LE TENOR (L3-TRML HOALA MILO 1290),https://theukulelesite.com/shop-by/brand/oli/oli-curly-redwood-hawaiian-milo-le-tenor-l3-trml-hoala-milo-1290.html,eLa250snUmE,youtube,7092f00e29aed5716fa9a60691ce3b95,
,,,495,1085,'OLI MAHOGANY CONCERT SATIN (L-CM-S 1085),https://theukulelesite.com/shop-by/brand/oli/oli-mahogany-concert-satin-l-cm-s-1085.html,lpPQExQbSZI,youtube,9795df51583d2bd745af73e19a592d75,
,,,565,1095,'OLI MAHOGANY TENOR SATIN (L-TM-S 1095),https://theukulelesite.com/shop-by/brand/oli/oli-mahogany-tenor-satin-l-tm-s-1095.html,Nj-WvhE59Ek,youtube,31d64514ebc2e309194254b1a1d9c39c,
,,,625,1079,'OLI SATIN MAHOGANY BARITONE (L-BM-S 1079),https://theukulelesite.com/oli-satin-mahogany-baritone-l-bm-s-1079.html,NXrSovQvnTE,youtube,9bb65d7fa4fb5627f072aa59982b055d,
,,,1795,1190,'OLI KOA MACASSAR EBONY TENOR (L2-TKE 1190),https://theukulelesite.com/shop-by/brand/oli/oli-koa-macassar-ebony-tenor-l2-tke-1190.html,NYBejTZgJfw,youtube,94e234bfa7dd7b05a8e933f619c02275,
blue stain,,,1495,1155,'OLI OCEAN BLUE QUILTED MAPLE CONCERT (L2-CQM-BL 1155),https://theukulelesite.com/shop-by/brand/oli/oli-ocean-blue-quilted-maple-concert-l2-cqm-bl-1155.html,ff7o3eSwELE,youtube,f2a12f3ffff00fd151fc6d00ef05c63f,
,,True,1595,1109,'OLI TORREFIED SPRUCE RED ROSEWOOD LE BARITONE (X2-BTSRR 1109),https://theukulelesite.com/shop-by/brand/oli/oli-torrefied-spruce-red-rosewood-le-baritone-x2-btsrr-1109.html,UEpCcA2lKCk,youtube,ff1c12258987f17b3636b7b1691973c4,
,,,1595,1191,'OLI PORT ORFORD CEDAR MACASSAR EBONY TENOR (L2-TCPE 1191),https://theukulelesite.com/shop-by/brand/oli/oli-port-orford-cedar-macassar-ebony-tenor-l2-tcpe-1191.html,G39M_m04f6U,youtube,1e045e2914ed2dd3d02fcaf476e86b65,
,,True,1595,1193,'OLI TORREFIED SPRUCE HAWAIIAN CUBAN MAHOGANY LE TENOR (L2-TTSCM 1193),https://theukulelesite.com/shop-by/brand/oli/oli-torrefied-spruce-hawaiian-mahogany-le-tenor-l2-ttscm-1193.html,vdwfXQ1iuIY,youtube,81a4a9bd371c2da50766b138816f35f6,
Plumeria,,True,2095,1178,'OLI SPRUCE ROSEWOOD BARITONE LE (L3-BSR PLUMERIA 1178),https://theukulelesite.com/shop-by/brand/oli/oli-spruce-rosewood-baritone-le-l3-bsr-plumeria-1178.html,U2jX0nAFijk,youtube,159da182bae863f010c59d4faf8cf012,
sunburst stain,,True,1595,1174,'OLI REDWOOD HAWAIIAN (CUBAN) MAHOGANY LE BARITONE (L2-BRCM 1174),https://theukulelesite.com/shop-by/brand/oli/oli-redwood-hawaiian-cuban-mahogany-le-baritone-l2-brcm-1174.html,m8q112Vr7Js,youtube,c9abf0e78b2e22df810e09029d3cfb0c,
sunburst stain,,,1495,1188,'OLI FLAME MAPLE TENOR SUNBURST (L2-TFM 1188),https://theukulelesite.com/shop-by/brand/oli/oli-flame-maple-tenor-sunburst-l2-tfm-1188.html,ur06v3xohPA,youtube,52971bcedb3ea24d29908631eb46e5d2,
,,True,1695,1173,'OLI TORREFIED SPRUCE HAWAIIAN (CUBAN) MAHOGANY LE BARITONE (L2-BTSCM 1173),https://theukulelesite.com/shop-by/brand/oli/oli-torrefied-spruce-hawaiian-cuban-mahogany-le-baritone-l2-btscm-1173.html,LJ2USq9lVpI,youtube,13e11a86f7d2456640e5d32d190c1211,
Plumeria,,,1795,1227,'OLI SPRUCE ROSEWOOD LIMITED EDITION CONCERT (L3-CSR PLUMERIA 1227),https://theukulelesite.com/shop-by/brand/oli/oli-spruce-rosewood-limited-edition-concert-l3-csr-plumeria-1227.html,bB_ODMYkRiE,youtube,08f7503777a911210772052ed7b67a47,
,"Cutaway, 18"", 15 frets to the body",,1695,1284,"'OLI SPRUCE ROSEWOOD 18"" SCALE TENOR CUTAWAY (L2-TSR-LC 1284)",https://theukulelesite.com/shop-by/brand/oli/oli-spruce-rosewood-18-scale-tenor-cutaway-l2-tsr-lc-1284.html,I5TRhtZMNJI,youtube,e05f94bf02c9a8464555d88bcc7f8b92,
,,True,1395,1180,'OLI TIGER MYRTLE CONCERT (L2-CMR LE 1180),https://theukulelesite.com/shop-by/brand/oli/oli-tiger-myrtle-concert-l2-cmr-le-1180.html,N22bG_jN8NY,youtube,cb1b2cd62cb91d059b34df2d7b714d13,
,,True,2095,1289,'OLI REDWOOD HAWAIIAN MILO LE TENOR (L3-TRML HOALA MILO 1289),https://theukulelesite.com/shop-by/brand/oli/oli-redwood-hawaiian-milo-le-tenor-l3-trml-hoala-milo-1289.html,6uik2UVNWAw,youtube,457419df78089d1d0f75118b92aefcec,
,,True,2095,1276,'OLI TORREFIED SPRUCE HAWAIIAN MILO LE TENOR (L3-TTSML HOALA MILO 1276),https://theukulelesite.com/shop-by/brand/oli/oli-torrefied-spruce-hawaiian-milo-le-tenor-l3-ttsml-hoala-milo-1276.html,-22L3lJxneI,youtube,a9090b674957b93b3fe767990df84e10,
,,True,1795,1207,'OLI REDWOOD CLARO WALNUT LE BARITONE (L2-BRW DIAMOND HEAD MOON 1207),https://theukulelesite.com/shop-by/oli-redwood-claro-walnut-le-baritone-l2-brw-diamond-head-moon-1207.html,WCd0fltpEsc,youtube,8cce3a234ea4b21c2492b7c031fd15b0,
,,True,2095,1250,'OLI SPRUCE MACASSAR EBONY LE TENOR (L3-TSE-H HONEYCOMB 1250),https://theukulelesite.com/shop-by/brand/oli/oli-spruce-macassar-ebony-le-tenor-l3-tse-h-honeycomb-1250.html,GeyEMyXhCoI,youtube,d457c2592f1c85ab438958743e477d17,
,,True,1395,1230,'OLI PORT ORFORD CEDAR CLARO WALNUT LE CONCERT (L2-CCPW DIAMOND HEAD MOON 1230),https://theukulelesite.com/shop-by/brand/oli/oli-port-orford-cedar-claro-walnut-le-concert-l2-ccpw-diamond-head-moon-1230.html,bCuTF73J678,youtube,d08d66b339293ad8bc90651f14715bfd,
black stain,,,1095,1117,'OLI MANGO TENOR (L1SP-TMG-BK 1117),https://theukulelesite.com/shop-by/brand/oli/oli-mango-tenor-l1sp-tmg-bk-1118.html,YNPbOKeQnvY,youtube,c917221477c2f9bca7842bed7bc0d5fb,
,,True,2195,1217,'OLI SPRUCE MACASSAR EBONY LE BARITONE (L3-BSE-H HONEYCOMB 1217),https://theukulelesite.com/shop-by/brand/oli/oli-spruce-macassar-ebony-le-baritone-l3-bse-h-honeycomb-1217.html,89w0P-9jhAI,youtube,9cca0fca394e65f4c4e939991ebea260,
pineapple,,,895,1138,'OLI MANGO PINEAPPLE TENOR (L1-TPMG 1138),https://theukulelesite.com/shop-by/brand/oli/oli-mango-pineapple-tenor-l1-tpmg-1138.html,qYeqrVREuWo,youtube,ff953f84f5953fdd7cf206c2c8163ddc,
,,True,1995,1247,'OLI SPRUCE ROSEWOOD TENOR LE (L3-TSR PLUMERIA 1247),https://theukulelesite.com/shop-by/brand/oli/oli-spruce-rosewood-tenor-le-l3-tsr-plumeria-1247-1.html,WeC-fgs9Gcc,youtube,a1570c21d8008c50cf08dede3ead4101,
,,True,1995,1237,'OLI CEDAR MACASSAR EBONY LE CONCERT (L3-CCE-H HONEYCOMB 1237),https://theukulelesite.com/shop-by/brand/oli/oli-cedar-macassar-ebony-le-concert-l3-cce-h-honeycomb-1237.html,Rbm3qh-z8jU,youtube,b3f8e2888a01f353370c5525f3449ea7,
,,True,1995,1186,'OLI SPRUCE MACASSAR EBONY LE CONCERT (L3-CSE-H HONEYCOMB 1186),https://theukulelesite.com/shop-by/brand/oli/oli-spruce-macassar-ebony-le-concert-l3-cse-h-honeycomb-1186.html,7PABqyB1Ef8,youtube,db5b2d304c8dfb2686e42956b1ea109d,
,,True,2295,1241,'OLI REDWOOD HAWAIIAN MILO LE BARITONE (L3-BRML HOALA MILO 1241),https://theukulelesite.com/shop-by/brand/oli/oli-redwood-hawaiian-milo-le-baritone-l3-brml-hoala-milo-1241.html,GbhISyq_xl4,youtube,f632a62ad3ca4a54516348423be433c9,
,,True,1695,1200,'OLI MYRTLE LE BARITONE (L2-BMR RED GINGER 1200),https://theukulelesite.com/shop-by/brand/oli/oli-myrtle-le-baritone-l2-bmr-red-ginger-1200.html,ODUFkjCwndg,youtube,3c69053a6802acf0f0e7ee6afdc9a0a1,
black stain,,,1195,1129,'OLI MANGO BARITONE (L1SP-BMG-BK 1129),https://theukulelesite.com/shop-by/brand/oli/oli-mango-baritone-l1sp-bmg-bk-1129.html,__RoMIAxDwk,youtube,19b96804fd83db91be0039c3f4479c24,
,,True,1995,1275,'OLI TORREFIED SPRUCE HAWAIIAN MILO LE TENOR (L3-TTSML HOALA MILO 1275),https://theukulelesite.com/oli-torrefied-spruce-hawaiian-milo-le-tenor-l3-ttsml-hoala-milo-1275.html,lUTWoQr7iUg,youtube,a9090b674957b93b3fe767990df84e10,
grafted walnut,,True,1595,1225,'OLI CURLY REDWOOD GRAFTED WALNUT CONCERT (L2-CRW LE DIAMOND HEAD MOON 1225),https://theukulelesite.com/shop-by/brand/oli/oli-curly-redwood-walnut-concert-l2-crw-le-1225.html,fF1euBWryAs,youtube,5b8ed0398802a3cfaafc4a8d1cd6fdc1,
,,True,1495,1142,'OLI CEDAR BW ROSEWOOD SATIN LE BARITONE (X2-BCR-BW-S 1142),https://theukulelesite.com/oli-cedar-bw-rosewood-le-baritone-x2-bcr-bw-s-1142.html,NoGTiNc-hAM,youtube,e928545a8874c75ad52d73da3f19d815,
,,,,,,,U_atB4KSaY8,youtube,2ef1844df4541a750ee6fcf471f0b507,
,,,1595,844,'OLI QUILTED MAPLE BARITONE (L2-BQM 844),https://theukulelesite.com/shop-by/brand/oli/oli-quilted-maple-baritone-l2-bqm-844.html,-8DAEx3BU8g,youtube,fd4a7417f00d0d5b93a2a722132c34db,
Honeycomb,,True,2095,1282,'OLI TORREFIED SPRUCE MACASSAR EBONY LE TENOR (L3-TTSE-H HONEYCOMB 1282),https://theukulelesite.com/shop-by/brand/oli/oli-torrefied-spruce-ebony-le-tenor-l3-ttse-h-honeycomb-1282.html,03s7LIKWPLA,youtube,ea6b2bb1d18a1c3e0d1b2f22b5d7daae,
sunburst stain,,,1495,1195,'OLI SPRUCE FLAME MAPLE TENOR (L2-TSFM-SB MANDALA 1195),https://theukulelesite.com/shop-by/brand/oli/oli-spruce-flame-maple-tenor-l2-tsfm-sb-mandala-1195.html,UUx6OsEMIOw,youtube,3819ed495d2e485c5b57755e11e7e6cc,
,,True,1495,1259,'OLI SPRUCE HAWAIIAN CUBAN MAHOGANY LE CONCERT (L2-CSCM LE 1259),https://theukulelesite.com/shop-by/brand/oli/oli-spruce-hawaiian-cuban-mahogany-le-concert-l2-cscm-le-1259.html,ukWr4wZxRFU,youtube,9fe55e6025250f0a4bdd4f70f706f0d1,
,discount for blemish,True,1395,1192,'OLI TORREFIED SPRUCE HAWAIIAN CUBAN MAHOGANY LE TENOR (L2-TTSCM 1192),https://theukulelesite.com/shop-by/brand/oli/oli-torrefied-spruce-hawaiian-cuban-mahogany-le-tenor-l2-ttscm-1192.html,Kt1OVTbG_Kg,youtube,81a4a9bd371c2da50766b138816f35f6,
,,True,1795,1205,'OLI PORT ORFORD CEDAR MYRTLE LE BARITONE (L2-BCPMR DIAMOND HEAD MOON 1205),https://theukulelesite.com/shop-by/brand/oli/oli-port-orford-cedar-myrtle-le-baritone-l2-bcpmr-diamond-head-moon-1205.html,vZgdz3o2vHw,youtube,e6c084174d11668f3c8a3d10ed3c368a,
,,True,1595,1126,'OLI TORREFIED SPRUCE RED ROSEWOOD LE BARITONE (X2-BTSRR 1126),https://theukulelesite.com/shop-by/brand/oli/oli-torrefied-spruce-red-rosewood-le-baritone-x2-btsrr-1126.html,m6gPM74A0QI,youtube,ff1c12258987f17b3636b7b1691973c4,
,,True,2145,1291,'OLI CURLY REDWOOD HAWAIIAN MILO LE TENOR (L3-TRML HOALA MILO 1291),https://theukulelesite.com/oli-curly-redwood-hawaiian-milo-le-tenor-l3-trml-hoala-milo-1291-1.html,dQb-524e3qg,youtube,7092f00e29aed5716fa9a60691ce3b95,
,,True,1795,1261,'OLI CEDAR HAWAIIAN MILO LE CONCERT (L3-CCML HOALA MILO 1261),https://theukulelesite.com/shop-by/brand/oli/oli-cedar-hawaiian-milo-le-concert-l3-ccml-hoala-milo-1261-1-1.html,0casrVyWKKE,youtube,e859c63b211277eafb6c1bbc47c4325f,
,,,1545,1064,'OLI SPRUCE ROSEWOOD TENOR (2025 L2-TSR 1064),https://theukulelesite.com/oli-spruce-rosewood-tenor-2025-l2-tsr-1064.html,zQWpzlqbl_M,youtube,1410927d9f372a85da1a2fd8a6b34f62,
,,,1545,1065,'OLI CEDAR ROSEWOOD TENOR (2025 L2-TCR 1065),https://theukulelesite.com/oli-cedar-rosewood-tenor-2025-l2-tcr-1065.html,Y_73dHX0NNA,youtube,66b21194c5b418d37216b603a4c202e3,
,,,1445,1069,'OLI SPRUCE ROSEWOOD CONCERT (2025 L2-CSR 1069),https://theukulelesite.com/oli-spruce-rosewood-concert-2025-l2-csr-1069.html,sTDGGnz6CXM,youtube,b7d9c989577080aa515f79ed3c41af41,
,,,,,,,8EV-3ifGQQA,youtube,a49b2edb0236b74f38ef8962e4e66f10,
,,True,1495,832,'OLI REDWOOD ROSEWOOD LE CONCERT (L2-CRR RED GINGER 832),https://theukulelesite.com/shop-by/brand/oli/oli-redwood-rosewood-le-concert-l2-crr-red-ginger-832.html,7fNk5YvFyy0,youtube,8b90515cee6190837dc3166df65ebad4,
Honeycomb,,True,1795,1236,'OLI CEDAR MACASSAR EBONY LE CONCERT (L3-CCE-H-S HONEYCOMB SATIN 1236),https://theukulelesite.com/shop-by/brand/oli/oli-cedar-macassar-ebony-le-concert-l3-cce-h-s-honeycomb-1236.html,hxbyi25-sk0,youtube,268156aafac9f513a9730dc5eb5237b2,
"Honeycomb, Sunburst stain",,True,1995,1254,'OLI CEDAR MACASSAR EBONY LE CONCERT (L3-CCE-H-SB HONEYCOMB 1254),https://theukulelesite.com/shop-by/brand/oli/oli-cedar-macassar-ebony-le-concert-l3-cce-h-sb-honeycomb-1254.html,CHvJ5M-IWn8,youtube,5f047ff3b8e7f9228c6dd24e398e722b,
,,True,1495,1267,'OLI CEDAR HAWAIIAN CUBAN MAHOGANY CONCERT (L2-CCCM LE 1267),https://theukulelesite.com/shop-by/brand/oli/oli-cedar-hawaiian-cuban-mahogany-concert-l2-cccm-le-1267.html,2fglkjvNKLU,youtube,b14750fcec0221606f92c81c47a17f16,
,,True,1595,1127,'OLI TORREFIED SPRUCE RED ROSEWOOD LE BARITONE (X2-BTSRR 1127),https://theukulelesite.com/shop-by/brand/oli/oli-torrefied-spruce-red-rosewood-le-baritone-x2-btsrr-1127.html,4qNDoaI5w20,youtube,ff1c12258987f17b3636b7b1691973c4,
,,,1595,1196,'OLI PORT ORFORD CEDAR MACASSAR EBONY TENOR (L2-TCPE 1196),https://theukulelesite.com/oli-port-orford-cedar-macassar-ebony-tenor-l2-tcpe-1196.html,IZzmmRcxLfI,youtube,1e045e2914ed2dd3d02fcaf476e86b65,
,,,565,1471,'OLI MANGO TENOR SATIN (L-TMG-S 1471),https://theukulelesite.com/shop-by/brand/oli/oli-mango-tenor-satin-l-tmg-s-1471.html,-a8Htsage2c,youtube,6c14c9c5696328b841f10044df954c12,
,,,495,1521,'OLI MANGO CONCERT SATIN (L-CMG-S 1521),https://theukulelesite.com/shop-by/brand/oli/oli-mango-concert-satin-l-cmg-s-1521.html,2xi4DMxrXak,youtube,8682089b15cfd5eda098eceac71761c5,
,,,625,1308,'OLI SATIN MANGO BARITONE (L-BMG-S 1308),https://theukulelesite.com/shop-by/brand/oli/oli-satin-mango-baritone-l-bmg-s-1308.html,lGxw2Dy_Eqc,youtube,07707a4f6118ac0e433e34f9376ab00c,
,,,495,1519,'OLI ACACIA CONCERT SATIN (L-CA-S 1519),https://theukulelesite.com/shop-by/brand/oli/oli-acacia-concert-satin-l-ca-s-1519.html,wnyE1tXdQ10,youtube,8b40a97ce6a3a985911ae8f4e128c7fb,
,,,565,1473,'OLI ACACIA TENOR SATIN (L-TA-S 1473),https://theukulelesite.com/shop-by/brand/oli/oli-acacia-tenor-satin-l-ta-s-1473.html,Vs5t3ISGJoM,youtube,de005ead9236e33d028ba8b3a102798d,
,,,625,1459,'OLI SATIN ACACIA BARITONE (L-BA-S 1459),https://theukulelesite.com/shop-by/brand/oli/oli-satin-acacia-baritone-l-ba-s-1459.html,QQP9af-1LKk,youtube,78cacb1f6b51ad816d878621d0e74fce,
,,,1545,1483,'OLI CEDAR ROSEWOOD TENOR (NEW L2-TCR 1483),https://theukulelesite.com/oli-cedar-rosewood-tenor-new-l2-tcr-1483.html,KGmCxXLAF-k,youtube,66b21194c5b418d37216b603a4c202e3,
,,,1695,1500,'OLI NEW CEDAR ROSEWOOD BARITONE (L2-BCR 1500),https://theukulelesite.com/shop-by/oli-cedar-rosewood-baritone-l2-bcr-1500.html,e9aPUGPfy6k,youtube,c995f24d9615e629c60862e26d16a40a,
,,,1395,1522,'OLI TENOR PINEAPPLE MANGO (L2-TPMG 1522),https://theukulelesite.com/shop-by/brand/oli/oli-tenor-pineapple-mango-l2-tpmg-1522.html,qTpxK_wzhY8,youtube,b5b6553912d77dcee2c5e70d3a27a586,
,,,1195,1523,'OLI CONCERT PINEAPPLE MANGO (L2-CPMG 1523),https://theukulelesite.com/shop-by/brand/oli/oli-concert-pineapple-mango-l2-cpmg-1523.html,8gKlq1m6dQ8,youtube,00ed8885ebfd7a4add22f0cef11076e3,
,,,1395,1480,'OLI TORREFIED SPRUCE ACACIA TENOR (MONSTERA L2-TTSA 1480),https://theukulelesite.com/shop-by/brand/oli/oli-torrefied-spruce-acacia-tenor-monstera-l2-ttsa-1480.html,eUGEsySF4Lw,youtube,949e2dee45ffe23104c804cde941d209,
,,,1495,1486,'OLI MANGO TENOR (L2-TMG 1486),https://theukulelesite.com/oli-mango-tenor-l2-tmg-1486.html,BwNkbyMHzpQ,youtube,f8e2f0955694a60036f37491c15bcca4,
,,,1595,1505,'OLI MANGO BARITONE (L2-BMG 1505),https://theukulelesite.com/oli-mango-baritone-l2-bmg-1505.html,Iqeia3_o6Vc,youtube,6c3bbc40618711d4c968ccc0b716d915,
,,,895,1437,'OLI MAHOGANY TENOR (X1-TMH-S 1437),https://theukulelesite.com/shop-by/brand/oli/oli-mahogany-tenor-x1-tmh-s-1437.html,ThOI0LKaPbA,youtube,cc7bfb523a64d49dafbc407f02c6e974,
monstera,,,1495,1498,'OLI TORREFIED SPRUCE ACACIA MONSTERA BARITONE (L2-BTSA 1498),https://theukulelesite.com/shop-by/oli-torrefied-spruce-acacia-monstera-baritone-l2-btsa-1498-1.html,qbWx32Utyd8,youtube,d84036817182db051c0aa0d92ca63c45,
vintage burst stain,,,1095,1317,'OLI SPRUCE WARU VINTAGE BURST TENOR (L1SP-TSWA-VB 1317),https://theukulelesite.com/shop-by/brand/oli/oli-spruce-waru-vintage-burst-tenor-l1sp-tswa-vb-1317.html,bWtYd3jsuNs,youtube,fe0eda79c3f03d79e8c0756ecc55e77e,
,,,1095,1398,'OLI SPRUCE WARU VINTAGE BURST TENOR (L1SP-TSWA-VB 1398),https://theukulelesite.com/shop-by/brand/oli/oli-spruce-waru-vintage-burst-tenor-l1sp-tswa-vb-1398.html,bWtYd3jsuNs,youtube,fe0eda79c3f03d79e8c0756ecc55e77e,
,,,,,,,CiRh5FccAIc,youtube,b896dea775786969dd6a0305484d3e8b,
,,,,,,,pVLOXLcSs_4,youtube,526040d6688242ad5f09d78da8cb79b5,
,,,995,1444,'OLI MAHOGANY BARITONE (X1-BMH-S 1444),https://theukulelesite.com/oli-mahogany-baritone-x1-bmh-s-1444.html,HQfblnbmgRI,youtube,b6406730e563b38e24f7e95b798b2ee1,
monstera,,,1295,1509,'OLI TORREFIED SPRUCE ACACIA MONSTERA CONCERT (L2-CTSA 1509),https://theukulelesite.com/shop-by/brand/oli/oli-torrefied-spruce-acacia-monstera-concert-l2-ctsa-1509.html,3AuOVsytXXg,youtube,9cc32425e478b50ced802edcd3a94f5e,
vintage burst stain,,,1195,1403,'OLI SPRUCE WARU VINTAGE BURST BARITONE (L1SP-BSWA 1403),https://theukulelesite.com/shop-by/brand/oli/oli-spruce-waru-vintage-burst-baritone-l1sp-bswa-1403.html,9Zn7TWt7QIY,youtube,6ab70a72183a0dd5ce44604f88ac78a6,
,,,795,1421,'OLI MAHOGANY CONCERT (X1-CMH-S 1421),https://theukulelesite.com/shop-by/brand/oli/oli-mahogany-concert-x1-cmh-s-1421.html,2gVLJCw8dMU,youtube,0c4bbc96c481d886b92ae9335cbac92e,
grafted walnut,,True,1795,1204,'OLI REDWOOD CLARO WALNUT LE BARITONE (L2-BRW DIAMOND HEAD MOON 1204),https://theukulelesite.com/shop-by/brand/oli/oli-redwood-claro-walnut-le-baritone-l2-brw-diamond-head-moon-1204.html,mGwUgVKQs_k,youtube,8cce3a234ea4b21c2492b7c031fd15b0,
,,True,2095,1279,'OLI CURLY REDWOOD HAWAIIAN MILO LE TENOR (L3-TRML HOALA MILO 1279),https://theukulelesite.com/shop-by/brand/oli/oli-curly-redwood-hawaiian-milo-le-tenor-l3-trml-hoala-milo-1279.html,95lhu10_THM,youtube,7092f00e29aed5716fa9a60691ce3b95,
,,,,1560,'OLI PINK INCENSE CEDAR ROSEWOOD TENOR LE (L2-TCIR-P PLUMERIA 1560),https://theukulelesite.com/shop-by/brand/oli/oli-pink-incense-cedar-rosewood-tenor-le-l2-tcir-p-plumeria-1560.html,A2KHntVWIQA,youtube,2ea7e0edcf90ca4568263d2c5c590a7a,
,,,,1564,'OLI PINK INCENSE CEDAR ROSEWOOD TENOR LE (L2-TCIR-P PLUMERIA 1564),https://theukulelesite.com/shop-by/brand/oli/oli-pink-incense-cedar-rosewood-tenor-le-l2-tcir-p-plumeria-1564.html,A2KHntVWIQA,youtube,2ea7e0edcf90ca4568263d2c5c590a7a,
,,,,1593,'OLI PINK INCENSE CEDAR ROSEWOOD BARITONE LE (L3-BCIR-P PLUMERIA 1593),https://theukulelesite.com/shop-by/brand/oli/oli-pink-incense-cedar-rosewood-baritone-le-l3-bcir-p-plumeria-1593.html,xTVH-canCVo,youtube,bedeca78160f32fc0bb67359d30209b1,
,,,,1555,'OLI MYRTLE TENOR (L2-TMR LE 1555),https://theukulelesite.com/shop-by/brand/oli/oli-myrtle-tenor-l2-tmr-le-1555.html,037scxWrmu4,youtube,736db2f2588da8e9dbe7cb980c7d1c1c,
,,,,1554,'OLI MYRTLE TENOR (L2-TMR LE 1554),https://theukulelesite.com/shop-by/brand/oli/oli-myrtle-tenor-l2-tmr-le-1554.html,037scxWrmu4,youtube,736db2f2588da8e9dbe7cb980c7d1c1c,
,,,,1569,'OLI TIGER MYRTLE TENOR (L2-TMR LE 1569),https://theukulelesite.com/shop-by/brand/oli/oli-tiger-myrtle-tenor-l2-tmr-le-1569.html,sd3nrJOD-Pk,youtube,4e2e8ac61083c99fb505e03bb7f3db6f,
,,,,1600,'OLI PORT ORFORD CEDAR CURLY MYRTLE LE BARITONE (L2-BCPMR 1600),https://theukulelesite.com/shop-by/brand/oli/oli-port-orford-cedar-curly-myrtle-le-baritone-l2-bcpmr-1600.html,_B6sHsCgvTE,youtube,449a8ab443ee7c51ea24ebec328590ec,
light burst stain,,,,1576,'OLI SPRUCE FLAME MAPLE LIGHT BURST TENOR (L2-TSFM-LB 1576),https://theukulelesite.com/shop-by/brand/oli/oli-spruce-flame-maple-light-burst-tenor-l2-tsfm-lb-1576.html,mM3A6ZAbijM,youtube,2393f818fa260e5e1c48e6ea2793e9cf,
,,,,1563,'OLI SITKA SPRUCE MYRTLE TENOR (L1SP-TSKMR 1563),https://theukulelesite.com/shop-by/brand/oli/oli-sitka-spruce-myrtle-tenor-l1sp-tskmr-1563.html,E15bbTv257c,youtube,32d02407c3939b8481d7466c51db1d2b,
,,,,1540,'OLI MYRTLE TENOR GLOSS (L1-TMR 1540),https://theukulelesite.com/shop-by/brand/oli/oli-myrtle-tenor-gloss-l1-tmr-1540.html,Ky1eEG5qC6Y,youtube,8b1edaa8b4661c8b4563448478d72621,
,,,,1606,'OLI SINKER REDWOOD CLARO WALNUT LE BARITONE (L2-BRW 1606),https://theukulelesite.com/shop-by/brand/oli/oli-sinker-redwood-claro-walnut-le-baritone-l2-brw-1606.html,fCSFtzogbMQ,youtube,8cce3a234ea4b21c2492b7c031fd15b0,
,,,,1547,'OLI PORT ORFORD CEDAR TIGER MYRTLE LE TENOR (L2-TCPMR 1547),https://theukulelesite.com/shop-by/brand/oli/oli-port-orford-cedar-tiger-myrtle-le-tenor-l2-tcpmr-1547.html,znyxkeAk-yQ,youtube,e00c1560f6606dacb2f7c2558bb0d485,
,,,,1531,'OLI PORT ORFORD CEDAR MYRTLE LE CONCERT (L2-CCPMR 1531),https://theukulelesite.com/shop-by/brand/oli/oli-port-orford-cedar-myrtle-le-concert-l2-ccpmr-1531.html,x5lwhNQUSvQ,youtube,f3af325baee73c6d1ed9735a45f9c094,
light burst stain,,,,1571,'OLI SPRUCE FLAME MAPLE LIGHT BURST CONCERT (L2-CSFM-LB 1571),https://theukulelesite.com/shop-by/brand/oli/oli-spruce-flame-maple-light-burst-concert-l2-csfm-lb-1571.html,oAyzQjK3UeY,youtube,79b3a250d5e0324f83c7050bce1ac816,
,,,,1536,'OLI CURLY MYRTLE CONCERT (L2-CMR LE 1536),https://theukulelesite.com/shop-by/brand/oli/oli-curly-myrtle-concert-l2-cmr-le-1536.html,T6Qaw6nV-qc,youtube,a0049a32b7bf5da3772385d65c7b5316,
light burst stain,,,,1587,'OLI SPRUCE FLAME MAPLE BARITONE (L2-BSFM-LB 1587),https://theukulelesite.com/shop-by/brand/oli/oli-spruce-flame-maple-baritone-l2-bsfm-lb-1587.html,eJH8yZzbb7M,youtube,c4e7bf6581c3d36fa92ac9960460ff9a,
,,,995,1443,'OLI MAHOGANY BARITONE (X1-BMH-S 1443),https://theukulelesite.com/shop-by/brand/oli/oli-mahogany-baritone-x1-bmh-s-1443.html,HQfblnbmgRI,youtube,b6406730e563b38e24f7e95b798b2ee1,
sunburst stain,,,1645,716,'OLI SPRUCE QUILTED MAPLE BARITONE (L2-BSQM-SB MANDALA 716),https://theukulelesite.com/shop-by/oli-spruce-quilted-maple-baritone-l2-bsqm-sb-mandala-716.html,-QxAxACwwPI,youtube,0df2ce36f4669c08f2a6b5ef127d5c60,
,,True,2095,1278,'OLI REDWOOD HAWAIIAN MILO LE TENOR (L3-TRML HOALA MILO 1278),https://theukulelesite.com/shop-by/brand/oli/oli-redwood-hawaiian-milo-le-tenor-l3-trml-hoala-milo-1278.html,6uik2UVNWAw,youtube,457419df78089d1d0f75118b92aefcec,
,,True,1345,736,'OLI CEDAR WALNUT LE CONCERT (L2-CCW RED GINGER 736),https://theukulelesite.com/shop-by/brand/oli/oli-cedar-walnut-le-concert-l2-ccw-red-ginger-736.html,7CBLztOz62E,youtube,13ffbcdee9bfe311f067e9bf0e07e5ba,
,,True,1795,1211,'OLI PORT ORFORD CEDAR CLARO WALNUT LE BARITONE (L2-BCPW DIAMOND HEAD MOON 1211),https://theukulelesite.com/shop-by/brand/oli/oli-port-orford-cedar-claro-walnut-le-baritone-l2-bcpw-diamond-head-moon-1211.html,7trxU1gHqiU,youtube,51f07633b1071eb337998e95f34a9f5d,
,,,1995,326,'OLI KOA BARITONE (L2-BK UHI 326),https://theukulelesite.com/shop-by/brand/oli/oli-koa-baritone-l2-bk-uhi-326-1.html,Chp2cwjW1v0,youtube,2caa354928d99a914d217925663bc57e,
blue stain,,,1745,1154,'OLI QUILTED MAPLE OCEAN BLUE BARITONE (L2-BQM-BL 1154),https://theukulelesite.com/shop-by/brand/oli/oli-quilted-maple-ocean-blue-baritone-l2-bqm-bl-1154.html,dAzkjR_Jsnc,youtube,dcb6532e31db1f879fe938328052b37d,
,,,1595,1196,'OLI PORT ORFORD CEDAR MACASSAR EBONY TENOR (L2-TCPE 1196),https://theukulelesite.com/shop-by/brand/oli/oli-port-orford-cedar-macassar-ebony-tenor-l2-tcpe-1196.html,IZzmmRcxLfI,youtube,1e045e2914ed2dd3d02fcaf476e86b65,
,,True,1795,610,'OLI REDWOOD ROSEWOOD LE BARITONE (L2-BRR RED GINGER 610),https://theukulelesite.com/shop-by/brand/oli/oli-redwood-rosewood-le-baritone-l2-brr-red-ginger-610.html,kw116fM159g,youtube,60f0fe4b1b348e1742ef3f136049ee42,
,,True,1495,1169,'OLI CEDAR BW ROSEWOOD LE TENOR (X2-TCR-BW 1169),https://theukulelesite.com/shop-by/brand/oli/oli-cedar-bw-rosewood-le-tenor-x2-tcr-bw-1169.html,n3hy_VOpQc0,youtube,de301caeb1e44f4d82ee44a1a62b5b6c,
,,,565,1091,'OLI MAHOGANY TENOR SATIN (L-TM-S 1091),https://theukulelesite.com/shop-by/brand/oli/oli-mahogany-tenor-satin-l-tm-s-1091.html,Nj-WvhE59Ek,youtube,31d64514ebc2e309194254b1a1d9c39c,
,,True,1695,1201,'OLI MYRTLE LE BARITONE (L2-BMR RED GINGER 1201),https://theukulelesite.com/shop-by/brand/oli/oli-myrtle-le-baritone-l2-bmr-red-ginger-1201.html,ODUFkjCwndg,youtube,3c69053a6802acf0f0e7ee6afdc9a0a1,
,,True,1595,1189,'OLI PORT ORFORD CEDAR MYRTLE LE TENOR (L2-TCPMR DIAMOND HEAD MOON 1189),https://theukulelesite.com/shop-by/brand/oli/oli-port-orford-cedar-myrtle-le-tenor-l2-tcpmr-diamond-head-moon-1189.html,oiHEZKaN8ik,youtube,e88bae318252db2eb1cc04e350a92b58,
,,True,1595,1141,'OLI CEDAR BW ROSEWOOD LE BARITONE (X2-BCR-BW 1141),https://theukulelesite.com/shop-by/brand/oli/oli-cedar-bw-rosewood-le-baritone-x2-bcr-bw-1141-1.html,PTMO6cWPf9o,youtube,bc96a03960d1a57345e060be1d6d02ba,
,,True,1595,1145,'OLI CEDAR BW ROSEWOOD LE BARITONE (X2-BCR-BW 1145),https://theukulelesite.com/shop-by/brand/oli/oli-cedar-bw-rosewood-le-baritone-x2-bcr-bw-1145-1.html,PTMO6cWPf9o,youtube,bc96a03960d1a57345e060be1d6d02ba,
,,,1595,870,'OLI CEDAR ROSEWOOD BARITONE (L2-BCR V3 870),https://theukulelesite.com/shop-by/brand/oli/oli-cedar-rosewood-baritone-l2-bcr-v3-870.html,qgPeQYPmIdY,youtube,c995f24d9615e629c60862e26d16a40a,
pineapple,,,895,1123,'OLI MANGO PINEAPPLE TENOR (L1-TPMG 1123),https://theukulelesite.com/shop-by/brand/oli/oli-mango-pineapple-tenor-l1-tpmg-1123.html,qYeqrVREuWo,youtube,ff953f84f5953fdd7cf206c2c8163ddc,
,,,695,1429,'OLI MAHOGANY SOPRANO (X1-SMH-S 1429),https://theukulelesite.com/oli-mahogany-soprano-x-smh-s-1429-1.html,TygkMqVWevU,youtube,c47061a1004bcc3dd219c568a388eae3,
,,,695,1428,'OLI MAHOGANY SOPRANO (X1-SMH-S 1428),https://theukulelesite.com/shop-by/brand/oli/oli-mahogany-soprano-x1-smh-s-1428.html,TygkMqVWevU,youtube,c47061a1004bcc3dd219c568a388eae3,
black stain,,,1095,1119,'OLI MANGO TENOR (L1SP-TMG-BK 1119),https://theukulelesite.com/shop-by/brand/oli/oli-mango-tenor-l1sp-tmg-bk-1119.html,YNPbOKeQnvY,youtube,c917221477c2f9bca7842bed7bc0d5fb,
,,True,2095,1288,'OLI REDWOOD HAWAIIAN MILO LE TENOR (L3-TRML HOALA MILO 1288),https://theukulelesite.com/shop-by/brand/oli/oli-redwood-hawaiian-milo-le-tenor-l3-trml-hoala-milo-1288.html,6uik2UVNWAw,youtube,7092f00e29aed5716fa9a60691ce3b95,
,,True,1795,654,'OLI REDWOOD ROSEWOOD LE BARITONE (L2-BRR RED GINGER 654),https://theukulelesite.com/shop-by/brand/oli/oli-redwood-rosewood-le-baritone-l2-brr-red-ginger-654.html,kw116fM159g,youtube,60f0fe4b1b348e1742ef3f136049ee42,
,,,625,1077,'OLI SATIN MAHOGANY BARITONE (L-BM-S 1077),https://theukulelesite.com/shop-by/brand/oli/oli-satin-mahogany-baritone-l-bm-s-1077.html,NXrSovQvnTE,youtube,9bb65d7fa4fb5627f072aa59982b055d,
,,,1395,720,'OLI SPRUCE FLAME MAPLE TENOR (L2-TSFM-V3 MANDALA 720),https://theukulelesite.com/shop-by/brand/oli/oli-spruce-flame-maple-tenor-l2-tsfm-v3-mandala-720.html,8aAE1qNmvUQ,youtube,b85f2e8e35c96ab8be4f41120eaf5371,
Honeycomb,,True,2195,1215,'OLI SPRUCE MACASSAR EBONY LE BARITONE (L3-BSE-H HONEYCOMB 1215),https://theukulelesite.com/shop-by/brand/oli/oli-spruce-macassar-ebony-le-baritone-l3-bse-h-honeycomb-1215-1.html,89w0P-9jhAI,youtube,925ad50bb25e23740c556213db6ba049,
,,True,2095,1251,OLI SPRUCE MACASSAR EBONY LE TENOR (L3-TSE-H HONEYCOMB 1251),https://theukulelesite.com/shop-by/brand/oli/oli-spruce-macassar-ebony-le-tenor-l3-tse-h-honeycomb-1251-1.html,GeyEMyXhCoI,youtube,d457c2592f1c85ab438958743e477d17,
,,True,2095,1281,'OLI SPRUCE MACASSAR EBONY LE TENOR (L3-TSE-H HONEYCOMB 1281),https://theukulelesite.com/shop-by/brand/oli/oli-spruce-macassar-ebony-le-tenor-l3-tse-h-honeycomb-1281.html,GeyEMyXhCoI,youtube,d457c2592f1c85ab438958743e477d17,
,,True,1995,1242,'OLI SPRUCE ROSEWOOD TENOR LE (L3-TSR PLUMERIA 1242),https://theukulelesite.com/shop-by/brand/oli/oli-spruce-rosewood-tenor-le-l3-tsr-plumeria-1242.html,WeC-fgs9Gcc,youtube,a1570c21d8008c50cf08dede3ead4101,
,,True,1995,1248,'OLI SPRUCE ROSEWOOD TENOR LE (L3-TSR PLUMERIA 1248),https://theukulelesite.com/shop-by/brand/oli/oli-spruce-rosewood-tenor-le-l3-tsr-plumeria-1248-1.html,WeC-fgs9Gcc,youtube,a1570c21d8008c50cf08dede3ead4101,
,,True,1595,1198,'OLI TORREFIED SPRUCE HAWAIIAN CUBAN MAHOGANY LE TENOR (L2-TTSCM 1198),https://theukulelesite.com/shop-by/brand/oli/oli-torrefied-spruce-hawaiian-mahogany-le-tenor-l2-ttscm-1198.html,vdwfXQ1iuIY,youtube,81a4a9bd371c2da50766b138816f35f6,
,,True,1495,1157,'OLI TORREFIED SPRUCE RED ROSEWOOD LE TENOR (X2-TTSRR 1157),https://theukulelesite.com/shop-by/brand/oli/oli-torrefied-spruce-red-rosewood-le-tenor-x2-ttsrr-1157.html,5opERUz7YWM,youtube,de41d2b863972c1da3b4d06e474b7ac3,
,,True,1495,1159,'OLI TORREFIED SPRUCE RED ROSEWOOD LE TENOR (X2-TTSRR 1159),https://theukulelesite.com/shop-by/brand/oli/oli-torrefied-spruce-red-rosewood-le-tenor-x2-ttsrr-1159.html,5opERUz7YWM,youtube,de41d2b863972c1da3b4d06e474b7ac3,
,,True,1495,1163,'OLI TORREFIED SPRUCE RED ROSEWOOD LE TENOR (X2-TTSRR 1163),https://theukulelesite.com/shop-by/brand/oli/oli-torrefied-spruce-red-rosewood-le-tenor-x2-ttsrr-1163.html,5opERUz7YWM,youtube,de41d2b863972c1da3b4d06e474b7ac3,
,,True,1595,1103,'OLI TORREFIED SPRUCE B&W ROSEWOOD LE BARITONE (X2-BTSR-BW),https://theukulelesite.com/shop-by/brand/oli/oli-torrefied-spruce-rosewood-le-baritone-x2-btsr-bw-1103.html,UEpCcA2lKCk,youtube,c1f4cd0986af47337067f16add01c77f,
,,True,1595,1104,'OLI TORREFIED SPRUCE B&W ROSEWOOD LE BARITONE (X2-BTSR-BW 1104),https://theukulelesite.com/shop-by/brand/oli/oli-torrefied-spruce-rosewood-le-baritone-x2-btsr-bw-1104.html,UEpCcA2lKCk,youtube,c1f4cd0986af47337067f16add01c77f,
,,True,1595,1106,'OLI TORREFIED SPRUCE B&W ROSEWOOD LE BARITONE (X2-BTSR-BW 1106),https://theukulelesite.com/shop-by/brand/oli/oli-torrefied-spruce-rosewood-le-baritone-x2-btsr-bw-1106-1-1.html,UEpCcA2lKCk,youtube,c1f4cd0986af47337067f16add01c77f,
,,,1195,1525,'OLI CONCERT PINEAPPLE MANGO (L2-CPMG 1525),https://theukulelesite.com/shop-by/brand/oli/oli-concert-pineapple-mango-l2-cpmg-1525.html,8gKlq1m6dQ8,youtube,00ed8885ebfd7a4add22f0cef11076e3,
vintage burst stain,,,1195,1408,'OLI SPRUCE WARU VINTAGE BURST BARITONE (L1SP-BSWA 1408),https://theukulelesite.com/shop-by/brand/oli/oli-spruce-waru-vintage-burst-baritone-l1sp-bswa-1408.html,9Zn7TWt7QIY,youtube,6ab70a72183a0dd5ce44604f88ac78a6,
,,,995,1440,'OLI MAHOGANY BARITONE (X1-BMH-S 1440),https://theukulelesite.com/shop-by/brand/oli/oli-mahogany-baritone-x1-bmh-s-1440.html,HQfblnbmgRI,youtube,b6406730e563b38e24f7e95b798b2ee1,
,,True,1595,1133,'OLI TORREFIED SPRUCE RED ROSEWOOD LE BARITONE (X2-BTSRR 1133),https://theukulelesite.com/shop-by/brand/oli/oli-torrefied-spruce-red-rosewood-le-baritone-x2-btsrr-1133.html,UEpCcA2lKCk,youtube,ff1c12258987f17b3636b7b1691973c4,
,,,695,1430,'OLI MAHOGANY SOPRANO (X1-SMH-S 1430),https://theukulelesite.com/shop-by/brand/oli/oli-mahogany-soprano-x1-smh-s-1430.html,TygkMqVWevU,youtube,c47061a1004bcc3dd219c568a388eae3,
,,,,1185,'OLI SPRUCE MACASSAR EBONY LE CONCERT (L3-CSE-H HONEYCOMB 1185),https://theukulelesite.com/shop-by/brand/oli/oli-spruce-macassar-ebony-le-concert-l3-cse-h-honeycomb-1185.html,7PABqyB1Ef8,youtube,b9f09085ae56331c73ba9eff7922ffc0,
Plumeria,,True,,1234,'OLI SPRUCE ROSEWOOD LIMITED EDITION CONCERT (L3-CSR PLUMERIA 1234),https://theukulelesite.com/shop-by/brand/oli/oli-spruce-rosewood-limited-edition-concert-l3-csr-plumeria-1234.html,bB_ODMYkRiE,youtube,08f7503777a911210772052ed7b67a47,
,,True,,1208,'OLI PORT ORFORD CEDAR MYRTLE LE BARITONE (L2-BCPMR DIAMOND HEAD MOON 1208),https://theukulelesite.com/shop-by/brand/oli/oli-port-orford-cedar-myrtle-le-baritone-l2-bcpmr-diamond-head-moon-1208.html,vZgdz3o2vHw,youtube,e6c084174d11668f3c8a3d10ed3c368a,
,,,995,911,'OLI MANGO BARITONE 2025 (L1-BMG 911),https://theukulelesite.com/shop-by/brand/oli/oli-mango-baritone-2025-l1-bmg-911.html,Ry0bnxqiv1o,youtube,db2298b147c5c1066be8c97bc196827b,
,,,1595,772,'OLI SPRUCE FLAME MAPLE BARITONE (L2-BSFM MANDALA 772),https://theukulelesite.com/oli-spruce-flame-maple-baritone-l2-bsfm-mandala-772-2.html,NGXdS8PQ31g,youtube,1badcd2414f039cad96f2e00bd19bb27,
,,,1595,858,'OLI CEDAR ROSEWOOD BARITONE (L2-BCR V3 858),https://theukulelesite.com/oli-cedar-rosewood-baritone-l2-bcr-v3-858.html,rVt1EjNZg_k,youtube,c995f24d9615e629c60862e26d16a40a,
,,,1095,782,'OLI CEDAR ACACIA TENOR (L2-TCA 782),https://theukulelesite.com/oli-cedar-acacia-tenor-l2-tca-782.html,LvcZOHceJ-I,youtube,eaf601835c4e88e2335134c078f2b99f,
,,,1095,785,'OLI CEDAR ACACIA TENOR (L2-TCA 785),https://theukulelesite.com/shop-by/brand/oli/oli-cedar-acacia-tenor-l2-tca-785.html,LvcZOHceJ-I,youtube,eaf601835c4e88e2335134c078f2b99f,
,,,,,,,Yk98tlUrQwM,youtube,d835a5c7eff63a3a5870410320af695f,
,,,1995,145,'OLI KOA TENOR (L2-TK UHI 145),https://theukulelesite.com/oli-koa-tenor-l2-tk-uhi-145.html,BHOxKauk_zE,youtube,22aeeda2b798731649f39a1bb17f29f5,
,,True,1495,1233,'OLI TORREFIED SPRUCE SPECIAL ROSEWOOD LE TENOR (X2-TTSR-BW 1233),https://theukulelesite.com/shop-by/brand/oli/oli-torrefied-spruce-rosewood-le-tenor-x2-ttsr-bw-1233.html,P8VVzPNT978,youtube,d517f5c48ea3d719f563af7380957f96,
,,,995,987,'OLI ACACIA BARITONE (2025 L1-BA 987),https://theukulelesite.com/oli-acacia-baritone-2025-l1-ba-987-1.html,2wHlvrXPM8g,youtube,33b453fae09ae2a8feac8a143075440c,
,,,,,,,qPlYt7yBKVk,youtube,85b2a4ea6cedb77fb98bb7f83e928651,
,,,795,984,'OLI ACACIA CONCERT GLOSS (2025 L1-CA 984),https://theukulelesite.com/oli-acacia-concert-2025-l1-ca-984.html,pmVWEjyFa2U,youtube,6d7a65ba29a8dd1b944d4e1dc8d9d312,
,,,,,,,dKotBrEFZgA,youtube,e7f77f0de6c5b2776f61cd708a66127d,
,,True,,,,,1090692172,vimeo,fb086c5a7cae318e3031d62c7f0cc0ca,
,,True,1895,1257,'OLI CURLY REDWOOD HAWAIIAN MILO LE CONCERT (L3-CRMI HOALA MILO 1257),https://theukulelesite.com/shop-by/oli-l3-crmi-hoala-milo-1257.html,1090692649,vimeo,0cf30ef814fa4b9820ebc1dc50b615a8,
,,True,1795,1261,'OLI CEDAR HAWAIIAN MILO LE CONCERT (L3-CCML HOALA MILO 1261),https://theukulelesite.com/shop-by/size/oli-cedar-hawaiian-milo-le-concert-l3-ccml-hoala-milo-1261-1-1.html,1090692456,vimeo,e859c63b211277eafb6c1bbc47c4325f,
