position,video_title,published_at,video_id,video_thumbnail,id,name,tier,type,size,top_wood,back_wood,finish,other,date,new,price,url,new_model,model,new_model_wood,model_wood,temp,match
1,'Oli L1 MGBG Mango Baritone,2024-01-30T08:53:06Z,uBJy6pgpNIU,https://i.ytimg.com/vi/uBJy6pgpNIU/default.jpg,1.0,L1 MGBG Mango Baritone,L1,BMG,Baritone,Mango,Mango,gloss,,,new,895,https://theukulelesite.com/oli-mango-baritone-l1-bmg-810.html,True,L1-BMG,True,L1-MG,L1 MGBG Mango Baritone,True
2,"O.C. Bear Custom Lahaina Guitar & ‘Oli Cedar Ebony Tenor ""Everything I do I Do It For You""",2024-02-01T06:44:56Z,aFgun3_F1fQ,https://i.ytimg.com/vi/aFgun3_F1fQ/default.jpg,,,,,,,,,,,,,,,,,,"O.C. Bear Custom Lahaina Guitar & ‘Oli Cedar Ebony Tenor ""Everything I do I Do It For You""",False
3,'Oli L2 TCE Cedar Macassar Ebony Tenor,2024-02-01T06:46:48Z,mSw_GV9LxOM,https://i.ytimg.com/vi/mSw_GV9LxOM/default.jpg,3.0,L2 TCE Cedar Macassar Ebony Tenor,L2,TCE,Tenor,Cedar,Macassar Ebony ,gloss,,,new,"1,495",https://theukulelesite.com/oli-cedar-macassar-ebony-tenor-l2-tce-g-0023.html,True,L2-TCE,True,L2-CE,L2 TCE Cedar Macassar Ebony Tenor,True
4,'Oli Cedar Macassar L2 Baritone,2024-02-28T22:39:41Z,uDCKmlLujrs,https://i.ytimg.com/vi/uDCKmlLujrs/default.jpg,4.0,Cedar Macassar L2 Baritone,L2,BCE,Baritone,Cedar,Macassar Ebony ,gloss,,,new,"1,845",https://theukulelesite.com/oli-cedar-ebony-baritone-l2-bce-hanging-heliconia-195.html,True,L2-BCE,,L2-CE,Cedar Macassar L2 Baritone,True
5,'Oli Spruce Rosewood L2 Baritone,2024-02-28T22:44:55Z,TkO2YRW2vQE,https://i.ytimg.com/vi/TkO2YRW2vQE/default.jpg,5.0,Spruce Rosewood L2 Baritone,L2,BSR,Baritone,Spruce,Rosewood,gloss,,,new,"1,695",https://theukulelesite.com/oli-spruce-rosewood-baritone-l2-bsr-macaw-flower-0205.html,True,L2-BSR,True,L2-SR,Spruce Rosewood L2 Baritone,True
6,'Oli L1 Mango Baritone Satin,2024-02-29T11:36:28Z,khwhxdSi-mY,https://i.ytimg.com/vi/khwhxdSi-mY/default.jpg,6.0,L1 Mango Baritone Satin,L1,BMGS,Baritone,Mango,Mango,satin,,,new,845,https://theukulelesite.com/oli-mango-baritone-satin-l1-bmgs-254.html,True,L1-BMGS,True,L1-MGS,L1 Mango Baritone Satin,True
7,'Oli L2 Cedar Acacia Satin,2024-03-02T20:26:47Z,u5KrGSLuAXc,https://i.ytimg.com/vi/u5KrGSLuAXc/default.jpg,7.0,L2 Cedar Acacia Satin,L2,TCAS,Tenor,Cedar,Acacia,satin,,,new,"1,145",https://theukulelesite.com/oli-cedar-acacia-satin-tenor-monstera-l2-tcas-545.html,True,L2-TCAS,True,L2-CAS,L2 Cedar Acacia Satin,True
8,'Oli L2 Cedar Acacia Tenor,2024-03-02T20:27:22Z,WL27LBQ945s,https://i.ytimg.com/vi/WL27LBQ945s/default.jpg,8.0,L2 Cedar Acacia Tenor,L2,TCA,Tenor,Cedar,Acacia,gloss,,,new,"1,095",https://theukulelesite.com/oli-cedar-acacia-tenor-l2-tca-782.html,True,L2-TCA,True,L2-CA,L2 Cedar Acacia Tenor,True
9,'Oli L1 Acacia Tenor,2024-03-02T20:27:51Z,y_PTYfaS2tM,https://i.ytimg.com/vi/y_PTYfaS2tM/default.jpg,9.0,L1 Acacia Tenor,L1,TA,Tenor,Acacia,Acacia,gloss,,,new,795,https://theukulelesite.com/oli-acacia-tenor-l1-ta-50-1.html,True,L1-TA,True,L1-A,L1 Acacia Tenor,True
10,'Oli L1 Mango Tenor Satin,2024-03-02T20:28:25Z,Soq6E4n5itM,https://i.ytimg.com/vi/Soq6E4n5itM/default.jpg,10.0,L1 Mango Tenor Satin,L1,TMGS,Tenor,Mango,Mango,satin,,,new,745,https://theukulelesite.com/oli-mango-tenor-satin-l1-tmgs-86-1.html,True,L1-TMGS,,L1-MGS,L1 Mango Tenor Satin,True
11,'Oli L1 Mango Tenor,2024-03-02T20:28:53Z,Rs3343kcjXk,https://i.ytimg.com/vi/Rs3343kcjXk/default.jpg,11.0,L1 Mango Tenor,L1,TMG,Tenor,Mango,Mango,gloss,,,new,795,https://theukulelesite.com/oli-mango-tenor-l1-tmg-v2-637.html,True,L1-TMG,,L1-MG,L1 Mango Tenor,True
12,'Oli L1 Acacia Baritone,2024-03-03T20:08:35Z,Lb8ybMXLMIc,https://i.ytimg.com/vi/Lb8ybMXLMIc/default.jpg,12.0,L1 Acacia Baritone,L1,BA,Baritone,Acacia,Acacia,gloss,,,new,895.00,https://theukulelesite.com/oli-acacia-baritone-l1-ba-225-2.html,True,L1-BA,,L1-A,L1 Acacia Baritone,True
13,'Oli L1 Acacia Baritone Satin,2024-03-03T20:10:35Z,nIXapx821eY,https://i.ytimg.com/vi/nIXapx821eY/default.jpg,13.0,L1 Acacia Baritone Satin,L1,BAS,Baritone,Acacia,Acacia,satin,,,new,795,https://theukulelesite.com/shop-by/brand/oli/oli-acacia-baritone-satin-l1-bas-223-1.html,True,L1-BAS,True,L1-AS,L1 Acacia Baritone Satin,True
14,'Oli L1 Mango Tenor,2024-03-04T23:55:55Z,XByuCDF8o0w,https://i.ytimg.com/vi/XByuCDF8o0w/default.jpg,14.0,L1 Mango Tenor,L1,TMG,Tenor,Mango,Mango,gloss,,,,,,,L1-TMG,,L1-MG,L1 Mango Tenor,True
15,'Oli L1 Mango Tenor Satin,2024-03-05T01:36:39Z,loV_awbwQUw,https://i.ytimg.com/vi/loV_awbwQUw/default.jpg,15.0,L1 Mango Tenor Satin,L1,TMGS,Tenor,Mango,Mango,satin,,,,,,,L1-TMGS,,L1-MGS,L1 Mango Tenor Satin,True
16,'Oli L2 Mango Baritone,2024-03-06T17:11:01Z,s1FzFA5sE6s,https://i.ytimg.com/vi/s1FzFA5sE6s/default.jpg,16.0,L2 Mango Baritone,L2,BMG,Baritone,Mango,Mango,gloss,,,new,"1,595",https://theukulelesite.com/shop-by/brand/oli/oli-mango-baritone-l2-bmg-434.html,True,L2-BMG,True,L2-MG,L2 Mango Baritone,True
17,'Oli L2 Mango Tenor,2024-03-06T17:11:37Z,7-ng4od9E60,https://i.ytimg.com/vi/7-ng4od9E60/default.jpg,17.0,L2 Mango Tenor,L2,TMG,Tenor,Mango,Mango,gloss,,,new,"1,395",https://theukulelesite.com/oli-mango-tenor-l2-tmg-0005-1.html,True,L2-TMG,,L2-MG,L2 Mango Tenor,True
18,"'Oli Koa Tenor ""Loulu"" 0146",2024-03-06T21:45:35Z,mvHvi-3nnu4,https://i.ytimg.com/vi/mvHvi-3nnu4/default.jpg,18.0,"Koa Tenor ""Loulu"" 0146",L2,TK,Tenor,Koa,Koa,gloss,,,new,"1,995",https://theukulelesite.com/oli-koa-tenor-l2-tk-loulu-146.html,True,L2-TK,True,L2-K,"Koa Tenor ""Loulu"" 0146",True
19,"'Oli Koa Tenor ""Uhi"" 0076",2024-03-06T21:48:22Z,tldcsOZN74A,https://i.ytimg.com/vi/tldcsOZN74A/default.jpg,19.0,"Koa Tenor ""Uhi"" 0076",L2,TK,Tenor,Koa,Koa,gloss,,,,,,,L2-TK,,L2-K,"Koa Tenor ""Uhi"" 0076",True
20,"'Oli Koa Tenor ""Loulu"" 0117",2024-03-06T22:17:34Z,SGuTHydddz8,https://i.ytimg.com/vi/SGuTHydddz8/default.jpg,20.0,"Koa Tenor ""Loulu"" 0117",L2,TK,Tenor,Koa,Koa,gloss,,,,,,,L2-TK,,L2-K,"Koa Tenor ""Loulu"" 0117",True
21,'Oli Koa Tenor Uhi 0147,2024-03-06T22:19:31Z,HVqXU0gfEyY,https://i.ytimg.com/vi/HVqXU0gfEyY/default.jpg,21.0,Koa Tenor Uhi 0147,L2,TK,Tenor,Koa,Koa,gloss,,,,,,,L2-TK,,L2-K,Koa Tenor Uhi 0147,True
22,"'Oli Koa Tenor ""Loulu"" 150 w High G",2024-03-06T23:58:51Z,90WJ5B2io90,https://i.ytimg.com/vi/90WJ5B2io90/default.jpg,22.0,"Koa Tenor ""Loulu"" 150 w High G",L2,TK,Tenor,Koa,Koa,gloss,,,,,,,L2-TK,,L2-K,"Koa Tenor ""Loulu"" 150 w High G",True
23,Layla on 'Oli Spruce Ebony Baritone & Tenor,2024-03-07T03:56:38Z,WQv9c-SODW4,https://i.ytimg.com/vi/WQv9c-SODW4/default.jpg,,,,,,,,,,,,,,,,,,Layla on Spruce Ebony Baritone & Tenor,False
24,'Oli L2 Spruce Ebony Baritone,2024-03-07T04:08:45Z,R5cMlwokGlg,https://i.ytimg.com/vi/R5cMlwokGlg/default.jpg,24.0,L2 Spruce Ebony Baritone,L2,BSE,Baritone,Spruce,Macassar Ebony ,gloss,,,new,"1,795",https://theukulelesite.com/oli-spruce-ebony-baritone-l2-bse-v2-heliconia-428-1.html,True,L2-BSE,True,L2-SE,L2 Spruce Ebony Baritone,True
25,'Oli L2 Spruce Top Ebony Tenor,2024-03-07T04:21:42Z,VrNGaAiNwE4,https://i.ytimg.com/vi/VrNGaAiNwE4/default.jpg,25.0,L2 Spruce Top Ebony Tenor,L2,TSE,Tenor,Spruce,Macassar Ebony ,gloss,,,new,"1,445",https://theukulelesite.com/oli-spruce-macassar-ebony-tenor-l2-tse-68.html,True,L2-TSE,,L2-SE,L2 Spruce Top Ebony Tenor,True
26,'Oli Spruce Maple Tenor,2024-03-07T18:10:20Z,xEF2M4HKBRc,https://i.ytimg.com/vi/xEF2M4HKBRc/default.jpg,26.0,Spruce Maple Tenor,L2,TSFM,Tenor,Spruce,Maple,gloss,,,new,"1,395",https://theukulelesite.com/oli-spruce-flame-maple-tenor-l2-tsfm-0125.html,True,L2-TSFM,True,L2-SFM,Spruce Maple Tenor,True
27,'Oli Spruce Quilted Maple Sunburst Tenor,2024-03-07T18:10:48Z,ygsknEQj5NI,https://i.ytimg.com/vi/ygsknEQj5NI/default.jpg,27.0,Spruce Quilted Maple Sunburst Tenor,L2,TSQM ,Tenor,Spruce,Quilted Maple,gloss,,,new,"1,495",https://theukulelesite.com/oli-spruce-quilted-maple-sunburst-tenor-l2-tsqm-139-1.html,True,L2-TSQM ,True,L2-SQM ,Spruce Quilted Maple Sunburst Tenor,True
28,'Oli L1 Concert Mango,2024-03-08T19:43:59Z,SITcQvzucKo,https://i.ytimg.com/vi/SITcQvzucKo/default.jpg,28.0,L1 Concert Mango,L1,CMG,Concert,Mango,Mango,gloss,,,new,795,https://theukulelesite.com/shop-by/brand/oli/oli-mango-concert-l1-cmg-237.html,True,L1-CMG,,L1-MG,L1 Concert Mango,True
29,'Oli L1 Acacia Concert,2024-03-08T19:44:24Z,ZrJQeXvp4HE,https://i.ytimg.com/vi/ZrJQeXvp4HE/default.jpg,29.0,L1 Acacia Concert,L1,CA,Concert,Acacia,Acacia,gloss,,,new,795,https://theukulelesite.com/shop-by/brand/oli/oli-acacia-concert-l1-ca-312.html,True,L1-CA,,L1-A,L1 Acacia Concert,True
30,'Oli Quilted Maple Sunburst Tenor,2024-03-08T20:24:49Z,HNenXmQh9Wg,https://i.ytimg.com/vi/HNenXmQh9Wg/default.jpg,30.0,Quilted Maple Sunburst Tenor,L2,TQM,Tenor,Quilted Maple,Quilted Maple,gloss,,,new,"1,545",https://theukulelesite.com/oli-quilted-maple-sunburst-tenor-l2-tqm-0143.html,True,L2-TQM,True,L2-QM,Quilted Maple Sunburst Tenor,True
31,'Oli L2 Cedar Ebony Tenor,2024-03-09T23:54:05Z,ht5mFeLnanM,https://i.ytimg.com/vi/ht5mFeLnanM/default.jpg,31.0,L2 Cedar Ebony Tenor,L2,TCE,Tenor,Cedar,Macassar Ebony ,gloss,,,,,,,L2-TCE,,L2-CE,L2 Cedar Ebony Tenor,True
32,'Oli L2 Cedar Rosewood Baritone,2024-03-11T04:30:27Z,qgPeQYPmIdY,https://i.ytimg.com/vi/qgPeQYPmIdY/default.jpg,32.0,L2 Cedar Rosewood Baritone,L2,BCR,Baritone,Cedar,Rosewood,gloss,,,new,"1,695",https://theukulelesite.com/shop-by/brand/oli/oli-cedar-rosewood-baritone-l2-bcr-macaw-flower-517.html,True,L2-BCR,True,L2-CR,L2 Cedar Rosewood Baritone,True
33,'Oli L2 Cedar Rosewood Tenor,2024-03-11T19:09:02Z,bAUpLxDCNV8,https://i.ytimg.com/vi/bAUpLxDCNV8/default.jpg,33.0,L2 Cedar Rosewood Tenor,L2,TCR,Tenor,Cedar,Rosewood,gloss,,,new,"1,395",https://theukulelesite.com/oli-cedar-rosewood-tenor-l2-tcr-107.html,True,L2-TCR,,L2-CR,L2 Cedar Rosewood Tenor,True
34,'Oli L2 Flame Maple Tenor,2024-03-11T19:19:07Z,wdNBvGFFY9w,https://i.ytimg.com/vi/wdNBvGFFY9w/default.jpg,34.0,L2 Flame Maple Tenor,L2,TFM,Tenor,Flame Maple,Flame Maple,gloss,,,new,"1,395",https://theukulelesite.com/oli-flame-maple-tenor-l2-tfm-129.html,True,L2-TFM,True,L2-FM,L2 Flame Maple Tenor,True
35,'Oli Spruce Rosewood Tenor,2024-03-12T02:31:08Z,F0hxa4dcVm4,https://i.ytimg.com/vi/F0hxa4dcVm4/default.jpg,35.0,Spruce Rosewood Tenor,L2,TSR,Tenor,Spruce,Rosewood,gloss,,,new,"1,395",https://theukulelesite.com/shop-by/brand/oli/oli-spruce-rosewood-tenor-l2-tsr-463.html,True,L2-TSR,,L2-SR,Spruce Rosewood Tenor,True
36,"'Oli Koa Baritone ""Uhi""",2024-03-14T03:29:36Z,hX22sy42QD8,https://i.ytimg.com/vi/hX22sy42QD8/default.jpg,36.0,"Koa Baritone ""Uhi""",L2,TK,Baritone,Koa,Koa,gloss,,,new,"2,295",https://theukulelesite.com/oli-koa-baritone-l2-bk-uhi-0264.html,,L2-TK,,L2-K,"Koa Baritone ""Uhi""",True
37,'Oli L2 TSE Spruce Ebony Tenor,2024-03-25T02:57:53Z,4kGV1Ba9NGc,https://i.ytimg.com/vi/4kGV1Ba9NGc/default.jpg,37.0,L2 TSE Spruce Ebony Tenor,L2,TSE,Tenor,Spruce,Macassar Ebony ,gloss,,,,,,,L2-TSE,,L2-SE,L2 TSE Spruce Ebony Tenor,True
38,'Oli Cedar Rosewood Tenor L2 TCR,2024-03-25T03:01:26Z,A6ZZwmIQRTw,https://i.ytimg.com/vi/A6ZZwmIQRTw/default.jpg,38.0,Cedar Rosewood Tenor L2 TCR,L2,TCR,Tenor,Cedar,Rosewood,gloss,,,,,,,L2-TCR,,L2-CR,Cedar Rosewood Tenor L2 TCR,True
39,'Oli L2 BCE Cedar Ebony Baritone,2024-03-25T03:05:08Z,K30riOSznUE,https://i.ytimg.com/vi/K30riOSznUE/default.jpg,39.0,L2 BCE Cedar Ebony Baritone,L2,BCE,Baritone,Cedar,Macassar Ebony ,gloss,,,,,,,L2-BCE,,L2-CE,L2 BCE Cedar Ebony Baritone,True
40,"'Oli Acacia Satin tenor & concert ""Moloka'i Sweet Home""",2024-03-31T19:56:30Z,2ZfBl7Z5_HY,https://i.ytimg.com/vi/2ZfBl7Z5_HY/default.jpg,,,,,,,,,,,,,,,,,,"Acacia Satin tenor & concert ""Moloka'i Sweet Home""",False
41,'Oli L1 CAS Satin Acacia Tenor,2024-03-31T19:57:22Z,PCZN5j1CQoM,https://i.ytimg.com/vi/PCZN5j1CQoM/default.jpg,41.0,L1 CAS Satin Acacia Tenor,L1,CAS,Concert,Acacia,Acacia,satin,,,new,745,https://theukulelesite.com/oli-acacia-concert-satin-l1-cas-356.html,True,L1-CAS,,L1-AS,L1 CAS Satin Acacia Tenor,True
42,'Oli L1 TAS  Satin Acacia Tenor,2024-03-31T20:13:37Z,508tEJP_J0w,https://i.ytimg.com/vi/508tEJP_J0w/default.jpg,42.0,L1 TAS Satin Acacia Tenor,L1,TAS,Tenor,Acacia,Acacia,satin,,,new,745,https://theukulelesite.com/oli-acacia-tenor-satin-l1-tas-43.html,True,L1-TAS,,L1-AS,L1 TAS  Satin Acacia Tenor,False
43,'Oli L1 CMGS Satin Mango Concert,2024-03-31T20:27:20Z,GFjqsXCJmkE,https://i.ytimg.com/vi/GFjqsXCJmkE/default.jpg,43.0,L1 CMGS Satin Mango Concert,L1,CMGS,Concert,Mango,Mango,satin,,,new,745,https://theukulelesite.com/shop-by/brand/oli/oli-mango-concert-satin-l1-cmgs-206.html,True,L1-CMGS,,L1-MGS,L1 CMGS Satin Mango Concert,True
44,'Oli Mastergrade Koa Tenor 157,2024-04-04T20:50:55Z,AMrBm7gwL9A,https://i.ytimg.com/vi/AMrBm7gwL9A/default.jpg,44.0,Mastergrade Koa Tenor 157,L2,TK,Tenor,Koa,Koa,gloss,,,,,,,L2-TK,,L2-K,Mastergrade Koa Tenor 157,True
45,'Oli Mastergrade Koa Tenor 115,2024-04-04T20:52:27Z,oBssHayGSkY,https://i.ytimg.com/vi/oBssHayGSkY/default.jpg,45.0,Mastergrade Koa Tenor 115,L2,TK,Tenor,Koa,Koa,gloss,,,,,,,L2-TK,,L2-K,Mastergrade Koa Tenor 115,True
46,Bossa Europa on 'Oli Spruce Rosewood Low G Tenor & Cedar Rosewood High G Tenor,2024-04-08T09:33:53Z,9EBFozk01Vc,https://i.ytimg.com/vi/9EBFozk01Vc/default.jpg,,,,,,,,,,,,,,,,,,Bossa Europa on Spruce Rosewood Low G Tenor & Cedar Rosewood High G Tenor,False
47,'Oli Spruce Rosewood Tenor L2-TSR,2024-04-08T17:58:59Z,B4LUZiLLEfc,https://i.ytimg.com/vi/B4LUZiLLEfc/default.jpg,47.0,Spruce Rosewood Tenor L2-TSR,L2,TSR,Tenor,Spruce,Rosewood,gloss,,,,,,,L2-TSR,,L2-SR,Spruce Rosewood Tenor L2-TSR,True
48,'Oli Cedar Rosewood Tenor w High G,2024-04-10T23:25:04Z,kIgjZQwzU_Q,https://i.ytimg.com/vi/kIgjZQwzU_Q/default.jpg,48.0,Cedar Rosewood Tenor w High G,L2,TCR,Tenor,Cedar,Rosewood,gloss,,,,,,,L2-TCR,,L2-CR,Cedar Rosewood Tenor w High G,True
49,'Oli Cedar Rosewood Concert,2024-05-05T09:41:12Z,9ie6JcRcsEM,https://i.ytimg.com/vi/9ie6JcRcsEM/default.jpg,49.0,Cedar Rosewood Concert,L2,CCR,Concert,Cedar,Rosewood,gloss,,,new,"1,395",https://theukulelesite.com/oli-cedar-rosewood-concert-l2-ccr-343.html,True,L2-CCR,,L2-CR,Cedar Rosewood Concert,True
50,"""Don't Know Why"" 'Oli Koa tenor & Cedar Rosewood Concert",2024-05-05T20:39:26Z,_wtkoF2esE0,https://i.ytimg.com/vi/_wtkoF2esE0/default.jpg,,,,,,,,,,,,,,,,,,"""Don't Know Why"" Koa tenor & Cedar Rosewood Concert",False
51,'Oli Koa Tenor,2024-05-11T23:55:03Z,NSfC9a594qk,https://i.ytimg.com/vi/NSfC9a594qk/default.jpg,51.0,Koa Tenor,L2,TK,Tenor,Koa,Koa,gloss,,,,,,,L2-TK,,L2-K,Koa Tenor,True
52,'Oli L1 TA Acacia Tenor Gloss,2024-05-15T00:27:15Z,JZZWiAJoqtE,https://i.ytimg.com/vi/JZZWiAJoqtE/default.jpg,52.0,L1 TA Acacia Tenor Gloss,L1,TA,Tenor,Acacia,Acacia,gloss,,,,,,,L1-TA,,L1-A,L1 TA Acacia Tenor Gloss,True
53,'Oli Mastergrade Koa Tenor L2 TK 155,2024-05-15T00:51:58Z,mLfkAzdJb7Q,https://i.ytimg.com/vi/mLfkAzdJb7Q/default.jpg,53.0,Mastergrade Koa Tenor L2 TK 155,L2,TK,Tenor,Koa,Koa,gloss,,,,,,,L2-TK,,L2-K,Mastergrade Koa Tenor L2 TK 155,True
54,'Oli L2 TK Mastergrade Koa Tenor 161,2024-05-15T00:55:30Z,NIpeJ9yIEpY,https://i.ytimg.com/vi/NIpeJ9yIEpY/default.jpg,54.0,L2 TK Mastergrade Koa Tenor 161,L2,TK,Tenor,Koa,Koa,gloss,,,,,,,L2-TK,,L2-K,L2 TK Mastergrade Koa Tenor 161,True
55,'Oli L2 Mango Concert,2024-05-23T23:01:52Z,hRSEitMRsrY,https://i.ytimg.com/vi/hRSEitMRsrY/default.jpg,55.0,L2 Mango Concert,L2,CMG,Concert,Mango,Mango,gloss,,,new,"1,345",https://theukulelesite.com/shop-by/brand/oli/oli-mango-concert-l2-cmg-363.html,True,L2-CMG,,L2-MG,L2 Mango Concert,True
56,'Oli L2 Concert Spruce Ebony w High & Low G,2024-05-24T05:28:56Z,zD-pCq2fMLM,https://i.ytimg.com/vi/zD-pCq2fMLM/default.jpg,,,,,,,,,,,,,,,,,,L2 Concert Spruce Ebony w High & Low G,False
57,"'Oli L2 Koa Baritone ""Uhi"" 261",2024-05-24T21:49:28Z,_vCUfMGJEA4,https://i.ytimg.com/vi/_vCUfMGJEA4/default.jpg,57.0,"L2 Koa Baritone ""Uhi"" 261",L2,TK,Baritone,Koa,Koa,gloss,,,,,,,L2-TK,,L2-K,"L2 Koa Baritone ""Uhi"" 261",True
58,'Oli Baritone Cedar Acacia L2 BCA,2024-05-26T21:31:35Z,0dzwp9R6F3k,https://i.ytimg.com/vi/0dzwp9R6F3k/default.jpg,58.0,Baritone Cedar Acacia L2 BCA,L2,BCA,Baritone,Cedar,Acacia,gloss,,,new,"1,295",https://theukulelesite.com/oli-cedar-acacia-baritone-l2-bca-246.html,True,L2-BCA,,L2-CA,Baritone Cedar Acacia L2 BCA,True
59,Jam on 'Oli Cedar Acacia Baritone & Spruce Ebony Concert,2024-05-26T21:34:19Z,ltP3xKQFlpU,https://i.ytimg.com/vi/ltP3xKQFlpU/default.jpg,,,,,,,,,,,,,,,,,,Jam on Cedar Acacia Baritone & Spruce Ebony Concert,False
60,Yuki Nohana on 'Oli Cedar Acacia Baritone & Cedar Rosewood Tenor,2024-05-26T21:52:06Z,9AFZfZnV-do,https://i.ytimg.com/vi/9AFZfZnV-do/default.jpg,,,,,,,,,,,,,,,,,,Yuki Nohana on Cedar Acacia Baritone & Cedar Rosewood Tenor,False
61,"'Oli L2 Koa Baritone ""Loulu"" 335",2024-05-27T05:33:18Z,pxZ1atAoOFA,https://i.ytimg.com/vi/pxZ1atAoOFA/default.jpg,61.0,"L2 Koa Baritone ""Loulu"" 335",L2,BK,Baritone,Koa,Koa,gloss,,,,,,True,L2-BK,,L2-K,"L2 Koa Baritone ""Loulu"" 335",True
62,'Oli L2 Spruce Rosewood Baritone,2024-05-27T06:03:24Z,eCu7Rgt7iWg,https://i.ytimg.com/vi/eCu7Rgt7iWg/default.jpg,62.0,L2 Spruce Rosewood Baritone,L2,BSR,Baritone,Spruce,Rosewood,gloss,,,,,,,L2-BSR,,L2-SR,L2 Spruce Rosewood Baritone,True
63,'Oli Spruce Ebony Concert L2-CSE,2024-05-27T07:07:08Z,-RtOCwJexIU,https://i.ytimg.com/vi/-RtOCwJexIU/default.jpg,63.0,Spruce Ebony Concert L2-CSE,L2,CSE,Concert,Spruce,Macassar Ebony ,gloss,,,new,"1,495",https://theukulelesite.com/shop-by/brand/oli/oli-spruce-ebony-concert-l2-cse-366.html,True,L2-CSE,,L2-SE,Spruce Ebony Concert L2-CSE,True
64,'Oli L2 CK Concert Koa,2024-05-28T19:46:47Z,3KpJB2KERv0,https://i.ytimg.com/vi/3KpJB2KERv0/default.jpg,64.0,L2 CK Concert Koa,L2,CK,Concert,Koa,Koa,gloss,blemished,,new,"1,295",https://theukulelesite.com/oli-koa-concert-l2-ck-362b.html,True,L2-CK,,L2-K,L2 CK Concert Koa,True
65,'Oli Koa Baritone & Concert,2024-05-28T19:48:56Z,itsh2iYyiDc,https://i.ytimg.com/vi/itsh2iYyiDc/default.jpg,,,,,,,,,,,,,,,,,,Koa Baritone & Concert,False
66,'Oli L2 CSR Concert Spruce Rosewood,2024-05-28T20:05:18Z,Uwr5wQ-eM1M,https://i.ytimg.com/vi/Uwr5wQ-eM1M/default.jpg,66.0,L2 CSR Concert Spruce Rosewood,L2,CSR,Concert,Spruce,Rosewood,gloss,,,new,"1,495",https://theukulelesite.com/oli-spruce-rosewood-concert-l2-csr-350.html,True,L2-CSR,,L2-SR,L2 CSR Concert Spruce Rosewood,True
67,'Oli L2 BK Baritone Koa,2024-05-28T20:14:19Z,QSUmb8FhdPs,https://i.ytimg.com/vi/QSUmb8FhdPs/default.jpg,67.0,L2 BK Baritone Koa,L2,BK,Baritone,Koa,Koa,gloss,,,,,,,L2-BK,,L2-K,L2 BK Baritone Koa,True
68,'Oli Koa Baritone L2 BK Laolu,2024-06-08T05:56:47Z,xpv9ZTFoo_M,https://i.ytimg.com/vi/xpv9ZTFoo_M/default.jpg,68.0,Koa Baritone L2 BK Laolu,L2,BK,Baritone,Koa,Koa,gloss,,,,,,,L2-BK,,L2-K,Koa Baritone L2 BK Laolu,True
69,"'Oli L2 TK Koa tenor ""Laolu"" 159 w Mika",2024-06-08T06:01:54Z,cvHYTJAjhP4,https://i.ytimg.com/vi/cvHYTJAjhP4/default.jpg,69.0,"L2 TK Koa tenor ""Laolu"" 159 w Mika",L2,TK,Tenor,Koa,Koa,gloss,,,,,,,L2-TK,,L2-K,"L2 TK Koa tenor ""Laolu"" 159 w Mika",True
70,'Oli L2 TK Uhi 157 High G w Mika,2024-06-08T06:10:42Z,487oFyXPKzc,https://i.ytimg.com/vi/487oFyXPKzc/default.jpg,70.0,L2 TK Uhi 157 High G w Mika,L2,TK,Tenor,Koa,Koa,gloss,,,,,,,L2-TK,,L2-K,L2 TK Uhi 157 High G w Mika,True
71,'Oli L2 CK Luolu 374,2024-06-08T07:56:23Z,Szh9zXfRWYY,https://i.ytimg.com/vi/Szh9zXfRWYY/default.jpg,71.0,L2 CK Luolu 374,L2,CK,Concert,Koa,Koa,gloss,blemished,,,"1,395",https://theukulelesite.com/oli-koa-concert-l2-ck-374b-loulu.html,,L2-CK,,L2-K,L2 CK Luolu 374,True
72,'Oli L2 BSE Baritone Spruce Ebony w Mika,2024-06-08T07:57:47Z,lG8kVrAajv0,https://i.ytimg.com/vi/lG8kVrAajv0/default.jpg,72.0,L2 BSE Baritone Spruce Ebony w Mika,L2,BSE,Baritone,Spruce,Macassar Ebony ,gloss,,,,,,,L2-BSE,,L2-SE,L2 BSE Baritone Spruce Ebony w Mika,True
73,'Oli L2 CSR Spruce Rosewood Concert w Mika,2024-06-08T07:58:34Z,YVEQGYUnoQc,https://i.ytimg.com/vi/YVEQGYUnoQc/default.jpg,73.0,L2 CSR Spruce Rosewood Concert w Mika,L2,CSR,Concert,Spruce,Rosewood,gloss,,,,,,,L2-CSR,,L2-SR,L2 CSR Spruce Rosewood Concert w Mika,True
74,'Oli L2 CCA Cedar Acacia Concert w Mika,2024-06-08T07:58:58Z,wl1SpoujiRM,https://i.ytimg.com/vi/wl1SpoujiRM/default.jpg,74.0,L2 CCA Cedar Acacia Concert w Mika,L2,CCA,Concert,Cedar,Acacia,gloss,,,new,"1,095",https://theukulelesite.com/oli-cedar-acacia-concert-l2-cca-334-1.html,True,L2-CCA,,L2-CA,L2 CCA Cedar Acacia Concert w Mika,True
75,'Oli L2 CCE Cedar Ebony Concert w Mika,2024-06-08T07:59:21Z,6n5BTsW2Nfc,https://i.ytimg.com/vi/6n5BTsW2Nfc/default.jpg,75.0,L2 CCE Cedar Ebony Concert w Mika,L2,CCE,Concert,Cedar,Macassar Ebony ,gloss,,,new,"1,495",https://theukulelesite.com/shop-by/brand/oli/oli-cedar-ebony-concert-l2-cce-341-1.html,True,L2-CCE,,L2-CE,L2 CCE Cedar Ebony Concert w Mika,True
76,Comparing 6 Concert String Sets on 'Oli L2 CMG,2024-07-03T21:29:09Z,oXxuvd2Im1w,https://i.ytimg.com/vi/oXxuvd2Im1w/default.jpg,,,,,,,,,,,,,,,,,,Comparing 6 Concert String Sets on L2 CMG,False
77,'Oli L2 TSCA Slimline Tenor,2024-07-19T00:05:51Z,AoJaXCLwkMY,https://i.ytimg.com/vi/AoJaXCLwkMY/default.jpg,77.0,L2 TSCA Slimline Tenor,L2,TSCA,Tenor,Cedar,Acacia,gloss,slimline,,new,"1,245",https://theukulelesite.com/oli-slim-cedar-acacia-tenor-l2-tsca-501.html,True,L2-TSCA,True,L2-SCA,L2 TSCA Slimline Tenor,True
78,'Oli L2 BK Uhi 324,2024-07-26T09:13:18Z,eyggDk_gSo4,https://i.ytimg.com/vi/eyggDk_gSo4/default.jpg,78.0,L2 BK Uhi 324,L2,BK,Baritone,Koa,Koa,gloss,,,,,,,L2-BK,,L2-K,L2 BK Uhi 324,True
79,'Oli L2 BK Laolu 328,2024-07-26T10:26:00Z,z-F01J4eDuQ,https://i.ytimg.com/vi/z-F01J4eDuQ/default.jpg,79.0,L2 BK Laolu 328,L2,BK,Baritone,Koa,Koa,gloss,,,,,,,L2-BK,,L2-K,L2 BK Laolu 328,True
80,'Oli Concert Spruce Ebony L2 CSE sample w Low G,2024-07-27T07:17:32Z,w6HI3kLzZVI,https://i.ytimg.com/vi/w6HI3kLzZVI/default.jpg,80.0,Concert Spruce Ebony L2 CSE sample w Low G,L2,CSE,Concert,Spruce,Macassar Ebony ,gloss,,,,,,,L2-CSE,,L2-SE,Concert Spruce Ebony L2 CSE sample w Low G,True
81,'Oli Concert Koa L2 CK 370,2024-07-27T08:36:44Z,Glz0DSQiTQw,https://i.ytimg.com/vi/Glz0DSQiTQw/default.jpg,81.0,Concert Koa L2 CK 370,L2,CK,Concert,Koa,Koa,gloss,,,,"1,495",https://theukulelesite.com/oli-koa-concert-l2-ck-370.html,,L2-CK,,L2-K,Concert Koa L2 CK 370,True
82,'Oli L2-BCE Baritone Cedar Ebony V2,2024-08-05T04:48:05Z,wH6khWtmCq8,https://i.ytimg.com/vi/wH6khWtmCq8/default.jpg,82.0,L2-BCE Baritone Cedar Ebony V2,L2,BCE,Baritone,Cedar,Macassar Ebony ,gloss,,,,,,,L2-BCE,,L2-CE,L2-BCE Baritone Cedar Ebony V2,True
83,'Oli L2 TSCR Slim Tenor Cedar Rosewood,2024-08-05T04:59:27Z,wg8sKv3ZbOg,https://i.ytimg.com/vi/wg8sKv3ZbOg/default.jpg,83.0,L2 TSCR Slim Tenor Cedar Rosewood,L2,TSCR,Tenor,Cedar,Rosewood,gloss,,,,,,True,L2-TSCR,True,L2-SCR,L2 TSCR Slim Tenor Cedar Rosewood,True
84,'Oli L2-BCA Cedar Acacia Baritone V2,2024-08-05T05:06:47Z,CFPprogW2-M,https://i.ytimg.com/vi/CFPprogW2-M/default.jpg,84.0,L2-BCA Cedar Acacia Baritone V2,L2,BCA,Baritone,Cedar,Acacia,gloss,,,,,,,L2-BCA,,L2-CA,L2-BCA Cedar Acacia Baritone V2,True
85,'Oli L1SP TA Spruce Top Acacia Tenor,2024-08-05T21:44:31Z,b6DkAEx4_Qk,https://i.ytimg.com/vi/b6DkAEx4_Qk/default.jpg,85.0,L1SP TA Spruce Top Acacia Tenor,L1,TSA,Tenor,Spruce,Acacia,gloss,,,new,845,https://theukulelesite.com/oli-spruce-top-acacia-tenor-l1sp-ta-506.html,True,L1-TSA,True,L1-SA,L1SP TA Spruce Top Acacia Tenor,True
86,'Oli L1SP BA Spruce top Acacia Baritone,2024-08-05T21:47:29Z,-mvYNLFPa0w,https://i.ytimg.com/vi/-mvYNLFPa0w/default.jpg,86.0,L1SP BA Spruce top Acacia Baritone,L1,BSA,Baritone,Spruce,Acacia,gloss,,,new,945,https://theukulelesite.com/shop-by/brand/oli/oli-spruce-top-acacia-baritone-l1sp-ba-521-1.html,True,L1-BSA,,L1-SA,L1SP BA Spruce top Acacia Baritone,True
87,'Oli L2 TCA Monstera Tenor Cedar Top Acacia,2024-08-05T22:41:33Z,rLgcHFQnzVY,https://i.ytimg.com/vi/rLgcHFQnzVY/default.jpg,87.0,L2 TCA Monstera Tenor Cedar Top Acacia,L2,TCA,Tenor,Cedar,Acacia,gloss,,,,,,,L2-TCA,,L2-CA,L2 TCA Monstera Tenor Cedar Top Acacia,True
88,'Oli L2 TCR V2 Cedar Rosewood Tenor,2024-08-06T22:39:41Z,4sOurwVPwX4,https://i.ytimg.com/vi/4sOurwVPwX4/default.jpg,88.0,L2 TCR V2 Cedar Rosewood Tenor,L2,TCR,Tenor,Cedar,Rosewood,gloss,,,,,,,L2-TCR,,L2-CR,L2 TCR V2 Cedar Rosewood Tenor,True
89,'Oli Mastegrade Koa Baritone L2-BK 255,2024-08-07T23:24:22Z,ox0FrtcInNU,https://i.ytimg.com/vi/ox0FrtcInNU/default.jpg,89.0,Mastegrade Koa Baritone L2-BK 255,L2,BK,Baritone,Koa,Koa,gloss,,,,,,,L2-BK,,L2-K,Mastegrade Koa Baritone L2-BK 255,True
90,'Oli L2 CK 373,2024-08-07T23:32:18Z,26MtDz5l63s,https://i.ytimg.com/vi/26MtDz5l63s/default.jpg,90.0,L2 CK 373,L2,CK,Concert,Koa,Koa,gloss,,,,"1,795",https://theukulelesite.com/shop-by/brand/oli/oli-koa-concert-l2-ck-loulu-373.html,,L2-CK,,L2-K,L2 CK 373,True
91,'Oli L2 BSE V2 Spruce Macassar Ebony Baritone,2024-08-09T11:23:43Z,bp-rjwVo5nY,https://i.ytimg.com/vi/bp-rjwVo5nY/default.jpg,91.0,L2 BSE V2 Spruce Macassar Ebony Baritone,L2,BSE,Baritone,Spruce,Macassar Ebony ,gloss,,,,"1,795",https://theukulelesite.com/shop-by/brand/oli/oli-spruce-ebony-baritone-l2-bse-v2-heliconia-428-1.html,,L2-BSE,,L2-SE,L2 BSE V2 Spruce Macassar Ebony Baritone,True
92,'Oli L2 TPCA Tenor Pineapple Cedar Acacia Prototype,2024-08-09T11:52:11Z,zxx7lMkftKM,https://i.ytimg.com/vi/zxx7lMkftKM/default.jpg,92.0,L2 TPCA Tenor Pineapple Cedar Acacia Prototype,L2,TPCA,Tenor,Cedar,Acacia,gloss,pineapple,,new,995,https://theukulelesite.com/shop-by/brand/oli/oli-tenor-pineapple-cedar-acacia-prototype-l2-tpca-531.html,True,L2-TPCA,True,L2-PCA,L2 TPCA Tenor Pineapple Cedar Acacia Prototype,True
93,'Oli L2 BCE V2 Cedar Maccasar Ebony Baritone,2024-08-09T21:57:53Z,TuSjuqhjym0,https://i.ytimg.com/vi/TuSjuqhjym0/default.jpg,93.0,L2 BCE V2 Cedar Maccasar Ebony Baritone,L2,BCE,Baritone,Cedar,Macassar Ebony ,gloss,,,,,,,L2-BCE,,L2-CE,L2 BCE V2 Cedar Maccasar Ebony Baritone,True
94,'Oli L2 BSR V2 Spruce Rosewood Baritone,2024-08-09T21:58:19Z,pBMLOLj9UiE,https://i.ytimg.com/vi/pBMLOLj9UiE/default.jpg,94.0,L2 BSR V2 Spruce Rosewood Baritone,L2,BSR,Baritone,Spruce,Rosewood,gloss,,,,"1,695",https://theukulelesite.com/shop-by/brand/oli/oli-spruce-rosewood-baritone-l2-bsr-macaw-flower-475-1.html,,L2-BSR,,L2-SR,L2 BSR V2 Spruce Rosewood Baritone,True
95,'Oli L2 BMG Mango Baritone w 3 Different String Configurations,2024-08-09T21:58:42Z,fn2Q-Y8OI5o,https://i.ytimg.com/vi/fn2Q-Y8OI5o/default.jpg,,,,,,,,,,,,,,,,,,L2 BMG Mango Baritone w 3 Different String Configurations,False
96,'Oli L2 TSCR Cedar Rosewood Slimline Tenor w Uke Logic Low G Set,2024-08-09T21:59:04Z,_r1pER-Z2RU,https://i.ytimg.com/vi/_r1pER-Z2RU/default.jpg,96.0,L2 TSCR Cedar Rosewood Slimline Tenor w Uke Logic Low G Set,L2,TSCR,Tenor,Cedar,Rosewood,gloss,slimline,,new,1395,https://theukulelesite.com/shop-by/brand/oli/oli-tenor-slimline-cedar-rosewood-l2-tscr-574-1.html,,L2-TSCR,,L2-SCR,L2 TSCR Cedar Rosewood Slimline Tenor w Uke Logic Low G Set,True
97,'Oli L2 TSE Tenor Spruce Macassar Ebony w Uke Logic HT Low G Set,2024-08-09T21:59:26Z,t3ykbRXzvwU,https://i.ytimg.com/vi/t3ykbRXzvwU/default.jpg,97.0,L2 TSE Tenor Spruce Macassar Ebony w Uke Logic HT Low G Set,L2,TSE,Tenor,Spruce,Macassar Ebony ,gloss,,,,,,,L2-TSE,,L2-SE,L2 TSE Tenor Spruce Macassar Ebony w Uke Logic HT Low G Set,True
98,'Oli L2 TCE V2 Tenor Cedar Ebony w Uke Logic Low G Set,2024-08-09T22:00:28Z,cQnLbXT1k9g,https://i.ytimg.com/vi/cQnLbXT1k9g/default.jpg,98.0,L2 TCE V2 Tenor Cedar Ebony w Uke Logic Low G Set,L2,TCE,Tenor,Cedar,Macassar Ebony ,gloss,,,,"1,495",https://theukulelesite.com/oli-spruce-macassar-ebony-tenor-l2-tse-v2-heliconia-422.html,,L2-TCE,,L2-CE,L2 TCE V2 Tenor Cedar Ebony w Uke Logic Low G Set,True
99,'Oli L1SP TA w Uke Logic HT Low G,2024-08-09T22:00:48Z,bH4FSkCSCf0,https://i.ytimg.com/vi/bH4FSkCSCf0/default.jpg,99.0,L1SP TA w Uke Logic HT Low G,L1,TSA,Tenor,Spruce,Acacia,gloss,,,,,,,L1-TSA,,L1-SA,L1SP TA w Uke Logic HT Low G,True
100,'Oli L2 TCAS Cedar Acacia Monstera Tenor Satin Finish,2024-08-09T22:01:14Z,15YnTFJL82M,https://i.ytimg.com/vi/15YnTFJL82M/default.jpg,100.0,L2 TCAS Cedar Acacia Monstera Tenor Satin Finish,L2,TCAS,Tenor,Cedar,Acacia,satin,,,,,,,L2-TCAS,,L2-CAS,L2 TCAS Cedar Acacia Monstera Tenor Satin Finish,True
101,'Oli L2 TMG V2 Mango Tenor,2024-08-12T02:52:33Z,Vh1WK7Lh6Do,https://i.ytimg.com/vi/Vh1WK7Lh6Do/default.jpg,101.0,L2 TMG V2 Mango Tenor,L2,TMG,Tenor,Mango,Mango,gloss,,,,,,,L2-TMG,,L2-MG,L2 TMG V2 Mango Tenor,True
102,'Oli L2 BCAS Baritone Cedar Acacia Satin,2024-08-12T06:54:38Z,gydjD5VKZGU,https://i.ytimg.com/vi/gydjD5VKZGU/default.jpg,102.0,L2 BCAS Baritone Cedar Acacia Satin,L2,BCAS,Baritone,Cedar,Acacia,satin,,,new,"1,295",https://theukulelesite.com/oli-cedar-acacia-monstera-baritone-satin-l2-bcas-550.html,True,L2-BCAS,,L2-CAS,L2 BCAS Baritone Cedar Acacia Satin,True
103,'Oli L2 CCAS Concert Cedar Acacia Satin,2024-08-12T07:25:12Z,vfIHtDjlbT8,https://i.ytimg.com/vi/vfIHtDjlbT8/default.jpg,103.0,L2 CCAS Concert Cedar Acacia Satin,L2,CCAS,Concert,Cedar,Acacia,satin,,,new,995,https://theukulelesite.com/oli-cedar-acacia-monstera-concert-satin-l2-ccas-536-v2.html,True,L2-CCAS,,L2-CAS,L2 CCAS Concert Cedar Acacia Satin,True
104,'Oli L2 TSR v2 Spruce Rosewood Tenor,2024-08-17T05:25:16Z,ARPyhkifASw,https://i.ytimg.com/vi/ARPyhkifASw/default.jpg,104.0,L2 TSR v2 Spruce Rosewood Tenor,L2,TSR,Tenor,Spruce,Rosewood,gloss,,,,,,,L2-TSR,,L2-SR,L2 TSR v2 Spruce Rosewood Tenor,True
105,'Oli L2 BRR 642 Redwood Rosewood,2024-08-24T21:30:40Z,Md7Cl_Tb4P4,https://i.ytimg.com/vi/Md7Cl_Tb4P4/default.jpg,105.0,L2 BRR 642 Redwood Rosewood,L2,BRR,Baritone,Redwood,Rosewood,gloss,limited edition,,new,"1,795",https://theukulelesite.com/oli-curly-redwood-rosewood-le-baritone-l2-brr-red-ginger-648.html,True,L2-BRR,True,L2-RR,L2 BRR 642 Redwood Rosewood,True
107,'Oli L2 TRR 594,2024-08-24T22:24:34Z,I6HCC64-5Cg,https://i.ytimg.com/vi/I6HCC64-5Cg/default.jpg,107.0,L2 TRR 594,L2,TRR,Tenor,Redwood,Rosewood,gloss,limited edition,,new,"1,695",https://theukulelesite.com/oli-curly-redwood-rosewood-le-tenor-l2-trr-red-ginger-594.html,True,L2-TRR,,L2-RR,L2 TRR 594,True
108,'Oli L2 TRR 592,2024-08-24T22:27:44Z,DLnxyFUJuNU,https://i.ytimg.com/vi/DLnxyFUJuNU/default.jpg,108.0,L2 TRR 592,L2,TRR,Tenor,Redwood,Rosewood,gloss,,,,,,,L2-TRR,,L2-RR,L2 TRR 592,True
109,'Oli L2 TRR 582,2024-08-24T22:38:17Z,kDCSRi57Kkc,https://i.ytimg.com/vi/kDCSRi57Kkc/default.jpg,109.0,L2 TRR 582,L2,TRR,Tenor,Redwood,Rosewood,gloss,,,,,,,L2-TRR,,L2-RR,L2 TRR 582,True
110,'Oli L2 TRR 595,2024-08-24T22:52:55Z,f0657LmlSf0,https://i.ytimg.com/vi/f0657LmlSf0/default.jpg,110.0,L2 TRR 595,L2,TRR,Tenor,Redwood,Rosewood,gloss,,,,,,,L2-TRR,,L2-RR,L2 TRR 595,True
111,'Oli l2 TRR 588,2024-08-24T22:58:33Z,ZCm3gfyWhZw,https://i.ytimg.com/vi/ZCm3gfyWhZw/default.jpg,111.0,l2 TRR 588,L2,TRR,Tenor,Redwood,Rosewood,gloss,,,,,,,L2-TRR,,L2-RR,l2 TRR 588,True
112,'Oli L2 TRR 587,2024-08-24T23:29:56Z,vfFOc-Z_Rhg,https://i.ytimg.com/vi/vfFOc-Z_Rhg/default.jpg,112.0,L2 TRR 587,L2,TRR,Tenor,Redwood,Rosewood,gloss,,,,,,,L2-TRR,,L2-RR,L2 TRR 587,True
113,Spain on 'Oli Redwood Rosewood Tenor & Baritone,2024-08-24T23:31:38Z,JLlO5ECoxzc,https://i.ytimg.com/vi/JLlO5ECoxzc/default.jpg,,,,,,,,,,,,,,,,,,Spain on Redwood Rosewood Tenor & Baritone,False
114,Pono UL-AO Acacia Baritone,2024-08-24T23:32:10Z,6_Bn3GZ0Eck,https://i.ytimg.com/vi/6_Bn3GZ0Eck/default.jpg,,,,,,,,,,,,,,,,,,Pono UL-AO Acacia Baritone,False
115,'Oli L2 BK 271 Koa Baritone,2024-08-25T03:36:16Z,di9KR6mFCNU,https://i.ytimg.com/vi/di9KR6mFCNU/default.jpg,115.0,L2 BK 271 Koa Baritone,L2,BK,Baritone,Koa,Koa,gloss,,,,"2,195",https://theukulelesite.com/shop-by/brand/oli/oli-mastergrade-koa-baritone-l2-bk-uhi-256.html,,L2-BK,,L2-K,L2 BK 271 Koa Baritone,True
116,'Oli L2 TK 673 Koa Tenor,2024-08-25T03:36:50Z,zGX37Krcjvc,https://i.ytimg.com/vi/zGX37Krcjvc/default.jpg,116.0,L2 TK 673 Koa Tenor,L2,TK,Tenor,Koa,Koa,gloss,,,,,,,L2-TK,,L2-K,L2 TK 673 Koa Tenor,True
117,'Oli Mango Pineapple Tenor Prototype,2024-08-25T03:37:11Z,y2IO3mtZDHs,https://i.ytimg.com/vi/y2IO3mtZDHs/default.jpg,117.0,Mango Pineapple Tenor Prototype,L2,TPMG,Tenor,Mango,Mango,gloss,pineapple,,new,995,https://theukulelesite.com/oli-tenor-pineapple-mango-prototype-l2-tpmg-522.html,True,L2-TPMG,True,L2-PMG,Mango Pineapple Tenor Prototype,True
118,'Oli Redwood Rosewood Baritone L2 BRR 606,2024-08-25T07:49:16Z,bVADBnIbcrc,https://i.ytimg.com/vi/bVADBnIbcrc/default.jpg,118.0,Redwood Rosewood Baritone L2 BRR 606,L2,BRR,Baritone,Redwood,Rosewood,gloss,,,,,,,L2-BRR,,L2-RR,Redwood Rosewood Baritone L2 BRR 606,True
119,'Oli L2 TRR 591,2024-08-29T09:20:21Z,XAjagra4JBM,https://i.ytimg.com/vi/XAjagra4JBM/default.jpg,119.0,L2 TRR 591,L2,TRR,Tenor,Redwood,Rosewood,gloss,,,,,,,L2-TRR,,L2-RR,L2 TRR 591,True
120,'Oli L1-TMG v2 Mango Tenor,2024-08-31T03:52:35Z,W-WZyw89dOg,https://i.ytimg.com/vi/W-WZyw89dOg/default.jpg,120.0,L1-TMG v2 Mango Tenor,L1,TMG,Tenor,Mango,Mango,gloss,,,,,,,L1-TMG,,L1-MG,L1-TMG v2 Mango Tenor,True
121,'Oli L1-TA v2 Acacia Tenor,2024-08-31T05:08:41Z,2HuYmkfbmxo,https://i.ytimg.com/vi/2HuYmkfbmxo/default.jpg,121.0,L1-TA v2 Acacia Tenor,L1,TA,Tenor,Acacia,Acacia,gloss,,,,,,,L1-TA,,L1-A,L1-TA v2 Acacia Tenor,True
122,'Oli L1 TMGS v2 Mango Tenor Satin,2024-08-31T06:53:27Z,mSzbaVdqEUg,https://i.ytimg.com/vi/mSzbaVdqEUg/default.jpg,122.0,L1 TMGS v2 Mango Tenor Satin,L1,TMGS,Tenor,Mango,Mango,satin,,,,,,,L1-TMGS,,L1-MGS,L1 TMGS v2 Mango Tenor Satin,True
123,Oli L1 TAS v2 Acacia Tenor Satin,2024-08-31T06:54:49Z,hTiMM-sD5U0,https://i.ytimg.com/vi/hTiMM-sD5U0/default.jpg,123.0,Oli L1 TAS v2 Acacia Tenor Satin,L1,TAS,Tenor,Acacia,Acacia,satin,,,,,,,L1-TAS,,L1-AS,Oli L1 TAS v2 Acacia Tenor Satin,True
124,'Oli Cedar Ebony Baritone 4 Strings Auction,2024-09-14T18:34:35Z,QvYr9FaFIn8,https://i.ytimg.com/vi/QvYr9FaFIn8/default.jpg,,,,,,,,,,,,,,,,,,Cedar Ebony Baritone 4 Strings Auction,False
125,"""All of Me"" 'Oli Cedar Ebony Baritone & Singer Mahogany Concert 4 Strings Auction",2024-09-14T18:35:27Z,6Ao64QPpWEs,https://i.ytimg.com/vi/6Ao64QPpWEs/default.jpg,,,,,,,,,,,,,,,,,,"""All of Me"" Cedar Ebony Baritone & Singer Mahogany Concert 4 Strings Auction",False
126,'Oli L2 TTSMR Torrefied Spruce Myrtle Tenor,2024-10-03T19:21:38Z,gATbdN6qPuo,https://i.ytimg.com/vi/gATbdN6qPuo/default.jpg,126.0,L2 TTSMR Torrefied Spruce Myrtle Tenor,L2,TTSMR,Tenor,Torrefied spruce,Myrtle,gloss,limited edition,,new,"1,595",https://theukulelesite.com/oli-torrefied-spruce-myrtle-le-tenor-l2-ttsmr-red-ginger-658.html,True,L2-TTSMR,True,L2-TSMR,L2 TTSMR Torrefied Spruce Myrtle Tenor,True
127,'Oli Torrefied Spruce Myrtle Baritone & Tenor Jam,2024-10-03T19:37:22Z,p4a72PSwMZo,https://i.ytimg.com/vi/p4a72PSwMZo/default.jpg,,,,,,,,,,,,,,,,,,Torrefied Spruce Myrtle Baritone & Tenor Jam,False
128,'Oli L2 BTSMR Torrefied Spruce Myrtle Baritone,2024-10-03T19:41:11Z,6OASXiX870I,https://i.ytimg.com/vi/6OASXiX870I/default.jpg,128.0,L2 BTSMR Torrefied Spruce Myrtle Baritone,L2,BTSMR,Baritone,Torrefied spruce,Myrtle,gloss,limited edition,,new,"1,795",https://theukulelesite.com/oli-torrefied-spruce-myrtle-le-baritone-l2-btsmr-red-ginger-692.html,True,L2-BTSMR,,L2-TSMR,L2 BTSMR Torrefied Spruce Myrtle Baritone,True
129,'Oli L2-BMR Myrtle Baritone,2024-10-04T07:20:56Z,Mebs3MDnzOY,https://i.ytimg.com/vi/Mebs3MDnzOY/default.jpg,129.0,L2-BMR Myrtle Baritone,L2,BMR,Baritone,Myrtle,Myrtle,gloss,limited edition,,new,"1,795",https://theukulelesite.com/oli-torrefied-spruce-myrtle-le-baritone-l2-btsmr-red-ginger-734.html,True,L2-BMR,True,L2-MR,L2-BMR Myrtle Baritone,True
130,'Oli L2-BSFM Spruce Top Flame Maple Baritone,2024-10-04T08:39:48Z,xKluQpe_nFk,https://i.ytimg.com/vi/xKluQpe_nFk/default.jpg,130.0,L2-BSFM Spruce Top Flame Maple Baritone,L2,BSFM,Baritone,Spruce,Flame Maple,gloss,,,new,"1,595",https://theukulelesite.com/oli-spruce-flame-maple-baritone-l2-bsfm-mandala-774-1.html,True,L2-BSFM,,L2-SFM,L2-BSFM Spruce Top Flame Maple Baritone,True
131,'Oli L2-BRR Redwood Rosewood Baritone,2024-10-04T21:19:12Z,f67SM7I5oYg,https://i.ytimg.com/vi/f67SM7I5oYg/default.jpg,131.0,L2-BRR Redwood Rosewood Baritone,L2,BRR,Baritone,Redwood,Rosewood,gloss,limited edition,,,"1,595",https://theukulelesite.com/shop-by/brand/oli/oli-curly-redwood-rosewood-le-tenor-l2-trr-red-ginger-590.html,,L2-BRR,,L2-RR,L2-BRR Redwood Rosewood Baritone,True
132,'Oli L2-TSFM V3 Spruce Flame Maple Mandala Tenor,2024-10-04T23:44:01Z,ad_roeny5h8,https://i.ytimg.com/vi/ad_roeny5h8/default.jpg,132.0,L2-TSFM V3 Spruce Flame Maple Mandala Tenor,L2,TSFM,Tenor,Spruce,Flame Maple,gloss,,,new,"1,395",https://theukulelesite.com/shop-by/size/tenor/oli-spruce-flame-maple-tenor-l2-tsfm-v3-mandala-728.html,,L2-TSFM,,L2-SFM,L2-TSFM V3 Spruce Flame Maple Mandala Tenor,True
133,'Oli L1 TSMU Spruce top Merbau Tenor,2024-10-05T03:25:01Z,3Og2_nBuHUs,https://i.ytimg.com/vi/3Og2_nBuHUs/default.jpg,133.0,L1 TSMU Spruce top Merbau Tenor,L1,TSMU,Tenor,Spruce,Merbau,satin,,,new,845,https://theukulelesite.com/shop-by/brand/oli/oli-spruce-top-merbau-tenor-l1-smu-682.html,True,L1-TSMU,True,L1-SMU,L1 TSMU Spruce top Merbau Tenor,True
134,'Oli L2 CTSR Torrefied Spruce Rosewood Concert,2024-10-05T20:03:40Z,Ar6JmJ9HBP8,https://i.ytimg.com/vi/Ar6JmJ9HBP8/default.jpg,134.0,L2 CTSR Torrefied Spruce Rosewood Concert,L2,CTSR,Concert,Torrefied spruce,Rosewood,gloss,,,new,"1,445",https://theukulelesite.com/shop-by/brand/oli/oli-torrefied-spruce-rosewood-concert-l2-ctsr-790.html,True,L2-CTSR,True,L2-TSR,L2 CTSR Torrefied Spruce Rosewood Concert,True
135,'Oli L2 BTSR Torrefied Spruce Rosewood Baritone,2024-10-05T20:39:30Z,x9ZNIy75QqI,https://i.ytimg.com/vi/x9ZNIy75QqI/default.jpg,135.0,L2 BTSR Torrefied Spruce Rosewood Baritone,L2,BTSR,Baritone,Torrefied spruce,Rosewood,gloss,limited edition,,new,"1,745",https://theukulelesite.com/oli-torrefied-spruce-rosewood-baritone-le-l2-btsr-827.html,True,L2-BTSR,,L2-TSR,L2 BTSR Torrefied Spruce Rosewood Baritone,True
136,'Oli Torrefied Spruce Rosewood Baritone & Concert,2024-10-05T20:48:40Z,AV173puTDr4,https://i.ytimg.com/vi/AV173puTDr4/default.jpg,,,,,,,,,,,,,,,,,,Torrefied Spruce Rosewood Baritone & Concert,False
137,'Oli L1-BA Acacia Baritone,2024-10-11T21:02:55Z,alB_BPTYCeI,https://i.ytimg.com/vi/alB_BPTYCeI/default.jpg,137.0,L1-BA Acacia Baritone,L1,BA,Baritone,Acacia,Acacia,gloss,,,,895,https://theukulelesite.com/shop-by/brand/oli/oli-acacia-baritone-l1-ba-743.html,,L1-BA,,L1-A,L1-BA Acacia Baritone,True
138,'Oli L1-BMGS Baritone Mango Satin,2024-10-11T22:51:28Z,qtIlSqUWQmM,https://i.ytimg.com/vi/qtIlSqUWQmM/default.jpg,138.0,L1-BMGS Baritone Mango Satin,L1,BMGS,Baritone,Mango,Mango,satin,,,,,,,L1-BMGS,,L1-MGS,L1-BMGS Baritone Mango Satin,True
139,'Oli L1-BMG Baritone Mango Gloss,2024-10-11T22:51:56Z,NW4n7Afwym0,https://i.ytimg.com/vi/NW4n7Afwym0/default.jpg,139.0,L1-BMG Baritone Mango Gloss,L1,BMG,Baritone,Mango,Mango,gloss,,,,895,https://theukulelesite.com/shop-by/brand/oli/oli-mango-baritone-l1-bmg-810.html,,L1-BMG,,L1-MG,L1-BMG Baritone Mango Gloss,True
140,'Oli  L2-BCW Cedar Walnut Baritone,2024-10-11T23:11:23Z,HXjNOfoqUzE,https://i.ytimg.com/vi/HXjNOfoqUzE/default.jpg,140.0,L2-BCW Cedar Walnut Baritone,L2,BCW,Baritone,Cedar,Walnut,gloss,limited edition,,new,"1,595",https://theukulelesite.com/shop-by/brand/oli/oli-cedar-walnut-le-baritone-l2-bcw-red-ginger-670.html,True,L2-BCW,True,L2-CW, L2-BCW Cedar Walnut Baritone,False
141,'Oli L2-BSR v3 Spruce Rosewood Baritone,2024-10-12T01:22:14Z,Z9w9GMqXe5M,https://i.ytimg.com/vi/Z9w9GMqXe5M/default.jpg,141.0,L2-BSR v3 Spruce Rosewood Baritone,L2,BSR,Baritone,Spruce,Rosewood,gloss,,,,"1,595",https://theukulelesite.com/shop-by/brand/oli/oli-spruce-rosewood-baritone-l2-bsr-831.html,,L2-BSR,,L2-SR,L2-BSR v3 Spruce Rosewood Baritone,True
142,'Oli L2-BCM Curly Maple Baritone,2024-10-12T01:23:30Z,UPjhv7yQP2k,https://i.ytimg.com/vi/UPjhv7yQP2k/default.jpg,142.0,L2-BCM Curly Maple Baritone,L2,BCM,Baritone,Curly Maple,Curly Maple,gloss,,,new,"1,595",https://theukulelesite.com/shop-by/brand/oli/oli-flame-maple-baritone-l2-bcm-mandala-710.html,True,L2-BCM,True,L2-CM,L2-BCM Curly Maple Baritone,True
143,'Oli L2-BSQM-SB Spruce Quilted Maple Sunburst Baritone,2024-10-12T01:24:18Z,-QxAxACwwPI,https://i.ytimg.com/vi/-QxAxACwwPI/default.jpg,143.0,L2-BSQM-SB Spruce Quilted Maple Sunburst Baritone,L2,BSQM-SB,Baritone,Spruce,Quilted Maple,gloss,sunburst stain,,new,1645,https://theukulelesite.com/shop-by/oli-spruce-quilted-maple-baritone-l2-bsqm-sb-mandala-715.html,True,L2-BSQM-SB,True,L2-SQM-SB,L2-BSQM-SB Spruce Quilted Maple Sunburst Baritone,True
144,'Oli L2 BMGS-LE Spalted Mango Baritone,2024-10-12T22:11:57Z,QlInCin8PIg,https://i.ytimg.com/vi/QlInCin8PIg/default.jpg,144.0,L2 BMGS-LE Spalted Mango Baritone,L2,BMGSP,Baritone,Spalted Mango ,Spalted Mango ,gloss,,,new,"1,595",https://theukulelesite.com/shop-by/brand/oli/oli-spalted-mango-baritone-l2-bmgsp-603.html,True,L2-BMGSP,True,L2-MGSP,L2 BMGS-LE Spalted Mango Baritone,True
145,'Oli L2 TMGS Spalted Mango Tenor,2024-10-12T22:12:31Z,Le_QVb82fKw,https://i.ytimg.com/vi/Le_QVb82fKw/default.jpg,145.0,L2 TMGS Spalted Mango Tenor,L2,TMGSP,Tenor,Spalted Mango ,Spalted Mango ,gloss,limited edition,,new,1395,https://theukulelesite.com/shop-by/brand/oli/oli-mango-tenor-l2-tmgs-le-600.html,True,L2-TMGSP,,L2-MGSP,L2 TMGS Spalted Mango Tenor,True
146,'Oli L2-CMG-SP Spalted Mango Concert,2024-10-12T22:12:49Z,74M5f2W8iBo,https://i.ytimg.com/vi/74M5f2W8iBo/default.jpg,146.0,L2-CMG-SP Spalted Mango Concert,L2,CMGSP,Concert,Spalted Mango ,Spalted Mango ,gloss,limited edition,,new,"1,345",https://theukulelesite.com/shop-by/brand/oli/oli-spalted-mango-concert-l2-cmgs-le-704.html,True,L2-CMGSP,,L2-MGSP,L2-CMG-SP Spalted Mango Concert,True
147,'Oli L2 TCE V3 Cedar Top Macassar Ebony Tenor,2024-10-12T22:14:57Z,EkK-cy3vWPg,https://i.ytimg.com/vi/EkK-cy3vWPg/default.jpg,147.0,L2 TCE V3 Cedar Top Macassar Ebony Tenor,L2,TCE,Tenor,Cedar,Macassar Ebony ,gloss,,,,1495,https://theukulelesite.com/shop-by/brand/oli/oli-cedar-macassar-ebony-tenor-l2-tce-748.html,,L2-TCE,,L2-CE,L2 TCE V3 Cedar Top Macassar Ebony Tenor,True
148,'Oli L2-TCW Cedar Walnut Tenor,2024-10-12T22:15:21Z,EBTd6lsuR0A,https://i.ytimg.com/vi/EBTd6lsuR0A/default.jpg,148.0,L2-TCW Cedar Walnut Tenor,L2,TCW,Tenor,Cedar,Walnut,gloss,,,new,"1,445",https://theukulelesite.com/shop-by/brand/oli/oli-cedar-walnut-tenor-l2-tcw-701.html,True,L2-TCW,,L2-CW,L2-TCW Cedar Walnut Tenor,True
149,'Oli L1 CCWU-S Cedar Weru Concert,2024-10-12T22:29:14Z,zMuo6U9QGJQ,https://i.ytimg.com/vi/zMuo6U9QGJQ/default.jpg,149.0,L1 CCWU-S Cedar Weru Concert,L1,CCWU,Concert,Cedar,Weru,satin,,,new,795,https://theukulelesite.com/shop-by/brand/oli/oli-cedar-top-weru-concert-l1-ccwu-s-874.html,True,L1-CCWU,True,L1-CWU,L1 CCWU-S Cedar Weru Concert,True
150,'Oli L2 CCR Curly Redwood & Figured Rosewood Concert,2024-10-12T23:30:35Z,-A5Yw9nPdr0,https://i.ytimg.com/vi/-A5Yw9nPdr0/default.jpg,150.0,L2 CCR Curly Redwood & Figured Rosewood Concert,L2,CRR,Concert,Redwood,Rosewood,gloss,limited edition,,new,"1,595",https://theukulelesite.com/oli-redwood-rosewood-le-concert-l2-crr-red-ginger-769.html,True,L2-CRR,,L2-RR,L2 CCR Curly Redwood & Figured Rosewood Concert,True
151,'Oli L2 CTSMR Torrefied Spruce Myrtle Concert,2024-10-12T23:31:06Z,uhl_xaJSziY,https://i.ytimg.com/vi/uhl_xaJSziY/default.jpg,151.0,L2 CTSMR Torrefied Spruce Myrtle Concert,L2,CTSMR,Concert,Torrefied spruce,Myrtle,gloss,,,new,1395,https://theukulelesite.com/shop-by/brand/oli/oli-torrefied-spruce-myrtle-concert-l2-ctsmr-red-ginger-676.html,True,L2-CTSMR,,L2-TSMR,L2 CTSMR Torrefied Spruce Myrtle Concert,True
152,'Oli L2-CSFM Spruce Maple Concert,2024-10-12T23:31:33Z,LTzd_qjCqIY,https://i.ytimg.com/vi/LTzd_qjCqIY/default.jpg,152.0,L2-CSFM Spruce Maple Concert,L2,CSFM,Concert,Spruce,Birds eye Maple,gloss,,,new,"1,245",https://theukulelesite.com/shop-by/brand/oli/oli-spruce-birdseye-maple-concert-l2-csfm-mandala-747.html,True,L2-CSFM,,L2-SFM,L2-CSFM Spruce Maple Concert,True
153,'Oli L1-BSMU Spruce Merbau Baritone,2024-10-13T22:59:25Z,SSdVw7I5FaI,https://i.ytimg.com/vi/SSdVw7I5FaI/default.jpg,153.0,L1-BSMU Spruce Merbau Baritone,L1,BSMU,Baritone,Spruce,Merbau,satin,,,new,945,https://theukulelesite.com/shop-by/brand/oli/oli-spruce-top-merbau-baritone-l1-bsmu-s-708.html,True,L1-BSMU,,L1-SMU,L1-BSMU Spruce Merbau Baritone,True
154,'Oli L2-BRR Redwood Rosewood Baritone,2024-10-13T23:00:03Z,kw116fM159g,https://i.ytimg.com/vi/kw116fM159g/default.jpg,154.0,L2-BRR Redwood Rosewood Baritone,L2,BRR,Baritone,Redwood,Rosewood,gloss,limited edition,,,"1,795",https://theukulelesite.com/shop-by/brand/oli/oli-redwood-rosewood-le-baritone-l2-brr-red-ginger-610.html,,L2-BRR,,L2-RR,L2-BRR Redwood Rosewood Baritone,True
155,'Oli L2-BK Koa Baritone,2024-10-13T23:00:55Z,r_boSxcGVhs,https://i.ytimg.com/vi/r_boSxcGVhs/default.jpg,155.0,L2-BK Koa Baritone,L2,BK,Baritone,Koa,Koa,gloss,blemished,,,"1,595",https://theukulelesite.com/shop-by/brand/oli/oli-koa-baritone-l2-bk-uhi-273.html,,L2-BK,,L2-K,L2-BK Koa Baritone,True
156,'Oli L2-BMR Myrtle Baritone,2024-10-13T23:01:19Z,3U8nR7XUqK4,https://i.ytimg.com/vi/3U8nR7XUqK4/default.jpg,156.0,L2-BMR Myrtle Baritone,L2,BMR,Baritone,Myrtle,Myrtle,gloss,limited edition,,,"1,695",https://theukulelesite.com/shop-by/brand/oli/oli-torrefied-spruce-myrtle-le-baritone-l2-btsmr-red-ginger-731.html,,L2-BMR,,L2-MR,L2-BMR Myrtle Baritone,True
157,'Oli L2-BTSMR 690 Torrefied Spruce Myrtle Baritone,2024-10-13T23:01:40Z,JMqVqak69jU,https://i.ytimg.com/vi/JMqVqak69jU/default.jpg,157.0,L2-BTSMR 690 Torrefied Spruce Myrtle Baritone,L2,BTSMR,Baritone,Torrefied spruce,Myrtle,gloss,limited edition,,,"1,795",https://theukulelesite.com/shop-by/brand/oli/oli-torrefied-spruce-myrtle-le-baritone-l2-btsmr-red-ginger-690.html,,L2-BTSMR,,L2-TSMR,L2-BTSMR 690 Torrefied Spruce Myrtle Baritone,True
158,'Oli L2-TK Koa Tenor,2024-10-13T23:47:25Z,EbClk1JSk9U,https://i.ytimg.com/vi/EbClk1JSk9U/default.jpg,158.0,L2-TK Koa Tenor,L2,TK,Tenor,Koa,Koa,gloss,,,,1995,https://theukulelesite.com/shop-by/brand/oli/oli-koa-ms-tenor-l2-tk-uhi-679.html,,L2-TK,,L2-K,L2-TK Koa Tenor,True
159,'Oli L2-TMR Myrtle Tenor,2024-10-13T23:48:02Z,tg6itUM1rGo,https://i.ytimg.com/vi/tg6itUM1rGo/default.jpg,159.0,L2-TMR Myrtle Tenor,L2,TMR,Tenor,Myrtle,Myrtle,gloss,limited edition,,new,"1,495",https://theukulelesite.com/shop-by/brand/oli/oli-myrtle-tenor-l2-tmr-le-red-ginger-699.html,True,L2-TMR,,L2-MR,L2-TMR Myrtle Tenor,True
160,'Oli L2-TTSMR Torrefied Spruce Myrtle Tenor,2024-10-13T23:48:19Z,xMqPRcZ_3iY,https://i.ytimg.com/vi/xMqPRcZ_3iY/default.jpg,160.0,L2-TTSMR Torrefied Spruce Myrtle Tenor,L2,TTSMR,Tenor,Torrefied spruce,Myrtle,gloss,limited edition,,,"1,595",https://theukulelesite.com/shop-by/brand/oli/oli-torrefied-spruce-myrtle-le-tenor-l2-ttsmr-red-ginger-658.html,,L2-TTSMR,,L2-TSMR,L2-TTSMR Torrefied Spruce Myrtle Tenor,True
161,'Oli L2-TSFM Spruce Maple Tenor,2024-10-13T23:49:16Z,2cXE8fURmhw,https://i.ytimg.com/vi/2cXE8fURmhw/default.jpg,161.0,L2-TSFM Spruce Maple Tenor,L2,TSFM,Tenor,Spruce,Maple,gloss,,,,"1,395",https://theukulelesite.com/shop-by/brand/oli/oli-spruce-flame-maple-tenor-l2-tsfm-v3-mandala-728.html,,L2-TSFM,,L2-SFM,L2-TSFM Spruce Maple Tenor,True
162,'Oli L2-TRR Redwood Rosewood Tenor,2024-10-13T23:49:46Z,znrZRv_AvsM,https://i.ytimg.com/vi/znrZRv_AvsM/default.jpg,162.0,L2-TRR Redwood Rosewood Tenor,L2,TRR,Tenor,Redwood,Rosewood,gloss,limited edition,,,1595,https://theukulelesite.com/shop-by/brand/oli/oli-curly-redwood-rosewood-le-tenor-l2-trr-red-ginger-590.html,,L2-TRR,,L2-RR,L2-TRR Redwood Rosewood Tenor,True
163,'Oli L2 CCW Cedar Walnut Concert,2024-10-13T23:50:03Z,7CBLztOz62E,https://i.ytimg.com/vi/7CBLztOz62E/default.jpg,163.0,L2 CCW Cedar Walnut Concert,L2,CCW,Concert,Cedar,Walnut,gloss,limited edition,,,"1,345",https://theukulelesite.com/shop-by/brand/oli/oli-cedar-walnut-le-concert-l2-ccw-red-ginger-739.html,True,L2-CCW,,L2-CW,L2 CCW Cedar Walnut Concert,True
164,Cornerstone Custom Baritone #104,2024-10-14T02:46:16Z,DZE7maOaBzA,https://i.ytimg.com/vi/DZE7maOaBzA/default.jpg,,,,,,,,,,,,,,,,,,Cornerstone Custom Baritone #104,False
165,'Oli L1-BSW Baritone Spruce Weru,2024-10-14T03:16:11Z,Jvikcb71dCg,https://i.ytimg.com/vi/Jvikcb71dCg/default.jpg,165.0,L1-BSW Baritone Spruce Weru,L1,BSWU,Baritone,Spruce,Weru,satin,,,new,945,https://theukulelesite.com/shop-by/brand/oli/oli-spruce-top-weru-baritone-l1-bswu-s-714.html,True,L1-BSWU,True,L1-SWU,L1-BSW Baritone Spruce Weru,True
166,'Oli L1 TSW Spruce Weru Tenor,2024-10-14T03:19:05Z,Op5hUHmjFWM,https://i.ytimg.com/vi/Op5hUHmjFWM/default.jpg,166.0,L1 TSW Spruce Weru Tenor,L1,TSWU,Tenor,Spruce,Weru,satin,,,new,845,https://theukulelesite.com/shop-by/brand/oli/oli-spruce-top-weru-tenor-l1-tswu-709.html,True,L1-TSWU,,L1-SWU,L1 TSW Spruce Weru Tenor,True
167,'Oli L1 BCAS Cedar Acacia Baritone,2024-10-17T05:44:26Z,0gdItaqeLkk,https://i.ytimg.com/vi/0gdItaqeLkk/default.jpg,167.0,L1 BCAS Cedar Acacia Baritone,L1,BCAS,Baritone,Cedar,Acacia,satin,,,new,895,https://theukulelesite.com/shop-by/brand/oli/oli-cedar-top-acacia-baritone-l1-bcas-876.html,True,L1-BCAS,True,L1-CAS,L1 BCAS Cedar Acacia Baritone,True
168,'Oli L2 TTSMR Torrefied Spruce Myrtle 668,2024-10-28T08:50:53Z,sfRTZjOJt9Q,https://i.ytimg.com/vi/sfRTZjOJt9Q/default.jpg,168.0,L2 TTSMR Torrefied Spruce Myrtle 668,L2,TTSMR,Tenor,Torrefied spruce,Myrtle,gloss,limited edition,,,"1,595",https://theukulelesite.com/shop-by/oli-torrefied-spruce-myrtle-le-tenor-l2-ttsmr-red-ginger-668.html,,L2-TTSMR,,L2-TSMR,L2 TTSMR Torrefied Spruce Myrtle 668,True
169,'Oli L2 BTSMR Torrefied Spruce Myrtle Baritone 696,2024-10-28T08:56:39Z,31EdPJtmVPU,https://i.ytimg.com/vi/31EdPJtmVPU/default.jpg,169.0,L2 BTSMR Torrefied Spruce Myrtle Baritone 696,L2,BTSMR,Baritone,Torrefied spruce,Myrtle,gloss,,,,,,,L2-BTSMR,,L2-TSMR,L2 BTSMR Torrefied Spruce Myrtle Baritone 696,True
170,'Oli L2 BK 236 Baritone Koa,2024-10-28T08:57:04Z,Chp2cwjW1v0,https://i.ytimg.com/vi/Chp2cwjW1v0/default.jpg,170.0,L2 BK 236 Baritone Koa,L2,BK,Baritone,Koa,Koa,gloss,,,,1995,https://theukulelesite.com/shop-by/brand/oli/oli-koa-baritone-l2-bk-uhi-236.html,,L2-BK,,L2-K,L2 BK 236 Baritone Koa,True
171,'Oli Koa Tenor L2-TK 722,2024-10-28T08:57:28Z,MIcsswpxyHA,https://i.ytimg.com/vi/MIcsswpxyHA/default.jpg,171.0,Koa Tenor L2-TK 722,L2,TK,Tenor,Koa,Koa,gloss,,,,1995,https://theukulelesite.com/oli-mastergrade-koa-tenor-l2-tk-uhi-722.html,,L2-TK,,L2-K,Koa Tenor L2-TK 722,True
172,'Oli L2 CSR,2024-10-28T08:57:48Z,AQo_zqJEOUQ,https://i.ytimg.com/vi/AQo_zqJEOUQ/default.jpg,172.0,L2 CSR,L2,CSR,Concert,Spruce,Rosewood,gloss,,,,1295,https://theukulelesite.com/oli-spruce-rosewood-concert-l2-csr-820.html,,L2-CSR,,L2-SR,L2 CSR,True
173,'Oli Spruce Ebony Tenor L2 TSE,2024-10-28T20:50:42Z,rqkz_lvH1bU,https://i.ytimg.com/vi/rqkz_lvH1bU/default.jpg,173.0,Spruce Ebony Tenor L2 TSE,L2,TSE,Tenor,Spruce,Macassar Ebony ,gloss,,,,"1,495",https://theukulelesite.com/shop-by/brand/oli/oli-spruce-macassar-ebony-tenor-l2-tse-768.html,,L2-TSE,,L2-SE,Spruce Ebony Tenor L2 TSE,True
174,'Oli L2 TCA Cedar Acacia Tenor w Acacia faceplate,2024-10-30T18:36:02Z,jXyTTBsQWN8,https://i.ytimg.com/vi/jXyTTBsQWN8/default.jpg,174.0,L2 TCA Cedar Acacia Tenor w Acacia faceplate,L2,TCA,Tenor,Cedar,Acacia,gloss,,,,"1,095",https://theukulelesite.com/shop-by/brand/oli/oli-cedar-acacia-tenor-l2-tca-785.html,,L2-TCA,,L2-CA,L2 TCA Cedar Acacia Tenor w Acacia faceplate,True
175,'Oli L2 BTSMR 691,2024-11-08T21:37:29Z,SnmXw7vWy7I,https://i.ytimg.com/vi/SnmXw7vWy7I/default.jpg,175.0,L2 BTSMR 691,L2,BTSMR,Baritone,Torrefied spruce,Myrtle,gloss,limited edition,,,"1,795",https://theukulelesite.com/oli-torrefied-spruce-myrtle-le-baritone-l2-btsmr-red-ginger-691-1.html,,L2-BTSMR,,L2-TSMR,L2 BTSMR 691,True
176,'Oli L2-CRR 752 Redwood Rosewood Concert,2024-11-09T20:50:06Z,DLT2brKbUhc,https://i.ytimg.com/vi/DLT2brKbUhc/default.jpg,176.0,L2-CRR 752 Redwood Rosewood Concert,L2,CRR,Concert,Redwood,Rosewood,gloss,limited edition,,,1495,https://theukulelesite.com/oli-redwood-rosewood-le-concert-l2-crr-red-ginger-752.html,,L2-CRR,,L2-RR,L2-CRR 752 Redwood Rosewood Concert,True
177,'Oli L2 CTSMR 677 Concert Torrefied Spruce Myrtle,2024-11-09T20:53:12Z,Eo7lLaX_ITM,https://i.ytimg.com/vi/Eo7lLaX_ITM/default.jpg,177.0,L2 CTSMR 677 Concert Torrefied Spruce Myrtle,L2,CTSMR,Concert,Torrefied spruce,Myrtle,gloss,,,,"1,345",https://theukulelesite.com/shop-by/brand/oli/oli-torrefied-spruce-myrtle-concert-l2-ctsmr-red-ginger-677.html,,L2-CTSMR,,L2-TSMR,L2 CTSMR 677 Concert Torrefied Spruce Myrtle,True
178,'Oli L2-TFM-BR 766 Spruce Maple Tenor,2024-11-09T21:02:12Z,82C8m9g-bUU,https://i.ytimg.com/vi/82C8m9g-bUU/default.jpg,178.0,L2-TFM-BR 766 Spruce Maple Tenor,L2,TSFM-BR,Tenor,Spruce,Maple,gloss,stained brown,,,"1,395",https://theukulelesite.com/shop-by/brand/oli/oli-spruce-flame-maple-tenor-l2-tsfm-br-mandala-766.html,True,L2-TSFM-BR,True,L2-SFM-BR,L2-TFM-BR 766 Spruce Maple Tenor,True
179,'Oli L1 BAS Acacia Baritone,2024-11-09T23:57:32Z,0w5Fdm27YEk,https://i.ytimg.com/vi/0w5Fdm27YEk/default.jpg,179.0,L1 BAS Acacia Baritone,L1,BAS,Baritone,Acacia,Acacia,satin,,,,845,https://theukulelesite.com/shop-by/brand/oli/oli-acacia-baritone-satin-l1-bas-792.html,,L1-BAS,,L1-AS,L1 BAS Acacia Baritone,True
180,'Oli L2-BSFM-BR Spruce Flame Maple Baritone,2024-11-16T20:56:32Z,MaHcDDrlE7I,https://i.ytimg.com/vi/MaHcDDrlE7I/default.jpg,180.0,L2-BSFM-BR Spruce Flame Maple Baritone,L2,BSFM-BR,Baritone,Spruce,Flame Maple,gloss,stained brown,,new,"1,595",https://theukulelesite.com/shop-by/brand/oli/oli-spruce-flame-maple-baritone-l2-bsfm-mandala-773.html,True,L2-BSFM-BR,,L2-SFM-BR,L2-BSFM-BR Spruce Flame Maple Baritone,True
181,'Oli L2-BSE-SB Sunburst Spruce Ebony Baritone,2024-11-16T20:58:08Z,b96nfKXYWdM,https://i.ytimg.com/vi/b96nfKXYWdM/default.jpg,181.0,L2-BSE-SB Sunburst Spruce Ebony Baritone,L2,BSE-SB,Baritone,Spruce,Macassar Ebony ,gloss,sunburst stain,,new,1745,https://theukulelesite.com/shop-by/brand/oli/oli-sunburst-spruce-macassar-ebony-baritone-l2-bse-sb-869.html,True,L2-BSE-SB,True,L2-SE-SB,L2-BSE-SB Sunburst Spruce Ebony Baritone,True
182,'Oli L2-BCR Cedar Rosewood Baritone,2024-11-16T20:58:34Z,N45fxH4AR9E,https://i.ytimg.com/vi/N45fxH4AR9E/default.jpg,182.0,L2-BCR Cedar Rosewood Baritone,L2,BCR,Baritone,Cedar,Rosewood,gloss,,,,"1,595",https://theukulelesite.com/shop-by/brand/oli/oli-cedar-rosewood-baritone-l2-bcr-v3-870.html,,L2-BCR,,L2-CR,L2-BCR Cedar Rosewood Baritone,True
183,'Oli L2-BSE Spruce Ebony Baritone,2024-11-16T20:59:15Z,r1zpsaNpI1g,https://i.ytimg.com/vi/r1zpsaNpI1g/default.jpg,183.0,L2-BSE Spruce Ebony Baritone,L2,BSE,Baritone,Spruce,Macassar Ebony ,gloss,,,,"1,695",https://theukulelesite.com/shop-by/brand/oli/oli-spruce-ebony-baritone-l2-bse-v3-863.html,,L2-BSE,,L2-SE,L2-BSE Spruce Ebony Baritone,True
184,'Oli L2-BTSR Torrefied Spruce Rosewood Baritone,2024-11-16T20:59:52Z,O3ZyEqrBR1M,https://i.ytimg.com/vi/O3ZyEqrBR1M/default.jpg,184.0,L2-BTSR Torrefied Spruce Rosewood Baritone,L2,BTSR,Baritone,Torrefied spruce,Rosewood,gloss,limited edition,,,"1,745",https://theukulelesite.com/shop-by/brand/oli/oli-torrefied-spruce-rosewood-baritone-l2-btsr-le-828.html,,L2-BTSR,,L2-TSR,L2-BTSR Torrefied Spruce Rosewood Baritone,True
185,'Oli L2-CCR Cedar Rosewood Concert,2024-11-17T08:17:53Z,aCvguWK34vw,https://i.ytimg.com/vi/aCvguWK34vw/default.jpg,185.0,L2-CCR Cedar Rosewood Concert,L2,CCR,Concert,Cedar,Rosewood,gloss,,,,1295,https://theukulelesite.com/shop-by/brand/oli/oli-cedar-rosewood-concert-l2-ccr-842.html,,L2-CCR,,L2-CR,L2-CCR Cedar Rosewood Concert,True
186,'Oli L2-CSR Spruce Rosewood Concert,2024-11-17T08:18:15Z,BEaIK6AwPz0,https://i.ytimg.com/vi/BEaIK6AwPz0/default.jpg,186.0,L2-CSR Spruce Rosewood Concert,L2,CSR,Concert,Spruce,Rosewood,gloss,,,,1295,https://theukulelesite.com/shop-by/brand/oli/oli-spruce-rosewood-concert-l2-csr-797.html,,L2-CSR,,L2-SR,L2-CSR Spruce Rosewood Concert,True
187,'Oli L1 CSWU Spruce Weru Concert,2024-11-17T08:18:35Z,L0YRkrz3p_Y,https://i.ytimg.com/vi/L0YRkrz3p_Y/default.jpg,187.0,L1 CSWU Spruce Weru Concert,L1,CSWU,Concert,Spruce,Weru,satin,,,new,795,https://theukulelesite.com/shop-by/brand/oli/oli-cedar-top-weru-concert-l1-ccwu-s-702.html,True,L1-CSWU,,L1-SWU,L1 CSWU Spruce Weru Concert,True
188,'Oli L1-CSMU Spruce Top Merbau Concert,2024-11-17T08:58:59Z,OMjMfnA9_VE,https://i.ytimg.com/vi/OMjMfnA9_VE/default.jpg,188.0,L1-CSMU Spruce Top Merbau Concert,L1,CSMU,Concert,Spruce,Merbau,satin,,2024-11-17,new,,,True,L1-CSMU,,L1-SMU,L1-CSMU Spruce Top Merbau Concert,True
190,aNueNue UT330 Blue Moonbird Tenor w Kalei,2024-12-29T03:45:32Z,46yFhU2ZDhM,https://i.ytimg.com/vi/46yFhU2ZDhM/default.jpg,,,,,,,,,,,,,,,,,,aNueNue UT330 Blue Moonbird Tenor w Kalei,False
191,'Oli L1-TA Acacia Gloss Tenor (2025),2025-01-04T01:41:20Z,JA81lCDvauE,https://i.ytimg.com/vi/JA81lCDvauE/default.jpg,191.0,L1-TA Acacia Gloss Tenor (2025),L1,TA,Tenor,Acacia,Acacia,gloss,,2025-01-03,new,,,,L1-TA,,L1-A,L1-TA Acacia Gloss Tenor (2025),True
192,'Oli L1 BCA,2025-01-06T05:33:21Z,ESZk4DmWXuc,https://i.ytimg.com/vi/ESZk4DmWXuc/default.jpg,192.0,L1 BCA,L1,BCA,Baritone,Cedar,Acacia,gloss,,,new,,,True,L1-BCA,True,L1-CA,L1 BCA,True
193,'Oli L1 TCA Cedar Acacia Tenor,2025-01-06T05:33:45Z,NYfMb3K0YnI,https://i.ytimg.com/vi/NYfMb3K0YnI/default.jpg,193.0,L1 TCA Cedar Acacia Tenor,L1,TCA,Tenor,Cedar,Acacia,gloss,,,new,,,True,L1-TCA,,L1-CA,L1 TCA Cedar Acacia Tenor,True
194,"'Oli L1 Cedar Acacia Baritone & Tenor ""Island Style""",2025-01-06T05:34:36Z,7jPMZ3u0l9k,https://i.ytimg.com/vi/7jPMZ3u0l9k/default.jpg,194.0,"L1 Cedar Acacia Baritone & Tenor ""Island Style""",,,,,,,,,,,,,,,,"L1 Cedar Acacia Baritone & Tenor ""Island Style""",True
195,'Oli L1 TCA S Cedar Top Acacia Satin Tenor,2025-01-06T05:35:00Z,MNqIXfH0Spg,https://i.ytimg.com/vi/MNqIXfH0Spg/default.jpg,195.0,L1 TCA S Cedar Top Acacia Satin Tenor,L1,TCAS,Tenor,Cedar,Acacia,satin,,,,,,True,L1-TCAS,,L1-CAS,L1 TCA S Cedar Top Acacia Satin Tenor,True
196,'Oli L1-CCAS Cedar Top Acacia Concert,2025-01-06T05:35:29Z,IM1deDZkyTE,https://i.ytimg.com/vi/IM1deDZkyTE/default.jpg,196.0,L1-CCAS Cedar Top Acacia Concert,L1,CCAS,Concert,Cedar,Acacia,satin,,,,,,True,L1-CCAS,,L1-CAS,L1-CCAS Cedar Top Acacia Concert,True
197,'Oli L1 CCA Cedar Top Acacia Concert,2025-01-06T05:36:04Z,JE_UBPRGYMU,https://i.ytimg.com/vi/JE_UBPRGYMU/default.jpg,197.0,L1 CCA Cedar Top Acacia Concert,L1,CCA,Concert,Cedar,Acacia,gloss,,,,,,True,L1-CCA,,L1-CA,L1 CCA Cedar Top Acacia Concert,True
198,'Oli L1 BCA S Cedar Acacia Baritone Satin,2025-01-06T05:36:21Z,HJETyix5PeY,https://i.ytimg.com/vi/HJETyix5PeY/default.jpg,198.0,L1 BCA S Cedar Acacia Baritone Satin,L1,BCAS,Baritone,Cedar,Acacia,satin,,,,,,,L1-BCAS,,L1-CAS,L1 BCA S Cedar Acacia Baritone Satin,True
199,"“Kawaipunahele” on L1 Acacia Satin w Mika, Kalei, & Corey",2025-01-10T00:38:25Z,AOURRt7D08c,https://i.ytimg.com/vi/AOURRt7D08c/default.jpg,199.0,"“Kawaipunahele” on L1 Acacia Satin w Mika, Kalei, & Corey",,,,,,,,,,,,,,,,"“Kawaipunahele” on L1 Acacia Satin w Mika, Kalei, & Corey",True
200,'Oli L1 CAS Acacia Concert Satin,2025-01-10T00:39:00Z,c31OguvLAAA,https://i.ytimg.com/vi/c31OguvLAAA/default.jpg,200.0,L1 CAS Acacia Concert Satin,L1,CAS,Concert,Acacia,Acacia,satin,,,,,,,L1-CAS,,L1-AS,L1 CAS Acacia Concert Satin,True
201,'Oli L1 CA 2025 Acacia Concert,2025-01-10T01:03:10Z,p0ncTrkOjoM,https://i.ytimg.com/vi/p0ncTrkOjoM/default.jpg,201.0,L1 CA 2025 Acacia Concert,L1,CA,Concert,Acacia,Acacia,gloss,,,,,,,L1-CA,,L1-A,L1 CA 2025 Acacia Concert,True
202,"Kiss From a Rose w Kalei, Corey, & Mika on 'Oli L1 Acacia gloss",2025-01-10T01:04:22Z,kNV3DD6lw4Y,https://i.ytimg.com/vi/kNV3DD6lw4Y/default.jpg,202.0,"Kiss From a Rose w Kalei, Corey, & Mika on 'Oli L1 Acacia gloss",,,,,,,,,,,,,,,,"Kiss From a Rose w Kalei, Corey, & Mika on L1 Acacia gloss",False
203,'Oli L1 TA 2025 Tenor Acacia,2025-01-10T01:36:50Z,OVPwYlJq0Bg,https://i.ytimg.com/vi/OVPwYlJq0Bg/default.jpg,203.0,L1 TA 2025 Tenor Acacia,L1,TA,Tenor,Acacia,Acacia,gloss,,,,,,,L1-TA,,L1-A,L1 TA 2025 Tenor Acacia,True
204,'Oli L1-CA Concert Acacia w Kalei,2025-01-10T01:45:23Z,tN1iK9HDIl8,https://i.ytimg.com/vi/tN1iK9HDIl8/default.jpg,204.0,L1-CA Concert Acacia w Kalei,L1,CA,Concert,Acacia,Acacia,gloss,,,,,,,L1-CA,,L1-A,L1-CA Concert Acacia w Kalei,True
205,'Oli L1 TAS Acacia Tenor Satin,2025-01-10T07:52:48Z,aOij70UcpiI,https://i.ytimg.com/vi/aOij70UcpiI/default.jpg,205.0,L1 TAS Acacia Tenor Satin,L1,TAS,Tenor,Acacia,Acacia,satin,,,,,,,L1-TAS,,L1-AS,L1 TAS Acacia Tenor Satin,True
206,'Oli L1 CMG Concert Mango w Matt Dahlberg,2025-01-11T23:12:07Z,AOg1Pn8G7S0,https://i.ytimg.com/vi/AOg1Pn8G7S0/default.jpg,206.0,L1 CMG Concert Mango w Matt Dahlberg,L1,CMG,Concert,Mango,Mango,gloss,,,,,,,L1-CMG,,L1-MG,L1 CMG Concert Mango w Matt Dahlberg,True
207,'Oli L2 TQM BL w Low G,2025-01-19T21:37:16Z,_Ns3SgfCBTY,https://i.ytimg.com/vi/_Ns3SgfCBTY/default.jpg,207.0,L2 TQM BL w Low G,L2,TQM-BL,Tenor,Quilted Maple,Quilted Maple,gloss,"blue stain, limited series",,yes,"$1,645",https://theukulelesite.com/oli-quilted-maple-ocean-blue-tenor-l2-tqm-bl-1035.html,True,L2-TQM-BL,True,L2-QM-BL,L2 TQM BL w Low G,True
208,'Oli L2 TQM BL w High G,2025-01-19T21:40:06Z,eDM1VjTI3VA,https://i.ytimg.com/vi/eDM1VjTI3VA/default.jpg,208.0,L2 TQM BL w High G,L2,TQM-BL,Tenor,Quilted Maple,Quilted Maple,gloss,"blue stain, limited series",,,"$1,645",https://theukulelesite.com/oli-quilted-maple-ocean-blue-tenor-l2-tqm-bl-1035.html,,L2-TQM-BL,,L2-QM-BL,L2 TQM BL w High G,True
209,'Oli L2 TQM LB,2025-01-19T21:55:57Z,wemORgz-3uU,https://i.ytimg.com/vi/wemORgz-3uU/default.jpg,209.0,L2 TQM LB,L2,TQM-LB,Tenor,Quilted Maple,Quilted Maple,gloss,"light burst stain, limited series",,yes,"$1,595",https://theukulelesite.com/oli-quilted-maple-light-burst-tenor-l2-tqm-sb-1036.html,True,L2-TQM-LB,True,L2-QM-LB,L2 TQM LB,True
210,'Oli L2 BQM LB,2025-01-19T22:38:40Z,XZXBMHw3FmQ,https://i.ytimg.com/vi/XZXBMHw3FmQ/default.jpg,210.0,L2 BQM LB,L2,BQM-LB,Baritone,Quilted Maple,Quilted Maple,gloss,"light burst stain, limited series",,yes,,,True,L2-BQM-LB,,L2-QM-LB,L2 BQM LB,True
212,'Oli L2 BQM BL Quilted Maple Baritone,2025-01-20T02:54:09Z,dAzkjR_Jsnc,https://i.ytimg.com/vi/dAzkjR_Jsnc/default.jpg,212.0,L2 BQM BL Quilted Maple Baritone,L2,BQM-BL,Baritone,Quilted Maple,Quilted Maple,gloss,blue stain,2025-01-19,,"$1,745",https://theukulelesite.com/oli-quilted-maple-ocean-baritone-l2-bqm-bl-1039.html,True,L2-BQM-BL,,L2-QM-BL,L2 BQM BL Quilted Maple Baritone,True
213,'Oli L1 TMG Mango Tenor Gloss,2025-01-29T22:20:45Z,-H8O9hOtY6I,https://i.ytimg.com/vi/-H8O9hOtY6I/default.jpg,213.0,L1 TMG Mango Tenor Gloss,L1,TMG,Tenor,Mango,Mango,gloss,,2025-01-29,,,,,L1-TMG,,L1-MG,L1 TMG Mango Tenor Gloss,True
214,"""You Are My Sunshine"" on 2025 'Oli Mango Satin Models",2025-01-29T22:42:18Z,_BpK5zAVTck,https://i.ytimg.com/vi/_BpK5zAVTck/default.jpg,214.0,You Are My Sunshine on 2025 'Oli Mango Satin Models,,,,,,,,,,,,,,,,"""You Are My Sunshine"" on 2025 Mango Satin Models",False
215,'Oli L1 CMGS 2025 Concert Mango Satin,2025-01-29T23:01:43Z,vHmlFiegehE,https://i.ytimg.com/vi/vHmlFiegehE/default.jpg,215.0,L1 CMGS 2025 Concert Mango Satin,L1,CMGS,Concert,Mango,Mango,satin,,,,,,,L1-CMGS,,L1-MGS,L1 CMGS 2025 Concert Mango Satin,True
216,'Oli L1SP-TSWA-VB Spruce Waru Vintage Burst Tenor,2025-01-31T19:41:01Z,3z5VE4TXu6c,https://i.ytimg.com/vi/3z5VE4TXu6c/default.jpg,216.0,L1SP-TSWA-VB Spruce Waru Vintage Burst Tenor,L1,TSWU-VB,Tenor,Spruce,Weru,gloss,vintage burst stain,,,,,True,L1-TSWU-VB,True,L1-SWU-VB,L1SP-TSWA-VB Spruce Waru Vintage Burst Tenor,True
217,'Oli L2 CQM BL Quilted Maple Concert,2025-01-31T21:23:17Z,HsZEZZ5R4FM,https://i.ytimg.com/vi/HsZEZZ5R4FM/default.jpg,217.0,L2 CQM BL Quilted Maple Concert,L2,CQM-LB,Concert,Quilted Maple,Quilted Maple,gloss,"light burst stain, limited series",,yes,"$1,395",https://theukulelesite.com/oli-light-burst-quilted-maple-concert-l2-cqm-lb-1047.html,True,L2-CQM-LB,,L2-QM-LB,L2 CQM BL Quilted Maple Concert,True
218,'Oli l2 TSFM LB,2025-01-31T21:46:10Z,DzOQzjyBe9M,https://i.ytimg.com/vi/DzOQzjyBe9M/default.jpg,218.0,l2 TSFM LB,L2,TSFM-LB,Tenor,Spruce,Flame Maple,gloss,light burst stain,,,,,True,L2-TSFM-LB,True,L2-SFM-LB,l2 TSFM LB,True
219,'Oli 2025 L2 TSR Spruce Rosewoodf Tenor,2025-01-31T22:45:19Z,s_5iauwkXNU,https://i.ytimg.com/vi/s_5iauwkXNU/default.jpg,219.0,2025 L2 TSR Spruce Rosewoodf Tenor,L2,TSR,Tenor,Spruce,Rosewood,gloss,pink binding,,,,,,L2-TSR,,L2-SR,2025 L2 TSR Spruce Rosewoodf Tenor,True
220,'Oli L1SP-BSWA Baritone Spruce Waru Vintage Burst w Corey and Matt,2025-02-03T02:54:18Z,JVz1wumivMo,https://i.ytimg.com/vi/JVz1wumivMo/default.jpg,220.0,L1SP-BSWA Baritone Spruce Waru Vintage Burst w Corey and Matt,L1,BSWU-VB,Baritone,Spruce,Weru,gloss,vintage burst stain,,yes,"$1,195",https://theukulelesite.com/oli-spruce-waru-vintage-burst-baritone-l1sp-bswa-1008.html,True,L1-BSWU-VB,,L1-SWU-VB,L1SP-BSWA Baritone Spruce Waru Vintage Burst w Corey and Matt,True
221,'Oli L2 CCR Cedar Rosewood Concert,2025-02-05T01:12:16Z,LGYh2ZiOJpU,https://i.ytimg.com/vi/LGYh2ZiOJpU/default.jpg,221.0,L2 CCR Cedar Rosewood Concert,L2,CCR,Concert,Cedar,Rosewood,gloss,blue binding,,,,,,L2-CCR,,L2-CR,L2 CCR Cedar Rosewood Concert,True
222,'Oli L2 CSR 2025 Spruce Rosewood Concert,2025-02-05T01:12:49Z,WcuYxImeiio,https://i.ytimg.com/vi/WcuYxImeiio/default.jpg,222.0,L2 CSR 2025 Spruce Rosewood Concert,L2,CSR,Concert,Spruce,Rosewood,gloss,pink binding,,,,,,L2-CSR,,L2-SR,L2 CSR 2025 Spruce Rosewood Concert,True
223,'Oli X-SMH-S Mahogany Soprano,2025-02-05T19:28:11Z,TygkMqVWevU,https://i.ytimg.com/vi/TygkMqVWevU/default.jpg,223.0,X-SMH-S Mahogany Soprano,X,SMHS,Soprano,Mahogany,Mahogany,satin,,,,,,True,X-SMHS,True,X-MHS,X-SMH-S Mahogany Soprano,True
224,'Oli L1-TPMG Mango Pineapple Tenor,2025-02-07T19:52:03Z,AACVi1kq-bg,https://i.ytimg.com/vi/AACVi1kq-bg/default.jpg,224.0,L1-TPMG Mango Pineapple Tenor,L1,TPMG,Tenor,Mango,Mango,gloss,pineapple,,yes,795,https://theukulelesite.com/oli-mango-pineapple-tenor-l1-tpmg-1044.html,True,L1-TPMG,True,L1-PMG,L1-TPMG Mango Pineapple Tenor,True
225,'Oli L2 Mango Tenor,2025-02-07T19:52:21Z,GG-4-RpFUOA,https://i.ytimg.com/vi/GG-4-RpFUOA/default.jpg,225.0,L2 Mango Tenor,L2,TMG,Tenor,Mahogany,Mango,gloss,,,,,,,L2-TMG,,L2-MG,L2 Mango Tenor,True
226,'Oli 2025 Monstera Tenor,2025-02-07T19:52:45Z,lQqvE-sIe6k,https://i.ytimg.com/vi/lQqvE-sIe6k/default.jpg,226.0,2025 Monstera Tenor,L2,TCA,Tenor,Cedar,Acacia,gloss,monstera,,,,,,L2-TCA,,L2-CA,2025 Monstera Tenor,True
227,'Oli 2025 L1 Baritone Mango Gloss,2025-02-07T22:08:15Z,IhQFo9gYmus,https://i.ytimg.com/vi/IhQFo9gYmus/default.jpg,227.0,2025 L1 Baritone Mango Gloss,L1,BMG,Baritone,Mango,Mango,gloss,,,,,,,L1-BMG,,L1-MG,2025 L1 Baritone Mango Gloss,True
228,'Oli 2025 L2 Concert Mango,2025-02-07T22:08:39Z,OPoaDZWwwmU,https://i.ytimg.com/vi/OPoaDZWwwmU/default.jpg,228.0,2025 L2 Concert Mango,L2,CMG,Concert,Mango,Mango,gloss,,,,,,,L2-CMG,,L2-MG,2025 L2 Concert Mango,True
229,'Oli L2 TSFM 729 Spruce Top Flame Maple Tenor,2025-02-08T18:44:02Z,8aAE1qNmvUQ,https://i.ytimg.com/vi/8aAE1qNmvUQ/default.jpg,229.0,L2 TSFM 729 Spruce Top Flame Maple Tenor,L2,TSFM,Tenor,Spruce,Flame Maple,gloss,,,,,,,L2-TSFM,,L2-SFM,L2 TSFM 729 Spruce Top Flame Maple Tenor,True
230,'Oli BRR 645 Redwood Rosewood Baritone,2025-02-08T18:54:42Z,rwmW680HZCM,https://i.ytimg.com/vi/rwmW680HZCM/default.jpg,230.0,BRR 645 Redwood Rosewood Baritone,L2,BRR,Baritone,Redwood,Rosewood,gloss,,,,,https://theukulelesite.com/oli-redwood-rosewood-le-baritone-l2-brr-red-ginger-645-1.html,,L2-BRR,,L2-RR,BRR 645 Redwood Rosewood Baritone,True
231,'Oli L2 BK 251 Koa Baritone,2025-02-08T19:12:37Z,2473t_wtxdA,https://i.ytimg.com/vi/2473t_wtxdA/default.jpg,231.0,L2 BK 251 Koa Baritone,L2,BK,Baritone,Koa,Koa,gloss,,,,,,,L2-BK,,L2-K,L2 BK 251 Koa Baritone,True
232,'Oli L2 BK 316 Koa Baritone,2025-02-08T19:21:44Z,rHJJgb8pbIo,https://i.ytimg.com/vi/rHJJgb8pbIo/default.jpg,232.0,L2 BK 316 Koa Baritone,L2,BK,Baritone,Koa,Koa,gloss,,,,,,,L2-BK,,L2-K,L2 BK 316 Koa Baritone,True
233,'Oli L2 BK 669 Koa Baritone,2025-02-08T19:34:43Z,5iUYOEsfexE,https://i.ytimg.com/vi/5iUYOEsfexE/default.jpg,233.0,L2 BK 669 Koa Baritone,L2,BK,Baritone,Koa,Koa,gloss,,,,,,,L2-BK,,L2-K,L2 BK 669 Koa Baritone,True
234,'Oli L2 Bk 665 Koa Baritone,2025-02-08T19:36:32Z,oJ_ZjJ7I0-M,https://i.ytimg.com/vi/oJ_ZjJ7I0-M/default.jpg,234.0,L2 Bk 665 Koa Baritone,L2,BK,Baritone,Koa,Koa,gloss,,,,,,,L2-BK,,L2-K,L2 Bk 665 Koa Baritone,True
235,'Oli L2 BK 325 Koa Baritone,2025-02-08T19:40:57Z,OwlUDJLhAKI,https://i.ytimg.com/vi/OwlUDJLhAKI/default.jpg,235.0,L2 BK 325 Koa Baritone,L2,BK,Baritone,Koa,Koa,gloss,,,,,,,L2-BK,,L2-K,L2 BK 325 Koa Baritone,True
236,'Oli l2 CRR 745,2025-02-08T19:47:28Z,bQGOMwoxgsY,https://i.ytimg.com/vi/bQGOMwoxgsY/default.jpg,236.0,l2 CRR 745,L2,CRR,Concert,Redwood,Rosewood,gloss,,,,,,,L2-CRR,,L2-RR,l2 CRR 745,True
237,'Oli 2025 L1-CAS 1055 Acacia Satin Concert,2025-02-08T19:59:50Z,n0sEYxxe7y0,https://i.ytimg.com/vi/n0sEYxxe7y0/default.jpg,237.0,2025 L1-CAS 1055 Acacia Satin Concert,L1,CAS,Concert,Acacia,Acacia,satin,,,,,,,L1-CAS,,L1-AS,2025 L1-CAS 1055 Acacia Satin Concert,True
238,'Oli L2 BRR 609 Redwood Rosewood Baritone,2025-02-08T20:25:10Z,-ShR62NaQ5M,https://i.ytimg.com/vi/-ShR62NaQ5M/default.jpg,238.0,L2 BRR 609 Redwood Rosewood Baritone,L2,BRR,Baritone,Redwood,Rosewood,gloss,,,,,https://theukulelesite.com/oli-redwood-rosewood-le-baritone-l2-brr-red-ginger-609-1.html,,L2-BRR,,L2-RR,L2 BRR 609 Redwood Rosewood Baritone,True
239,'Oli L2-BSR 2025 1102,2025-02-08T20:27:45Z,Bcng08Q5kOo,https://i.ytimg.com/vi/Bcng08Q5kOo/default.jpg,239.0,L2-BSR 2025 1102,L2,BSR,Baritone,Spruce,Rosewood,gloss,,,,,,,L2-BSR,,L2-SR,L2-BSR 2025 1102,True
240,'Oli 2025 L2 BCR,2025-02-08T20:48:57Z,jyQJnSxNgh0,https://i.ytimg.com/vi/jyQJnSxNgh0/default.jpg,240.0,2025 L2 BCR,L2,BCR,Baritone,Cedar,Rosewood,gloss,,,,,,,L2-BCR,,L2-CR,2025 L2 BCR,True
241,'Oli L3-CRMI Redwood Milo Concert 1,2025-02-08T20:49:18Z,j9jPvXrlJAc,https://i.ytimg.com/vi/j9jPvXrlJAc/default.jpg,241.0,L3-CRMI Redwood Milo Concert 1,L3,CRML,Concert,Redwood,Milo,gloss,,,yes,2195,https://theukulelesite.com/oli-redwood-hawaiian-milo-le-concert-l3-crmi-hoala-milo-1.html,True,L3-CRML,True,L3-RML,L3-CRMI Redwood Milo Concert 1,True
242,'Oli L3 Plumeria Tenor 1033,2025-02-08T20:49:40Z,oSym4KiyAHc,https://i.ytimg.com/vi/oSym4KiyAHc/default.jpg,242.0,L3 Plumeria Tenor 1033,L3,TSR-P,Tenor,Spruce,Rosewood,gloss,Plumeria,,yes,1995,https://theukulelesite.com/oli-spruce-rosewood-tenor-le-l3-tsr-plumeria-1.html,True,L3-TSR-P,True,L3-SR-P,L3 Plumeria Tenor 1033,True
243,"""In My Life"" 'Oli L3-TCE  L3-TSR  L2-GSR",2025-02-08T23:08:39Z,r7zRtjvEwxM,https://i.ytimg.com/vi/r7zRtjvEwxM/default.jpg,243.0,In My Life 'Oli L3-TCE L3-TSR L2-GSR,,,,,,,,,,,,,,,,"""In My Life"" L3-TCE  L3-TSR  L2-GSR",False
244,'Oli L1 TAS 963,2025-02-10T03:24:54Z,qIKqcWcqiIg,https://i.ytimg.com/vi/qIKqcWcqiIg/default.jpg,244.0,L1 TAS 963,L1,TAS,Tenor,Acacia,Acacia,satin,,,,,,,L1-TAS,,L1-AS,L1 TAS 963,True
245,'Oli L1 CMGS 919,2025-02-10T03:27:18Z,z4wReLDOiTc,https://i.ytimg.com/vi/z4wReLDOiTc/default.jpg,245.0,L1 CMGS 919,L1,CMGS,Concert,Mango,Mango,satin,,,,,,,L1-CMGS,,L1-MGS,L1 CMGS 919,True
246,'Oli 2025 L2-BMG 1038,2025-02-10T03:29:22Z,zTu__bpOOkA,https://i.ytimg.com/vi/zTu__bpOOkA/default.jpg,246.0,2025 L2-BMG 1038,L2,BMG,Baritone,Mango,Mango,gloss,,2025-02-09,,,,,L2-BMG,,L2-MG,2025 L2-BMG 1038,True
247,'Oli L2 BSFM-LB 1071 Spruce Maple Baritone,2025-02-14T21:36:56Z,DAscxwat_Vc,https://i.ytimg.com/vi/DAscxwat_Vc/default.jpg,247.0,L2 BSFM-LB 1071 Spruce Maple Baritone,L2,BSFM-LB,Baritone,Spruce,Flame Maple,gloss,light burst stain,2025-02-14,,,,True,L2-BSFM-LB,,L2-SFM-LB,L2 BSFM-LB 1071 Spruce Maple Baritone,True
248,'Oli L2 CQM LB 1047,2025-02-14T23:42:49Z,-3SRZE38g20,https://i.ytimg.com/vi/-3SRZE38g20/default.jpg,248.0,L2 CQM LB 1047,L2,CQM-LB,Concert,Quilted Maple,Quilted Maple,gloss,light burst stain,,,"$1,395",https://theukulelesite.com/oli-light-burst-quilted-maple-concert-l2-cqm-lb-1047.html,,L2-CQM-LB,,L2-QM-LB,L2 CQM LB 1047,True
249,'Oli L2 BMR 733,2025-02-14T23:52:57Z,yuMy6CSvF28,https://i.ytimg.com/vi/yuMy6CSvF28/default.jpg,249.0,L2 BMR 733,L2,BMR,Baritone,Myrtle,Myrtle,gloss,,,,,,,L2-BMR,,L2-MR,L2 BMR 733,True
250,'Oli L2-BTSMR 684,2025-02-15T00:06:04Z,cU0AnCPEduk,https://i.ytimg.com/vi/cU0AnCPEduk/default.jpg,250.0,L2-BTSMR 684,L2,BTSMR,Baritone,Torrefied spruce,Myrtle,gloss,,,,,,,L2-BTSMR,,L2-TSMR,L2-BTSMR 684,True
251,'Oli L2 TMG Spalted Mango Tenor 596,2025-02-18T09:37:35Z,2dHY0K1Wpaw,https://i.ytimg.com/vi/2dHY0K1Wpaw/default.jpg,251.0,L2 TMG Spalted Mango Tenor 596,L2,TMG,Tenor,Spalted Mango ,Spalted Mango ,gloss,,,,,,,L2-TMG,,L2-MG,L2 TMG Spalted Mango Tenor 596,True
252,'Oli L2 TCA 783,2025-02-20T19:02:49Z,kGD-EnRr8D8,https://i.ytimg.com/vi/kGD-EnRr8D8/default.jpg,252.0,L2 TCA 783,L2,TCA,Tenor,Cedar,Acacia,gloss,,,,,,,L2-TCA,,L2-CA,L2 TCA 783,True
253,'Oli L2 CSR 799,2025-02-23T00:48:39Z,zRlBU3vS-C8,https://i.ytimg.com/vi/zRlBU3vS-C8/default.jpg,253.0,L2 CSR 799,L2,CSR,Concert,Spruce,Rosewood,gloss,,,,,,,L2-CSR,,L2-SR,L2 CSR 799,True
254,'Oli Baritone L2 BSFM BR 798,2025-02-23T00:49:01Z,LcPSAmOU_dw,https://i.ytimg.com/vi/LcPSAmOU_dw/default.jpg,254.0,Baritone L2 BSFM BR 798,L2,BSFM-BR,Baritone,Flame Maple,Flame Maple,gloss,stained brown,,,,,,L2-BSFM-BR,,L2-SFM-BR,Baritone L2 BSFM BR 798,True
255,'Oli Baritone L2 BRR 650,2025-02-23T00:49:17Z,nMw6YZwnGus,https://i.ytimg.com/vi/nMw6YZwnGus/default.jpg,255.0,Baritone L2 BRR 650,L2,BRR,Baritone,Redwood,Rosewood,gloss,,,,,https://theukulelesite.com/oli-redwood-rosewood-le-baritone-l2-brr-red-ginger-650-1.html,,L2-BRR,,L2-RR,Baritone L2 BRR 650,True
256,'Oli L2 BSE 862,2025-02-23T01:54:10Z,9NUeYBhX9dU,https://i.ytimg.com/vi/9NUeYBhX9dU/default.jpg,256.0,L2 BSE 862,L2,BSE,Baritone,Spruce,Ebony,gloss,,2025-02-22,,,,,L2-BSE,,L2-SE,L2 BSE 862,True
257,'Oli L2-BTSMR 689 Baritone Torrefied Spruce Myrtle Limited Edition,2025-03-08T00:49:26Z,6m6V7lV8yg4,https://i.ytimg.com/vi/6m6V7lV8yg4/default.jpg,257.0,L2-BTSMR 689 Baritone Torrefied Spruce Myrtle Limited Edition,L2,BTSMR,Baritone,Torrefied spruce,Myrtle,gloss,limited edition,,,,,,L2-BTSMR,,L2-TSMR,L2-BTSMR 689 Baritone Torrefied Spruce Myrtle Limited Edition,True
258,'Oli L2 TTSMR Torrefied Spruce Myrtle Tenor 667,2025-03-08T01:17:12Z,fVixLG6ObvY,https://i.ytimg.com/vi/fVixLG6ObvY/default.jpg,258.0,L2 TTSMR Torrefied Spruce Myrtle Tenor 667,L2,TTSMR,Tenor,Torrefied spruce,Myrtle,gloss,,,,,,,L2-TTSMR,,L2-TSMR,L2 TTSMR Torrefied Spruce Myrtle Tenor 667,True
259,'Oli L2 BRR 608,2025-03-08T01:43:22Z,QxFFVUr9EqQ,https://i.ytimg.com/vi/QxFFVUr9EqQ/default.jpg,259.0,L2 BRR 608,L2,BRR,Baritone,Redwood,Rosewood,gloss,,,,,https://theukulelesite.com/oli-redwood-rosewood-le-baritone-l2-brr-red-ginger-608-1.html,,L2-BRR,,L2-RR,L2 BRR 608,True
260,'Oli L2 BK 317 Koa Baritone,2025-03-13T18:30:50Z,ajZLMd6mnp0,https://i.ytimg.com/vi/ajZLMd6mnp0/default.jpg,260.0,L2 BK 317 Koa Baritone,L2,BK,Baritone,Koa,Koa,gloss,,,,,,,L2-BK,,L2-K,L2 BK 317 Koa Baritone,True
261,'Oli L2-CCR 1096 w Kalei,2025-03-18T10:27:23Z,fg3aNABfiZ4,https://i.ytimg.com/vi/fg3aNABfiZ4/default.jpg,261.0,L2-CCR 1096 w Kalei,L2,CCR,Concert,Cedar,Rosewood,gloss,,,,,,,L2-CCR,,L2-CR,L2-CCR 1096 w Kalei,True
262,'Oli L2 CCR w Low G,2025-03-18T10:31:29Z,JTrwghaM3Uc,https://i.ytimg.com/vi/JTrwghaM3Uc/default.jpg,262.0,L2 CCR w Low G,L2,CCR,Concert,Cedar,Rosewood,gloss,,,,,,,L2-CCR,,L2-CR,L2 CCR w Low G,True
263,'Oli L2-TMG 599 Spalted Mango Tenor,2025-03-18T10:47:48Z,hj1rKNd9Qi4,https://i.ytimg.com/vi/hj1rKNd9Qi4/default.jpg,263.0,L2-TMG 599 Spalted Mango Tenor,L2,TMG,Tenor,Spalted Mango ,Spalted Mango ,gloss,,,,,,,L2-TMG,,L2-MG,L2-TMG 599 Spalted Mango Tenor,True
264,'Oli L1 TA Acacia Tenor Gloss w High G,2025-03-18T10:49:08Z,HYj4Ajz2II4,https://i.ytimg.com/vi/HYj4Ajz2II4/default.jpg,264.0,L1 TA Acacia Tenor Gloss w High G,L1,TA,Tenor,Acacia,Acacia,gloss,,,,,,,L1-TA,,L1-A,L1 TA Acacia Tenor Gloss w High G,True
265,'Oli L1 BMG w High D Reentrant tuning,2025-03-18T10:55:21Z,qeaBRTI-mrA,https://i.ytimg.com/vi/qeaBRTI-mrA/default.jpg,265.0,L1 BMG w High D Reentrant tuning,L1,BMG,Baritone,Mango,Mango,gloss,,,,,,,L1-BMG,,L1-MG,L1 BMG w High D Reentrant tuning,True
266,'Oli L2-BSR Spruce Rosewood Baritone 208,2025-03-25T19:26:56Z,2QbE-g2aYnA,https://i.ytimg.com/vi/2QbE-g2aYnA/default.jpg,266.0,L2-BSR Spruce Rosewood Baritone 208,L2,BSR,Baritone,Spruce,Rosewood,gloss,,2025-03-25,,,,,L2-BSR,,L2-SR,L2-BSR Spruce Rosewood Baritone 208,True
267,'Oli L2-BCPW 1202 Port Orford Cedar Walnut Baritone,2025-04-23T09:44:00Z,7trxU1gHqiU,https://i.ytimg.com/vi/7trxU1gHqiU/default.jpg,267.0,L2-BCPW 1202 Port Orford Cedar Walnut Baritone,L2,BCPW,Baritone,Port Orford Cedar,Walnut,gloss,limited edition,2025-04-23,,"$1,795",https://theukulelesite.com/shop-by/brand/oli/oli-port-orford-cedar-claro-walnut-le-baritone-l2-bcpw-diamond-head-moon-1202.html,True,L2-BCPW,True,L2-CPW,L2-BCPW 1202 Port Orford Cedar Walnut Baritone,True
268,'Oli L2-BRCM 1177 Redwood Hawaiian (Cuban) Mahogany Baritone,2025-04-23T09:46:50Z,7sp8cCNh6Rs,https://i.ytimg.com/vi/7sp8cCNh6Rs/default.jpg,268.0,L2-BRCM 1177 Redwood Hawaiian (Cuban) Mahogany Baritone,L2,BRCM,Baritone,Redwood,Hawaiian (Cuban) Mahogany,gloss,,,yes,1895,https://theukulelesite.com/shop-by/oli-curly-redwood-hawaiian-cuban-mahogany-le-baritone-l2-brcm-1177.html,True,L2-BRCM,True,L2-RCM,L2-BRCM 1177 Redwood Hawaiian (Cuban) Mahogany Baritone,True
269,'Oli X2-TTSRR Torrefied Spruce Rosewood Tenor,2025-04-24T05:04:46Z,5opERUz7YWM,https://i.ytimg.com/vi/5opERUz7YWM/default.jpg,269.0,X2-TTSRR Torrefied Spruce Rosewood Tenor,X2,TTSRR,Tenor,Torrefied spruce,Rosewood,gloss,,,,1495,https://theukulelesite.com/shop-by/brand/oli/oli-torrefied-spruce-red-rosewood-le-tenor-x2-ttsrr-1165.html,True,X2-TTSRR,True,X2-TSRR,X2-TTSRR Torrefied Spruce Rosewood Tenor,True
270,'Oli X2 TCRBW 1161Cedar Rosewood Tenor,2025-04-24T06:22:06Z,n3hy_VOpQc0,https://i.ytimg.com/vi/n3hy_VOpQc0/default.jpg,270.0,X2 TCRBW 1161Cedar Rosewood Tenor,X2,TCRBW,Tenor,Cedar,Black and White Rosewood,gloss,,,,1495,https://theukulelesite.com/shop-by/brand/oli/oli-cedar-bw-rosewood-le-tenor-x2-tcr-bw-1161.html,True,X2-TCRBW,True,X2-CRBW,X2 TCRBW 1161Cedar Rosewood Tenor,True
271,"""Oli L2-TCPMR Port Orford Cedar Myrtle Tenor 1194",2025-04-24T10:00:48Z,oiHEZKaN8ik,https://i.ytimg.com/vi/oiHEZKaN8ik/default.jpg,271.0,L2-TCPMR Port Orford Cedar Myrtle Tenor 1194,L2,TCPMR,Tenor,Port Orford Cedar,Myrtle,gloss,,,,1595,https://theukulelesite.com/shop-by/brand/oli/oli-port-orford-cedar-myrtle-le-tenor-l2-tcpmr-diamond-head-moon-1194.html,True,L2-TCPMR,True,L2-CPMR,"""Oli L2-TCPMR Port Orford Cedar Myrtle Tenor 1194",False
272,'Oli L3 TCPML Port Orford Cedar Milo Tenor LE 1272,2025-04-24T10:03:03Z,nPwQCLnVzXA,https://i.ytimg.com/vi/nPwQCLnVzXA/default.jpg,272.0,L3 TCPML Port Orford Cedar Milo Tenor LE 1272,L3,TCPML,Tenor,Port Orford Cedar,Milo,gloss,limited edition,,yes,1995,https://theukulelesite.com/shop-by/brand/oli/oli-port-orford-cedar-hawaiian-milo-le-tenor-l3-tcpml-hoala-milo-1272.html,True,L3-TCPML,True,L3-CPML,L3 TCPML Port Orford Cedar Milo Tenor LE 1272,True
273,'Oli L3 TSML Spruce Milo LE Tenor,2025-04-24T10:04:04Z,sGCvfH3n-jE,https://i.ytimg.com/vi/sGCvfH3n-jE/default.jpg,273.0,L3 TSML Spruce Milo LE Tenor 1266,L3,TSML,Tenor,Spruce,Milo,gloss,limited edition,,yes,1995,https://theukulelesite.com/shop-by/brand/oli/oli-spruce-hawaiian-milo-le-tenor-l3-tsml-hoala-milo-1266.html,True,L3-TSML,True,L3-SML,L3 TSML Spruce Milo LE Tenor,False
274,'Oli L2-TMR 1264,2025-04-26T08:42:58Z,hbqVG8Z0oe0,https://i.ytimg.com/vi/hbqVG8Z0oe0/default.jpg,274.0,L2-TMR 1264,L2,TMR,Tenor,Myrtle,Myrtle,gloss,,,,1495,https://theukulelesite.com/shop-by/brand/oli/oli-myrtle-tenor-l2-tmr-le-1264.html,,L2-TMR,,L2-MR,L2-TMR 1264,True
275,'Oli L2 TMR Tiger Myrtle Tenor w GOAA Pickup,2025-04-26T20:46:26Z,zRfaN-XZgVE,https://i.ytimg.com/vi/zRfaN-XZgVE/default.jpg,275.0,L2 TMR Tiger Myrtle Tenor w GOAA Pickup,L2,TMR,Tenor,Myrtle,Myrtle,gloss,GOAA Pickup,,,1795,https://theukulelesite.com/shop-by/brand/oli/oli-myrtle-tenor-w-goaa-pickup-installed-l2-tmr-eg-1263.html,,L2-TMR,,L2-MR,L2 TMR Tiger Myrtle Tenor w GOAA Pickup,True
276,'Oli X2-BCR-BW 1144 Cedar Rosewood X braced Baritone,2025-04-27T01:58:04Z,PTMO6cWPf9o,https://i.ytimg.com/vi/PTMO6cWPf9o/default.jpg,276.0,X2-BCR-BW 1144 Cedar Rosewood X braced Baritone,X2,BCRBW,Baritone,Cedar,Black and White Rosewood,gloss,,,,1595,https://theukulelesite.com/shop-by/brand/oli/oli-cedar-bw-rosewood-le-baritone-x2-bcr-bw-1144.html,True,X2-BCRBW,,X2-CRBW,X2-BCR-BW 1144 Cedar Rosewood X braced Baritone,True
277,'Oli L3 TRML  Curly Redwood Milo Tenor 1271,2025-05-11T02:47:09Z,WArzRddPDZ8,https://i.ytimg.com/vi/WArzRddPDZ8/default.jpg,277.0,L3 TRML Curly Redwood Milo Tenor 1271,L3,TRML,Tenor,Curly Redwood,Milo,gloss,limited edition,,yes,2095,https://theukulelesite.com/shop-by/price/999-and-up/oli-curly-redwood-hawaiian-milo-le-tenor-l3-trml-hoala-milo-1271.html,True,L3-TRML,,L3-RML,L3 TRML  Curly Redwood Milo Tenor 1271,False
278,'Oli L3 TRML 1290 Curly Redwood Milo LE Tenor,2025-05-11T03:31:48Z,eLa250snUmE,https://i.ytimg.com/vi/eLa250snUmE/default.jpg,278.0,L3 TRML 1290 Curly Redwood Milo LE Tenor,L3,TRML,Tenor,Curly Redwood,Milo,gloss,limited edition,,,2095,https://theukulelesite.com/shop-by/brand/oli/oli-curly-redwood-hawaiian-milo-le-tenor-l3-trml-hoala-milo-1290.html,,L3-TRML,,L3-RML,L3 TRML 1290 Curly Redwood Milo LE Tenor,True
279,'Oli L-CM-S Satin Mahogany Concert,2025-05-11T04:02:23Z,lpPQExQbSZI,https://i.ytimg.com/vi/lpPQExQbSZI/default.jpg,279.0,L-CM-S Satin Mahogany Concert,L,CMS,Concert,Mahogany,Mahogany,satin,,,yes,495,https://theukulelesite.com/shop-by/brand/oli/oli-mahogany-concert-satin-l-cm-s-1085.html,True,L-CMS,True,L-MS,L-CM-S Satin Mahogany Concert,True
280,'Oli L-TM-S Satin Mahogany Tenor,2025-05-11T04:16:22Z,Nj-WvhE59Ek,https://i.ytimg.com/vi/Nj-WvhE59Ek/default.jpg,280.0,L-TM-S Satin Mahogany Tenor,L,TMS,Tenor,Mahogany,Mahogany,satin,,,yes,565,https://theukulelesite.com/shop-by/brand/oli/oli-mahogany-tenor-satin-l-tm-s-1095.html,True,L-TMS,,L-MS,L-TM-S Satin Mahogany Tenor,True
281,'Oli L-BM-S Satin Mahogany Baritone,2025-05-11T04:44:23Z,NXrSovQvnTE,https://i.ytimg.com/vi/NXrSovQvnTE/default.jpg,281.0,L-BM-S Satin Mahogany Baritone,L,BMS,Baritone,Mahogany,Mahogany,satin,,,yes,625,https://theukulelesite.com/oli-satin-mahogany-baritone-l-bm-s-1079.html,True,L-BMS,,L-MS,L-BM-S Satin Mahogany Baritone,True
282,'Oli L2 TKE Koa Ebony Tenor,2025-05-11T06:01:06Z,NYBejTZgJfw,https://i.ytimg.com/vi/NYBejTZgJfw/default.jpg,282.0,L2 TKE Koa Ebony Tenor,L2,TKE,Tenor,Koa,Ebony,gloss,,,yes,1795,https://theukulelesite.com/shop-by/brand/oli/oli-koa-macassar-ebony-tenor-l2-tke-1190.html,True,L2-TKE,True,L2-KE,L2 TKE Koa Ebony Tenor,True
283,'Oli L2 CQM BL Quilted Maple Concert 1155,2025-05-11T07:01:20Z,ff7o3eSwELE,https://i.ytimg.com/vi/ff7o3eSwELE/default.jpg,283.0,L2 CQM BL Quilted Maple Concert 1155,L2,CQM-BL,Concert,Quilted Maple,Quilted Maple,gloss,blue stain,,yes,1495,https://theukulelesite.com/shop-by/brand/oli/oli-ocean-blue-quilted-maple-concert-l2-cqm-bl-1155.html,True,L2-CQM-BL,,L2-QM-BL,L2 CQM BL Quilted Maple Concert 1155,True
284,'Oli X2 BTSRR 1109 Torrefied Spruce Rosewood Baritone,2025-05-11T07:23:53Z,UEpCcA2lKCk,https://i.ytimg.com/vi/UEpCcA2lKCk/default.jpg,284.0,X2 BTSRR 1109 Torrefied Spruce Rosewood Baritone,X2,BTSRR,Baritone,Torrefied spruce,Red Rosewood,gloss,,,yes,1595,https://theukulelesite.com/shop-by/brand/oli/oli-torrefied-spruce-red-rosewood-le-baritone-x2-btsrr-1109.html,True,X2-BTSRR,,X2-TSRR,X2 BTSRR 1109 Torrefied Spruce Rosewood Baritone,True
285,'Oli L2 TCPE 1191 Port Orford Cedar Ebony Tenor,2025-05-11T08:10:47Z,G39M_m04f6U,https://i.ytimg.com/vi/G39M_m04f6U/default.jpg,285.0,L2 TCPE 1191 Port Orford Cedar Ebony Tenor,L2,TCPE,Tenor,Port Orford Cedar,Ebony,gloss,,,yes,1595,https://theukulelesite.com/shop-by/brand/oli/oli-port-orford-cedar-macassar-ebony-tenor-l2-tcpe-1191.html,True,L2-TCPE,True,L2-CPE,L2 TCPE 1191 Port Orford Cedar Ebony Tenor,True
286,'Oli L2 TTSCM Torrefied Spruce Hawaiian Cuban Mahogany Tenor,2025-05-11T09:27:35Z,vdwfXQ1iuIY,https://i.ytimg.com/vi/vdwfXQ1iuIY/default.jpg,286.0,L2 TTSCM Torrefied Spruce Hawaiian Cuban Mahogany Tenor,L2,TTSCM,Tenor,Torrefied spruce,Hawaiian (Cuban) Mahogany,gloss,,,yes,1595,https://theukulelesite.com/shop-by/brand/oli/oli-torrefied-spruce-hawaiian-mahogany-le-tenor-l2-ttscm-1193.html,True,L2-TTSCM,True,L2-TSCM,L2 TTSCM Torrefied Spruce Hawaiian Cuban Mahogany Tenor,True
287,'Oli L3 BSR P Spruce Rosewood Plumeria LE Baritone,2025-05-12T19:52:55Z,U2jX0nAFijk,https://i.ytimg.com/vi/U2jX0nAFijk/default.jpg,287.0,L3 BSR P Spruce Rosewood Plumeria LE Baritone,L3,BSR-P,Baritone,Spruce,Rosewood,gloss,Plumeria,,yes,,,True,L3-BSR-P,,L3-SR-P,L3 BSR P Spruce Rosewood Plumeria LE Baritone,True
288,'Oli L2 BRCM Redwood Cuban Hawaiian Mahogany 1174,2025-05-12T20:34:36Z,m8q112Vr7Js,https://i.ytimg.com/vi/m8q112Vr7Js/default.jpg,288.0,L2 BRCM Redwood Cuban Hawaiian Mahogany 1174,L2,BRCM-SB,Baritone,Redwood,Hawaiian (Cuban) Mahogany,gloss,sunburst stain,,yes,1595,https://theukulelesite.com/shop-by/brand/oli/oli-redwood-hawaiian-cuban-mahogany-le-baritone-l2-brcm-1174.html,True,L2-BRCM-SB,True,L2-RCM-SB,L2 BRCM Redwood Cuban Hawaiian Mahogany 1174,True
289,'Oli L2-TFM-SB Flame Maple Sunburst Tenor 1188,2025-05-12T20:56:06Z,ur06v3xohPA,https://i.ytimg.com/vi/ur06v3xohPA/default.jpg,289.0,L2-TFM-SB Flame Maple Sunburst Tenor 1188,L2,TFM-SB,Tenor,Flame Maple,Flame Maple,gloss,sunburst stain,,yes,1495,https://theukulelesite.com/shop-by/brand/oli/oli-flame-maple-tenor-sunburst-l2-tfm-1188.html,True,L2-TFM-SB,True,L2-FM-SB,L2-TFM-SB Flame Maple Sunburst Tenor 1188,True
290,'Oli L2 BTSCM Torrefied Spruce Hawaiian Mahogany Baritone,2025-05-12T21:00:38Z,LJ2USq9lVpI,https://i.ytimg.com/vi/LJ2USq9lVpI/default.jpg,290.0,L2 BTSCM Torrefied Spruce Hawaiian Mahogany Baritone,L2,BTSCM,Baritone,Torrefied spruce,Hawaiian (Cuban) Mahogany,gloss,,,yes,1695,https://theukulelesite.com/shop-by/brand/oli/oli-torrefied-spruce-hawaiian-cuban-mahogany-le-baritone-l2-btscm-1173.html,True,L2-BTSCM,,L2-TSCM,L2 BTSCM Torrefied Spruce Hawaiian Mahogany Baritone,True
291,'Oli L3 CSR P Spruce Rosewood LE Plumeria Concert,2025-05-12T21:28:46Z,bB_ODMYkRiE,https://i.ytimg.com/vi/bB_ODMYkRiE/default.jpg,291.0,L3 CSR P Spruce Rosewood LE Plumeria Concert,L3,CSR-P,Concert,Spruce,Rosewood,gloss,Plumeria,,yes,1795,https://theukulelesite.com/shop-by/brand/oli/oli-spruce-rosewood-limited-edition-concert-l3-csr-plumeria-1227.html,True,L3-CSR-P,,L3-SR-P,L3 CSR P Spruce Rosewood LE Plumeria Concert,True
292,"'Oli Spruce Rosewood 18"" Scale Tenor Cutaway",2025-05-13T21:58:06Z,I5TRhtZMNJI,https://i.ytimg.com/vi/I5TRhtZMNJI/default.jpg,292.0,"Spruce Rosewood 18"" Scale Tenor Cutaway (L2-TSR-LC 1284)",L2,TSR-LC,Tenor,Spruce,Rosewood,gloss,"Cutaway, 18"", 15 frets to the body",,yes,1695,https://theukulelesite.com/shop-by/brand/oli/oli-spruce-rosewood-18-scale-tenor-cutaway-l2-tsr-lc-1284.html,True,L2-TSR-LC,True,L2-SR-LC,"Spruce Rosewood 18"" Scale Tenor Cutaway",False
293,'Oli L2 CMR Tiger Myrtle Concert,2025-05-14T21:11:14Z,N22bG_jN8NY,https://i.ytimg.com/vi/N22bG_jN8NY/default.jpg,293.0,L2 CMR Tiger Myrtle Concert,L2,CMR,Concert,Myrtle,Myrtle,gloss,,,yes,1395,https://theukulelesite.com/shop-by/brand/oli/oli-tiger-myrtle-concert-l2-cmr-le-1180.html,True,L2-CMR,,L2-MR,L2 CMR Tiger Myrtle Concert,True
294,'Oli L3-TRML Redwood Milo LE Tenor 1289,2025-05-14T21:31:45Z,6uik2UVNWAw,https://i.ytimg.com/vi/6uik2UVNWAw/default.jpg,294.0,L3-TRML Redwood Milo LE Tenor 1289,L3,TRML,Tenor,Redwood,Milo,gloss,limited edition,,,2095,https://theukulelesite.com/shop-by/brand/oli/oli-redwood-hawaiian-milo-le-tenor-l3-trml-hoala-milo-1289.html,,L3-TRML,,L3-RML,L3-TRML Redwood Milo LE Tenor 1289,True
295,'Oli L3-TTSML Torrefied Spruce Milo LE Tenor,2025-05-14T21:45:36Z,-22L3lJxneI,https://i.ytimg.com/vi/-22L3lJxneI/default.jpg,295.0,L3-TTSML Torrefied Spruce Milo LE Tenor,L3,TTSML,Tenor,Torrefied spruce,Milo,gloss,limited edition,,yes,2095,https://theukulelesite.com/shop-by/brand/oli/oli-torrefied-spruce-hawaiian-milo-le-tenor-l3-ttsml-hoala-milo-1276.html,True,L3-TTSML,True,L3-TSML,L3-TTSML Torrefied Spruce Milo LE Tenor,True
296,'Oli L2 BRW Redwood Walnut Diamond Head Moon Baritone,2025-05-14T21:58:26Z,WCd0fltpEsc,https://i.ytimg.com/vi/WCd0fltpEsc/default.jpg,296.0,L2 BRW Redwood Walnut Diamond Head Moon Baritone,L2,BRW,Baritone,Redwood,Walnut,gloss,,,yes,1795,https://theukulelesite.com/shop-by/oli-redwood-claro-walnut-le-baritone-l2-brw-diamond-head-moon-1207.html,True,L2-BRW,True,L2-RW,L2 BRW Redwood Walnut Diamond Head Moon Baritone,True
297,'Oli L3 TSE-H Spruce Ebony Honeycomb Tenor,2025-05-14T22:24:47Z,GeyEMyXhCoI,https://i.ytimg.com/vi/GeyEMyXhCoI/default.jpg,297.0,L3 TSE-H Spruce Ebony Honeycomb Tenor,L3,TSE,Tenor,Spruce,Ebony,gloss,,,yes,2095,https://theukulelesite.com/shop-by/brand/oli/oli-spruce-macassar-ebony-le-tenor-l3-tse-h-honeycomb-1250.html,True,L3-TSE,True,L3-SE,L3 TSE-H Spruce Ebony Honeycomb Tenor,True
298,'Oli L2 CCPW Port Orford Cedar Walnut Concert,2025-05-14T23:07:01Z,bCuTF73J678,https://i.ytimg.com/vi/bCuTF73J678/default.jpg,298.0,L2 CCPW Port Orford Cedar Walnut Concert,L2,CCPW,Concert,Port Orford Cedar,Walnut,gloss,,,yes,1395,https://theukulelesite.com/shop-by/brand/oli/oli-port-orford-cedar-claro-walnut-le-concert-l2-ccpw-diamond-head-moon-1230.html,True,L2-CCPW,,L2-CPW,L2 CCPW Port Orford Cedar Walnut Concert,True
299,'Oli L1SP TMGBK Mango Tenor,2025-05-15T00:46:22Z,YNPbOKeQnvY,https://i.ytimg.com/vi/YNPbOKeQnvY/default.jpg,299.0,L1SP TMGBK Mango Tenor,L1,TMG-BK,Tenor,Mango,Mango,gloss,black stain,,yes,1095,https://theukulelesite.com/shop-by/brand/oli/oli-mango-tenor-l1sp-tmg-bk-1118.html,True,L1-TMG-BK,True,L1-MG-BK,L1SP TMGBK Mango Tenor,True
300,'Oli L3 BSE H Spruce Ebony Honeycomb Baritone,2025-05-15T01:32:04Z,89w0P-9jhAI,https://i.ytimg.com/vi/89w0P-9jhAI/default.jpg,300.0,L3 BSE H Spruce Ebony Honeycomb Baritone,L3,BSE,Baritone,Spruce,Ebony,gloss,,,yes,,,True,L3-BSE,,L3-SE,L3 BSE H Spruce Ebony Honeycomb Baritone,True
301,'Oli L1 TPMG Mango Pineapple Tenor,2025-05-16T05:10:04Z,qYeqrVREuWo,https://i.ytimg.com/vi/qYeqrVREuWo/default.jpg,301.0,L1 TPMG Mango Pineapple Tenor,L1,TPMG,Tenor,Mango,Mango,gloss,pineapple,,,895.00895,https://theukulelesite.com/shop-by/brand/oli/oli-mango-pineapple-tenor-l1-tpmg-1138.html,,L1-TPMG,,L1-PMG,L1 TPMG Mango Pineapple Tenor,True
302,'Oli L3-TSR-P Plumeria Tenor 1247,2025-05-17T22:15:13Z,WeC-fgs9Gcc,https://i.ytimg.com/vi/WeC-fgs9Gcc/default.jpg,302.0,L3-TSR-P Plumeria Tenor 1247,L3,TSR-P,Tenor,Spruce,Rosewood,gloss,,,,1995,https://theukulelesite.com/shop-by/brand/oli/oli-spruce-rosewood-tenor-le-l3-tsr-plumeria-1247-1.html,,L3-TSR-P,,L3-SR-P,L3-TSR-P Plumeria Tenor 1247,True
303,'Oli L3 CCE 1237 Cedar Ebony Honeycomb LE Concert,2025-05-18T03:23:53Z,Rbm3qh-z8jU,https://i.ytimg.com/vi/Rbm3qh-z8jU/default.jpg,303.0,L3 CCE 1237 Cedar Ebony Honeycomb LE Concert,L3,CCE-H,Concert,Cedar,Ebony,gloss,,,yes,1995,https://theukulelesite.com/shop-by/brand/oli/oli-cedar-macassar-ebony-le-concert-l3-cce-h-honeycomb-1237.html,True,L3-CCE-H,True,L3-CE-H,L3 CCE 1237 Cedar Ebony Honeycomb LE Concert,True
304,'Oli L3 CSE H 1186,2025-05-18T03:41:21Z,7PABqyB1Ef8,https://i.ytimg.com/vi/7PABqyB1Ef8/default.jpg,304.0,L3 CSE H 1186,L3,CSE-H,Concert,Spruce,Ebony,gloss,,,yes,1995,https://theukulelesite.com/shop-by/brand/oli/oli-spruce-macassar-ebony-le-concert-l3-cse-h-honeycomb-1186.html,True,L3-CSE-H,True,L3-SE-H,L3 CSE H 1186,True
305,'Oli L3-BRML Redwood Milo Baritone,2025-05-18T04:58:37Z,GbhISyq_xl4,https://i.ytimg.com/vi/GbhISyq_xl4/default.jpg,305.0,L3-BRML Redwood Milo Baritone,L3,BRML,Baritone,Redwood,Milo,gloss,,,yes,2295,https://theukulelesite.com/shop-by/brand/oli/oli-redwood-hawaiian-milo-le-baritone-l3-brml-hoala-milo-1241.html,True,L3-BRML,,L3-RML,L3-BRML Redwood Milo Baritone,True
-1,'Oli Mango Tenor Prototype,2023-08-21T22:57:34Z,1__pjKICYcA,https://i.ytimg.com/vi/1__pjKICYcA/default.jpg,,,L2,TMG,Tenor,Mango,Mango,gloss,prototype,,,,,,L2-TMG,,L2-MG,Mango Tenor Prototype,False
-1,"""Hawai'i '78"" 'Oli Mango Tenor & Pono Master Series Baritone RBSMS",2023-08-21T23:00:57Z,mgGgRXIZY4Q,https://i.ytimg.com/vi/mgGgRXIZY4Q/default.jpg,,,,,,,,,,,,,,,,,,"""Hawai'i '78"" Mango Tenor & Pono Master Series Baritone RBSMS",False
-1,'Oli Mango Concert L2 MGC,2023-11-16T18:57:56Z,Oj_48kO9R8w,https://i.ytimg.com/vi/Oj_48kO9R8w/default.jpg,,,L2,CMG,Concert,Mango,Mango,gloss,,,,,,,L2-CMG,,L2-MG,Mango Concert L2 MGC,False
-1,'Oli Mango Baritone L2 MGB,2023-11-16T19:13:03Z,K1WS2LC0U2s,https://i.ytimg.com/vi/K1WS2LC0U2s/default.jpg,,,L2,BMG,Baritone,Mango,Mango,gloss,,,,,,,L2-BMG,,L2-MG,Mango Baritone L2 MGB,False
-1,Danny's Song on 'Oli Mango Baritone & Tenor,2023-11-16T19:29:01Z,sMBVxO3s9KU,https://i.ytimg.com/vi/sMBVxO3s9KU/default.jpg,,,,,,,,,,,,,,,,,,Danny's Song on Mango Baritone & Tenor,False
-1,'Oli Mango Baritone Samples w Ian,2023-11-16T20:48:05Z,OfYorkjhkCo,https://i.ytimg.com/vi/OfYorkjhkCo/default.jpg,,,L2,BMG,Baritone,Mango,Mango,gloss,,,,,,,L2-BMG,,L2-MG,Mango Baritone Samples w Ian,False
-1,'Oli Mango Concert L2-CMG-G w Ian,2023-11-17T19:14:29Z,ce7gyng9eYE,https://i.ytimg.com/vi/ce7gyng9eYE/default.jpg,,,L2,CMG,Concert,Mango,Mango,gloss,,,,,,,L2-CMG,,L2-MG,Mango Concert L2-CMG-G w Ian,False
-1,'Oli Mastergrade Koa Tenor 145,2024-04-04T20:53:23Z,BHOxKauk_zE,https://i.ytimg.com/vi/BHOxKauk_zE/default.jpg,,,L2,TK,Tenor,Koa,Koa,gloss,,,,,,,L2-TK,,L2-K,Mastergrade Koa Tenor 145,False
-1,'Oli L2 TSA Spruce Acacia Tenor,2024-08-06T23:05:27Z,Yk98tlUrQwM,https://i.ytimg.com/vi/Yk98tlUrQwM/default.jpg,,,L2,TSA,Tenor,Spruce,Acacia,gloss,,,,,,True,L2-TSA,True,L2-SA,L2 TSA Spruce Acacia Tenor,False
-1,'Oli L2-TCA v3 Cedar Acacia Tenor,2024-10-12T22:14:02Z,LvcZOHceJ-I,https://i.ytimg.com/vi/LvcZOHceJ-I/default.jpg,,,L2,TCA,Tenor,Cedar,Acacia,gloss,,,,,,,L2-TCA,,L2-CA,L2-TCA v3 Cedar Acacia Tenor,False
-1,'Oli L1 BMGS 2025 Mango Baritone Satin,2025-01-29T22:35:45Z,s1aW6ipuXxM,https://i.ytimg.com/vi/s1aW6ipuXxM/default.jpg,,,L1,BMGS,Baritone,Mango,Mango,satin,,,,,,,L1-BMGS,,L1-MGS,L1 BMGS 2025 Mango Baritone Satin,False
-1,'Oli L1 TMGS 2025 Mango Tenor Satin,2025-01-29T22:37:14Z,dKotBrEFZgA,https://i.ytimg.com/vi/dKotBrEFZgA/default.jpg,,,L1,TMGS,Tenor,Mango,Mango,satin,,,,,,,L1-TMGS,,L1-MGS,L1 TMGS 2025 Mango Tenor Satin,False
-1,'Oli L2-BCR 858,2025-02-08T18:43:34Z,rVt1EjNZg_k,https://i.ytimg.com/vi/rVt1EjNZg_k/default.jpg,,,L2,BCR,Baritone,Cedar,Rosewood,gloss,,,,,,,L2-BCR,,L2-CR,L2-BCR 858,False
-1,'Oli L2 BSFM 772 Spruce Maple Baritone,2025-02-08T18:50:50Z,NGXdS8PQ31g,https://i.ytimg.com/vi/NGXdS8PQ31g/default.jpg,,,L2,BSFM,Baritone,Spruce,Flame Maple,gloss,,,,,,,L2-BSFM,,L2-SFM,L2 BSFM 772 Spruce Maple Baritone,False
-1,'Oli L1-BMG 911 2025 Mango Baritone,2025-02-08T20:14:47Z,Ry0bnxqiv1o,https://i.ytimg.com/vi/Ry0bnxqiv1o/default.jpg,,,L1,BMG,Baritone,Mango,Mango,gloss,,,,,,,L1-BMG,,L1-MG,L1-BMG 911 2025 Mango Baritone,False
-1,'Oli L1 CA 984,2025-02-10T03:16:16Z,pmVWEjyFa2U,https://i.ytimg.com/vi/pmVWEjyFa2U/default.jpg,,,L1,CA,Concert,Acacia,Acacia,gloss,,,,,,,L1-CA,,L1-A,L1 CA 984,False
-1,'Oli L1 BA 2025 987 Acacia Baritone,2025-02-10T03:44:17Z,2wHlvrXPM8g,https://i.ytimg.com/vi/2wHlvrXPM8g/default.jpg,,,L1,BA,Baritone,Acacia,Acacia,gloss,,,,,,,L1-BA,,L1-A,L1 BA 2025 987 Acacia Baritone,False
-1,'Oli L1 BAS Baritone Acacia Satin,2025-02-28T06:56:38Z,qPlYt7yBKVk,https://i.ytimg.com/vi/qPlYt7yBKVk/default.jpg,,,L1,BAS,Baritone,Acacia,Acacia,satin,,,,,,,L1-BAS,,L1-AS,L1 BAS Baritone Acacia Satin,False
-1,'Oli X2-TTSRBW 1233,2025-04-24T05:56:16Z,P8VVzPNT978,https://i.ytimg.com/vi/P8VVzPNT978/default.jpg,,,X2,TTSRBW,Tenor,Torrefied spruce,Black and White Rosewood,gloss,limited edition,,,1495.0,https://theukulelesite.com/shop-by/brand/oli/oli-torrefied-spruce-rosewood-le-tenor-x2-ttsr-bw-1233.html,True,X2-TTSRBW,True,X2-TSRBW,X2-TTSRBW 1233,False
