playlist_position,video_title,video_type,tier,type,size,top_wood,back_wood,finish,notes,price,serial_number,listing_title,listing_url,video_id,video_provider,video_description,playlist_id,redirect_url,date
1,'Oli Mango Tenor Prototype,other,L2,TMG,Tenor,Mango,Mango,gloss,first 'Oli,,,,,1__pjKICYcA,youtube,,PLEQbDXy0ShuW7JotVhROvR4TxhmO_0tLD,,
2,"""Hawai'i '78"" 'Oli Mango Tenor & Pono Master Series Baritone RBSMS",song,,,,,,,,,,,,mgGgRXIZY4Q,youtube,,PLEQbDXy0ShuW7JotVhROvR4TxhmO_0tLD,,
2,"O.C. Bear Custom Lahaina Guitar & â€˜Oli Cedar Ebony Tenor ""Everything I do I Do It For You""",song,,,,,,,,,,,,aFgun3_F1fQ,youtube,,PLEQbDXy0ShuWQ4iKD4YVC1iOj3uKY1R-2,,
3,'Oli Mango Concert L2 MGC,sound_sample,L2,CMG,Concert,Mango,Mango,gloss,,,,,,Oj_48kO9R8w,youtube,,PLEQbDXy0ShuW7JotVhROvR4TxhmO_0tLD,,
4,'Oli Mango Baritone L2 MGB,sound_sample,L2,BMG,Baritone,Mango,Mango,gloss,,,,,,K1WS2LC0U2s,youtube,,PLEQbDXy0ShuW7JotVhROvR4TxhmO_0tLD,,
227,'Oli 2025 L1 Baritone Mango Gloss,sound_sample,L1,BMG,Baritone,Mango,Mango,gloss,,,,,,IhQFo9gYmus,youtube,,PLEQbDXy0ShuWQ4iKD4YVC1iOj3uKY1R-2,,
237,'Oli 2025 L1-CAS 1055 Acacia Satin Concert,sound_sample,L1,CAS,Concert,Acacia,Acacia,satin,,695,1055,'OLI ACACIA CONCERT SATIN (2025 L1-CAS 1055),https://theukulelesite.com/oli-acacia-concert-satin-l1-cas-1055-1-1.html,n0sEYxxe7y0,youtube,,PLEQbDXy0ShuWQ4iKD4YVC1iOj3uKY1R-2,,
240,'Oli 2025 L2 BCR,sound_sample,L2,BCR,Baritone,Cedar,Rosewood,gloss,,,,,,jyQJnSxNgh0,youtube,,PLEQbDXy0ShuWQ4iKD4YVC1iOj3uKY1R-2,,
228,'Oli 2025 L2 Concert Mango,sound_sample,L2,CMG,Concert,Mango,Mango,gloss,,,,,,OPoaDZWwwmU,youtube,,PLEQbDXy0ShuWQ4iKD4YVC1iOj3uKY1R-2,,
3,'Oli L2 TCE Cedar Macassar Ebony Tenor,sound_sample,L2,TCE,Tenor,Cedar,Macassar Ebony ,gloss,,1495,23,'OLI CEDAR MACASSAR EBONY TENOR (L2-TCE 0023),https://theukulelesite.com/oli-cedar-macassar-ebony-tenor-l2-tce-g-0023.html,mSw_GV9LxOM,youtube,,PLEQbDXy0ShuWQ4iKD4YVC1iOj3uKY1R-2,,
219,'Oli 2025 L2 TSR Spruce Rosewoodf Tenor,sound_sample,L2,TSR,Tenor,Spruce,Rosewood,gloss,pink binding,,,,,s_5iauwkXNU,youtube,,PLEQbDXy0ShuWQ4iKD4YVC1iOj3uKY1R-2,,
5,'Oli Spruce Rosewood L2 Baritone,sound_sample,L2,BSR,Baritone,Spruce,Rosewood,gloss,,1695,205,'OLI SPRUCE ROSEWOOD BARITONE (L2-BSR MACAW FLOWER 0205),https://theukulelesite.com/oli-spruce-rosewood-baritone-l2-bsr-macaw-flower-0205.html,TkO2YRW2vQE,youtube,,PLEQbDXy0ShuWQ4iKD4YVC1iOj3uKY1R-2,,
6,'Oli L1 Mango Baritone Satin,sound_sample,L1,BMGS,Baritone,Mango,Mango,satin,,845,254,'OLI MANGO BARITONE SATIN (L1-BMGS 254),https://theukulelesite.com/oli-mango-baritone-satin-l1-bmgs-254.html,khwhxdSi-mY,youtube,,PLEQbDXy0ShuWQ4iKD4YVC1iOj3uKY1R-2,,
246,'Oli 2025 L2-BMG 1038,sound_sample,L2,BMG,Baritone,Mango,Mango,gloss,,1595,1038,'OLI MANGO BARITONE (2025 L2-BMG 1038),https://theukulelesite.com/oli-mango-baritone-2025-l2-bmg-1038.html,zTu__bpOOkA,youtube,,PLEQbDXy0ShuWQ4iKD4YVC1iOj3uKY1R-2,,2025-02-09
226,'Oli 2025 Monstera Tenor,sound_sample,L2,TCA,Tenor,Cedar,Acacia,gloss,monstera,,,,,lQqvE-sIe6k,youtube,,PLEQbDXy0ShuWQ4iKD4YVC1iOj3uKY1R-2,,
9,'Oli L1 Acacia Tenor,sound_sample,L1,TA,Tenor,Acacia,Acacia,gloss,,795,50,'OLI ACACIA TENOR (L1-TA 50),https://theukulelesite.com/oli-acacia-tenor-l1-ta-50-1.html,y_PTYfaS2tM,youtube,,PLEQbDXy0ShuWQ4iKD4YVC1iOj3uKY1R-2,,
5,Danny's Song on 'Oli Mango Baritone & Tenor,song,,,,,,,,,,,,sMBVxO3s9KU,youtube,,PLEQbDXy0ShuW7JotVhROvR4TxhmO_0tLD,,
6,'Oli Mango Baritone Samples w Ian,sound_sample,L2,BMG,Baritone,Mango,Mango,gloss,,,,,,OfYorkjhkCo,youtube,,PLEQbDXy0ShuW7JotVhROvR4TxhmO_0tLD,,
12,'Oli L1 Acacia Baritone,sound_sample,L1,BA,Baritone,Acacia,Acacia,gloss,,895,225,'OLI ACACIA BARITONE (L1-BA 0225),https://theukulelesite.com/oli-acacia-baritone-l1-ba-225-2.html,Lb8ybMXLMIc,youtube,,PLEQbDXy0ShuWQ4iKD4YVC1iOj3uKY1R-2,,
13,'Oli L1 Acacia Baritone Satin,sound_sample,L1,BAS,Baritone,Acacia,Acacia,satin,,795,223,'OLI ACACIA BARITONE SATIN (2024 L1-BAS 223),https://theukulelesite.com/shop-by/brand/oli/oli-acacia-baritone-satin-l1-bas-223-1.html,nIXapx821eY,youtube,,PLEQbDXy0ShuWQ4iKD4YVC1iOj3uKY1R-2,,
254,'Oli Baritone L2 BSFM BR 798,sound_sample,L2,BSFM-BR,Baritone,Flame Maple,Flame Maple,gloss,stained brown,,,,,LcPSAmOU_dw,youtube,,PLEQbDXy0ShuWQ4iKD4YVC1iOj3uKY1R-2,,
15,'Oli L1 Mango Tenor Satin,sound_sample,L1,TMGS,Tenor,Mango,Mango,satin,,745,86,'OLI MANGO TENOR SATIN (L1-TMGS 0086),https://theukulelesite.com/oli-mango-tenor-satin-l1-tmgs-86-1.html,loV_awbwQUw,youtube,,PLEQbDXy0ShuWQ4iKD4YVC1iOj3uKY1R-2,,
7,'Oli Mango Concert L2-CMG-G w Ian,sound_sample,L2,CMG,Concert,Mango,Mango,gloss,,,,,,ce7gyng9eYE,youtube,,PLEQbDXy0ShuW7JotVhROvR4TxhmO_0tLD,,
17,'Oli L2 Mango Tenor,sound_sample,L2,TMG,Tenor,Mango,Mango,gloss,,1395,5,'OLI MANGO TENOR (L2-TMG 0005),https://theukulelesite.com/oli-mango-tenor-l2-tmg-0005-1.html,7-ng4od9E60,youtube,,PLEQbDXy0ShuWQ4iKD4YVC1iOj3uKY1R-2,,
18,"'Oli Koa Tenor ""Loulu"" 0146",sound_sample,L2,TK,Tenor,Koa,Koa,gloss,,1995,146,'OLI KOA TENOR (L2-TK LOULU 0146),https://theukulelesite.com/oli-koa-tenor-l2-tk-loulu-146.html,mvHvi-3nnu4,youtube,,PLEQbDXy0ShuWQ4iKD4YVC1iOj3uKY1R-2,,
4,'Oli Cedar Macassar L2 Baritone,sound_sample,L2,BCE,Baritone,Cedar,Macassar Ebony ,gloss,,,,,,uDCKmlLujrs,youtube,,PLEQbDXy0ShuWQ4iKD4YVC1iOj3uKY1R-2,,
311,'Oli Cedar Milo L3 Limited Edition Tenor,sound_sample,L3,TCML,Tenor,Cedar,Milo,gloss,,,,,,U_atB4KSaY8,youtube,,PLEQbDXy0ShuWQ4iKD4YVC1iOj3uKY1R-2,,
38,'Oli Cedar Rosewood Tenor L2 TCR,sound_sample,L2,TCR,Tenor,Cedar,Rosewood,gloss,,,,,,A6ZZwmIQRTw,youtube,,PLEQbDXy0ShuWQ4iKD4YVC1iOj3uKY1R-2,,
48,'Oli Cedar Rosewood Tenor w High G,equipment,L2,TCR,Tenor,Cedar,Rosewood,gloss,,,,,,kIgjZQwzU_Q,youtube,,PLEQbDXy0ShuWQ4iKD4YVC1iOj3uKY1R-2,,
80,'Oli Concert Spruce Ebony L2 CSE sample w Low G,equipment,L2,CSE,Concert,Spruce,Macassar Ebony ,gloss,,,,,,w6HI3kLzZVI,youtube,,PLEQbDXy0ShuWQ4iKD4YVC1iOj3uKY1R-2,,
23,Layla on 'Oli Spruce Ebony Baritone & Tenor,song,,,,,,,,,,,,WQv9c-SODW4,youtube,,PLEQbDXy0ShuWQ4iKD4YVC1iOj3uKY1R-2,,
25,'Oli L2 Spruce Top Ebony Tenor,sound_sample,L2,TSE,Tenor,Spruce,Macassar Ebony ,gloss,,1445,68,'OLI SPRUCE MACASSAR EBONY TENOR (L2-TSE 68),https://theukulelesite.com/oli-spruce-macassar-ebony-tenor-l2-tse-68.html,VrNGaAiNwE4,youtube,,PLEQbDXy0ShuWQ4iKD4YVC1iOj3uKY1R-2,,
26,'Oli Spruce Maple Tenor,sound_sample,L2,TSFM,Tenor,Spruce,Maple,gloss,,1395,125,'OLI SPRUCE FLAME MAPLE TENOR (L2-TSFM 0125),https://theukulelesite.com/oli-spruce-flame-maple-tenor-l2-tsfm-0125.html,xEF2M4HKBRc,youtube,,PLEQbDXy0ShuWQ4iKD4YVC1iOj3uKY1R-2,,
27,'Oli Spruce Quilted Maple Sunburst Tenor,sound_sample,L2,TSQM ,Tenor,Spruce,Quilted Maple,gloss,,1495,139,'OLI SPRUCE QUILTED MAPLE SUNBURST TENOR (L2-TSQM 0139),https://theukulelesite.com/oli-spruce-quilted-maple-sunburst-tenor-l2-tsqm-139-1.html,ygsknEQj5NI,youtube,,PLEQbDXy0ShuWQ4iKD4YVC1iOj3uKY1R-2,,
28,'Oli L1 Concert Mango,sound_sample,L1,CMG,Concert,Mango,Mango,gloss,,795,237,'OLI MANGO CONCERT (2024 L1-CMG 237),https://theukulelesite.com/shop-by/brand/oli/oli-mango-concert-l1-cmg-237.html,SITcQvzucKo,youtube,,PLEQbDXy0ShuWQ4iKD4YVC1iOj3uKY1R-2,,
29,'Oli L1 Acacia Concert,sound_sample,L1,CA,Concert,Acacia,Acacia,gloss,,795,312,'OLI ACACIA CONCERT (2024 L1-CA 312),https://theukulelesite.com/shop-by/brand/oli/oli-acacia-concert-l1-ca-312.html,ZrJQeXvp4HE,youtube,,PLEQbDXy0ShuWQ4iKD4YVC1iOj3uKY1R-2,,
30,'Oli Quilted Maple Sunburst Tenor,sound_sample,L2,TQM,Tenor,Quilted Maple,Quilted Maple,gloss,,1545,143,'OLI QUILTED MAPLE SUNBURST TENOR (L2-TQM 0143),https://theukulelesite.com/oli-quilted-maple-sunburst-tenor-l2-tqm-0143.html,HNenXmQh9Wg,youtube,,PLEQbDXy0ShuWQ4iKD4YVC1iOj3uKY1R-2,,
68,'Oli Koa Baritone L2 BK Laolu,sound_sample,L2,BK,Baritone,Koa,Koa,gloss,,,,,,xpv9ZTFoo_M,youtube,,PLEQbDXy0ShuWQ4iKD4YVC1iOj3uKY1R-2,,
32,'Oli L2 Cedar Rosewood Baritone,sound_sample,L2,BCR,Baritone,Cedar,Rosewood,gloss,,1695,517,'OLI CEDAR ROSEWOOD BARITONE (L2-BCR MACAW FLOWER 517),https://theukulelesite.com/shop-by/brand/oli/oli-cedar-rosewood-baritone-l2-bcr-macaw-flower-517.html,qgPeQYPmIdY,youtube,,PLEQbDXy0ShuWQ4iKD4YVC1iOj3uKY1R-2,,
33,'Oli L2 Cedar Rosewood Tenor,sound_sample,L2,TCR,Tenor,Cedar,Rosewood,gloss,,1395,107,'OLI CEDAR ROSEWOOD TENOR (L2-TCR 107),https://theukulelesite.com/oli-cedar-rosewood-tenor-l2-tcr-107.html,bAUpLxDCNV8,youtube,,PLEQbDXy0ShuWQ4iKD4YVC1iOj3uKY1R-2,,
34,'Oli L2 Flame Maple Tenor,sound_sample,L2,TFM,Tenor,Flame Maple,Flame Maple,gloss,,1395,129,'OLI FLAME MAPLE TENOR (L2-TFM 129),https://theukulelesite.com/oli-flame-maple-tenor-l2-tfm-129.html,wdNBvGFFY9w,youtube,,PLEQbDXy0ShuWQ4iKD4YVC1iOj3uKY1R-2,,
51,'Oli Koa Tenor,sound_sample,L2,TK,Tenor,Koa,Koa,gloss,,,,,,NSfC9a594qk,youtube,,PLEQbDXy0ShuWQ4iKD4YVC1iOj3uKY1R-2,,
36,"'Oli Koa Baritone ""Uhi""",sound_sample,L2,TK,Baritone,Koa,Koa,gloss,,2295,264,'OLI KOA BARITONE (L2-BK UHI 0264),https://theukulelesite.com/oli-koa-baritone-l2-bk-uhi-0264.html,hX22sy42QD8,youtube,,PLEQbDXy0ShuWQ4iKD4YVC1iOj3uKY1R-2,,
20,"'Oli Koa Tenor ""Loulu"" 0117",sound_sample,L2,TK,Tenor,Koa,Koa,gloss,,,,,,SGuTHydddz8,youtube,,PLEQbDXy0ShuWQ4iKD4YVC1iOj3uKY1R-2,,
22,"'Oli Koa Tenor ""Loulu"" 150 w High G",equipment,L2,TK,Tenor,Koa,Koa,gloss,,,,,,90WJ5B2io90,youtube,,PLEQbDXy0ShuWQ4iKD4YVC1iOj3uKY1R-2,,
39,'Oli L2 BCE Cedar Ebony Baritone,sound_sample,L2,BCE,Baritone,Cedar,Macassar Ebony ,gloss,,1845,195,'OLI CEDAR EBONY BARITONE (L2-BCE HANGING HELICONIA 195),https://theukulelesite.com/oli-cedar-ebony-baritone-l2-bce-hanging-heliconia-195.html,K30riOSznUE,youtube,,PLEQbDXy0ShuWQ4iKD4YVC1iOj3uKY1R-2,,
19,"'Oli Koa Tenor ""Uhi"" 0076",sound_sample,L2,TK,Tenor,Koa,Koa,gloss,,,,,,tldcsOZN74A,youtube,,PLEQbDXy0ShuWQ4iKD4YVC1iOj3uKY1R-2,,
41,'Oli L1 CAS Satin Acacia Tenor,sound_sample,L1,CAS,Concert,Acacia,Acacia,satin,,745,356,'OLI ACACIA CONCERT SATIN (L1-CAS 356),https://theukulelesite.com/oli-acacia-concert-satin-l1-cas-356.html,PCZN5j1CQoM,youtube,,PLEQbDXy0ShuWQ4iKD4YVC1iOj3uKY1R-2,,
42,'Oli L1 TAS  Satin Acacia Tenor,sound_sample,L1,TAS,Tenor,Acacia,Acacia,satin,,745,43,'OLI ACACIA TENOR SATIN (L1-TAS 43),https://theukulelesite.com/oli-acacia-tenor-satin-l1-tas-43.html,508tEJP_J0w,youtube,,PLEQbDXy0ShuWQ4iKD4YVC1iOj3uKY1R-2,,
43,'Oli L1 CMGS Satin Mango Concert,sound_sample,L1,CMGS,Concert,Mango,Mango,satin,,745,206,'OLI MANGO CONCERT SATIN (L1-CMGS 206),https://theukulelesite.com/shop-by/brand/oli/oli-mango-concert-satin-l1-cmgs-206.html,GFjqsXCJmkE,youtube,,PLEQbDXy0ShuWQ4iKD4YVC1iOj3uKY1R-2,,
21,'Oli Koa Tenor Uhi 0147,sound_sample,L2,TK,Tenor,Koa,Koa,gloss,,,,,,HVqXU0gfEyY,youtube,,PLEQbDXy0ShuWQ4iKD4YVC1iOj3uKY1R-2,,
40,"'Oli Acacia Satin tenor & concert ""Moloka'i Sweet Home""",song,,,,,,,,,,,,2ZfBl7Z5_HY,youtube,,PLEQbDXy0ShuWQ4iKD4YVC1iOj3uKY1R-2,,
192,'Oli L1 BCA,sound_sample,L1,BCA,Baritone,Cedar,Acacia,gloss,,,,,,ESZk4DmWXuc,youtube,,PLEQbDXy0ShuWQ4iKD4YVC1iOj3uKY1R-2,,
47,'Oli Spruce Rosewood Tenor L2-TSR,sound_sample,L2,TSR,Tenor,Spruce,Rosewood,gloss,,,463,'OLI SPRUCE ROSEWOOD TENOR (MACAW FLOWER L2-TSR 463),https://theukulelesite.com/shop-by/brand/oli/oli-spruce-rosewood-tenor-l2-tsr-463.html,B4LUZiLLEfc,youtube,,PLEQbDXy0ShuWQ4iKD4YVC1iOj3uKY1R-2,,
198,'Oli L1 BCA S Cedar Acacia Baritone Satin,sound_sample,L1,BCAS,Baritone,Cedar,Acacia,satin,,,,,,HJETyix5PeY,youtube,,PLEQbDXy0ShuWQ4iKD4YVC1iOj3uKY1R-2,,
49,'Oli Cedar Rosewood Concert,sound_sample,L2,CCR,Concert,Cedar,Rosewood,gloss,,1395,343,'OLI CEDAR ROSEWOOD CONCERT (L2-CCR 343),https://theukulelesite.com/oli-cedar-rosewood-concert-l2-ccr-343.html,9ie6JcRcsEM,youtube,,PLEQbDXy0ShuWQ4iKD4YVC1iOj3uKY1R-2,,
265,'Oli L1 BMG w High D Reentrant tuning,equipment,L1,BMG,Baritone,Mango,Mango,gloss,,,,,,qeaBRTI-mrA,youtube,,PLEQbDXy0ShuWQ4iKD4YVC1iOj3uKY1R-2,,
201,'Oli L1 CA 2025 Acacia Concert,sound_sample,L1,CA,Concert,Acacia,Acacia,gloss,,,,,,p0ncTrkOjoM,youtube,,PLEQbDXy0ShuWQ4iKD4YVC1iOj3uKY1R-2,,
200,'Oli L1 CAS Acacia Concert Satin,sound_sample,L1,CAS,Concert,Acacia,Acacia,satin,,,,,,c31OguvLAAA,youtube,,PLEQbDXy0ShuWQ4iKD4YVC1iOj3uKY1R-2,,
197,'Oli L1 CCA Cedar Top Acacia Concert,sound_sample,L1,CCA,Concert,Cedar,Acacia,gloss,,,,,,JE_UBPRGYMU,youtube,,PLEQbDXy0ShuWQ4iKD4YVC1iOj3uKY1R-2,,
46,Bossa Europa on 'Oli Spruce Rosewood Low G Tenor & Cedar Rosewood High G Tenor,song,,,,,,,,,,,,9EBFozk01Vc,youtube,,PLEQbDXy0ShuWQ4iKD4YVC1iOj3uKY1R-2,,
55,'Oli L2 Mango Concert,sound_sample,L2,CMG,Concert,Mango,Mango,gloss,,1345,363,'OLI MANGO CONCERT (2024 L2-CMG 363),https://theukulelesite.com/shop-by/brand/oli/oli-mango-concert-l2-cmg-363.html,hRSEitMRsrY,youtube,,PLEQbDXy0ShuWQ4iKD4YVC1iOj3uKY1R-2,,
56,'Oli L2 Concert Spruce Ebony w High & Low G,sound_sample,,,,,,,,,366,'OLI SPRUCE EBONY CONCERT (L2-CSE 366) SALE!,https://theukulelesite.com/shop-by/brand/oli/oli-spruce-ebony-concert-l2-cse-366.html,zD-pCq2fMLM,youtube,,PLEQbDXy0ShuWQ4iKD4YVC1iOj3uKY1R-2,,
206,'Oli L1 CMG Concert Mango w Matt Dahlberg,sound_sample,L1,CMG,Concert,Mango,Mango,gloss,,,,,,AOg1Pn8G7S0,youtube,,PLEQbDXy0ShuWQ4iKD4YVC1iOj3uKY1R-2,,
58,'Oli Baritone Cedar Acacia L2 BCA,sound_sample,L2,BCA,Baritone,Cedar,Acacia,gloss,,1295,246,'OLI CEDAR ACACIA BARITONE (L2-BCA 246),https://theukulelesite.com/oli-cedar-acacia-baritone-l2-bca-246.html,0dzwp9R6F3k,youtube,,PLEQbDXy0ShuWQ4iKD4YVC1iOj3uKY1R-2,,
215,'Oli L1 CMGS 2025 Concert Mango Satin,sound_sample,L1,CMGS,Concert,Mango,Mango,satin,,,,,,vHmlFiegehE,youtube,,PLEQbDXy0ShuWQ4iKD4YVC1iOj3uKY1R-2,,
245,'Oli L1 CMGS 919,sound_sample,L1,CMGS,Concert,Mango,Mango,satin,,,,,,z4wReLDOiTc,youtube,,PLEQbDXy0ShuWQ4iKD4YVC1iOj3uKY1R-2,,
11,'Oli L1 Mango Tenor,sound_sample,L1,TMG,Tenor,Mango,Mango,gloss,,,,,,Rs3343kcjXk,youtube,,PLEQbDXy0ShuWQ4iKD4YVC1iOj3uKY1R-2,,
14,'Oli L1 Mango Tenor,sound_sample,L1,TMG,Tenor,Mango,Mango,gloss,,,,,,XByuCDF8o0w,youtube,,PLEQbDXy0ShuWQ4iKD4YVC1iOj3uKY1R-2,,
10,'Oli L1 Mango Tenor Satin,sound_sample,L1,TMGS,Tenor,Mango,Mango,satin,,,,,,Soq6E4n5itM,youtube,,PLEQbDXy0ShuWQ4iKD4YVC1iOj3uKY1R-2,,
64,'Oli L2 CK Concert Koa,sound_sample,L2,CK,Concert,Koa,Koa,gloss,blemished,1295,362,'OLI KOA CONCERT (L2-CK 362-B),https://theukulelesite.com/oli-koa-concert-l2-ck-362b.html,3KpJB2KERv0,youtube,,PLEQbDXy0ShuWQ4iKD4YVC1iOj3uKY1R-2,,
1,'Oli L1 MGBG Mango Baritone,sound_sample,L1,BMG,Baritone,Mango,Mango,gloss,,895,810,,https://theukulelesite.com/oli-mango-baritone-l1-bmg-810.html,uBJy6pgpNIU,youtube,,PLEQbDXy0ShuWQ4iKD4YVC1iOj3uKY1R-2,https://theukulelesite.com/oli-mango-baritone-2025-l1-bmg-911.html,
66,'Oli L2 CSR Concert Spruce Rosewood,sound_sample,L2,CSR,Concert,Spruce,Rosewood,gloss,,1495,350,'OLI SPRUCE ROSEWOOD CONCERT (L2-CSR 350),https://theukulelesite.com/oli-spruce-rosewood-concert-l2-csr-350.html,Uwr5wQ-eM1M,youtube,,PLEQbDXy0ShuWQ4iKD4YVC1iOj3uKY1R-2,,
203,'Oli L1 TA 2025 Tenor Acacia,sound_sample,L1,TA,Tenor,Acacia,Acacia,gloss,,,,,,OVPwYlJq0Bg,youtube,,PLEQbDXy0ShuWQ4iKD4YVC1iOj3uKY1R-2,,
52,'Oli L1 TA Acacia Tenor Gloss,sound_sample,L1,TA,Tenor,Acacia,Acacia,gloss,,,,,,JZZWiAJoqtE,youtube,,PLEQbDXy0ShuWQ4iKD4YVC1iOj3uKY1R-2,,
264,'Oli L1 TA Acacia Tenor Gloss w High G,equipment,L1,TA,Tenor,Acacia,Acacia,gloss,,,,,,HYj4Ajz2II4,youtube,,PLEQbDXy0ShuWQ4iKD4YVC1iOj3uKY1R-2,,
244,'Oli L1 TAS 963,sound_sample,L1,TAS,Tenor,Acacia,Acacia,satin,,,,,,qIKqcWcqiIg,youtube,,PLEQbDXy0ShuWQ4iKD4YVC1iOj3uKY1R-2,,
71,'Oli L2 CK Luolu 374,sound_sample,L2,CK,Concert,Koa,Koa,gloss,blemished,1395,374,'OLI KOA CONCERT (L2-CK LOULU 374-B),https://theukulelesite.com/oli-koa-concert-l2-ck-374b-loulu.html,Szh9zXfRWYY,youtube,,PLEQbDXy0ShuWQ4iKD4YVC1iOj3uKY1R-2,,
205,'Oli L1 TAS Acacia Tenor Satin,sound_sample,L1,TAS,Tenor,Acacia,Acacia,satin,,,,,,aOij70UcpiI,youtube,,PLEQbDXy0ShuWQ4iKD4YVC1iOj3uKY1R-2,,
193,'Oli L1 TCA Cedar Acacia Tenor,sound_sample,L1,TCA,Tenor,Cedar,Acacia,gloss,,,,,,NYfMb3K0YnI,youtube,,PLEQbDXy0ShuWQ4iKD4YVC1iOj3uKY1R-2,,
74,'Oli L2 CCA Cedar Acacia Concert w Mika,sound_sample,L2,CCA,Concert,Cedar,Acacia,gloss,,1095,334,'OLI CEDAR ACACIA CONCERT (L2-CCA 334),https://theukulelesite.com/oli-cedar-acacia-concert-l2-cca-334-1.html,wl1SpoujiRM,youtube,,PLEQbDXy0ShuWQ4iKD4YVC1iOj3uKY1R-2,,
75,'Oli L2 CCE Cedar Ebony Concert w Mika,sound_sample,L2,CCE,Concert,Cedar,Macassar Ebony ,gloss,,1495,341,'OLI CEDAR EBONY CONCERT (L2-CCE 341) SALE!,https://theukulelesite.com/shop-by/brand/oli/oli-cedar-ebony-concert-l2-cce-341-1.html,6n5BTsW2Nfc,youtube,,PLEQbDXy0ShuWQ4iKD4YVC1iOj3uKY1R-2,,
195,'Oli L1 TCA S Cedar Top Acacia Satin Tenor,sound_sample,L1,TCAS,Tenor,Cedar,Acacia,satin,,,,,,MNqIXfH0Spg,youtube,,PLEQbDXy0ShuWQ4iKD4YVC1iOj3uKY1R-2,,
77,'Oli L2 TSCA Slimline Tenor,sound_sample,L2,TSCA,Tenor,Cedar,Acacia,gloss,slimline,1245,501,'OLI SLIM CEDAR ACACIA TENOR (L2-TSCA 501),https://theukulelesite.com/oli-slim-cedar-acacia-tenor-l2-tsca-501.html,AoJaXCLwkMY,youtube,,PLEQbDXy0ShuWQ4iKD4YVC1iOj3uKY1R-2,,
213,'Oli L1 TMG Mango Tenor Gloss,sound_sample,L1,TMG,Tenor,Mango,Mango,gloss,,,,,,-H8O9hOtY6I,youtube,,PLEQbDXy0ShuWQ4iKD4YVC1iOj3uKY1R-2,,2025-01-29
50,"""Don't Know Why"" 'Oli Koa tenor & Cedar Rosewood Concert",song,,,,,,,,,,,,_wtkoF2esE0,youtube,,PLEQbDXy0ShuWQ4iKD4YVC1iOj3uKY1R-2,,
122,'Oli L1 TMGS v2 Mango Tenor Satin,sound_sample,L1,TMGS,Tenor,Mango,Mango,satin,,,,,,mSzbaVdqEUg,youtube,,PLEQbDXy0ShuWQ4iKD4YVC1iOj3uKY1R-2,,
81,'Oli Concert Koa L2 CK 370,sound_sample,L2,CK,Concert,Koa,Koa,gloss,,1495,370,'OLI KOA CONCERT (L2-CK 370),https://theukulelesite.com/oli-koa-concert-l2-ck-370.html,Glz0DSQiTQw,youtube,,PLEQbDXy0ShuWQ4iKD4YVC1iOj3uKY1R-2,,
139,'Oli L1-BMG Baritone Mango Gloss,sound_sample,L1,BMG,Baritone,Mango,Mango,gloss,,895,810,,https://theukulelesite.com/shop-by/brand/oli/oli-mango-baritone-l1-bmg-810.html,NW4n7Afwym0,youtube,,PLEQbDXy0ShuWQ4iKD4YVC1iOj3uKY1R-2,https://theukulelesite.com/shop-by/brand/oli/oli-mango-baritone-2025-l1-bmg-911.html,
138,'Oli L1-BMGS Baritone Mango Satin,sound_sample,L1,BMGS,Baritone,Mango,Mango,satin,,,,,,qtIlSqUWQmM,youtube,,PLEQbDXy0ShuWQ4iKD4YVC1iOj3uKY1R-2,,
204,'Oli L1-CA Concert Acacia w Kalei,sound_sample,L1,CA,Concert,Acacia,Acacia,gloss,,,,,,tN1iK9HDIl8,youtube,,PLEQbDXy0ShuWQ4iKD4YVC1iOj3uKY1R-2,,
85,'Oli L1SP TA Spruce Top Acacia Tenor,sound_sample,L1,TSA,Tenor,Spruce,Acacia,gloss,,845,506,'OLI SPRUCE TOP ACACIA TENOR (L1SP-TA 506),https://theukulelesite.com/oli-spruce-top-acacia-tenor-l1sp-ta-506.html,b6DkAEx4_Qk,youtube,,PLEQbDXy0ShuWQ4iKD4YVC1iOj3uKY1R-2,,
86,'Oli L1SP BA Spruce top Acacia Baritone,sound_sample,L1,BSA,Baritone,Spruce,Acacia,gloss,,945,521,'OLI SPRUCE TOP ACACIA BARITONE (L1SP-BA 521),https://theukulelesite.com/shop-by/brand/oli/oli-spruce-top-acacia-baritone-l1sp-ba-521-1.html,-mvYNLFPa0w,youtube,,PLEQbDXy0ShuWQ4iKD4YVC1iOj3uKY1R-2,,
196,'Oli L1-CCAS Cedar Top Acacia Concert,sound_sample,L1,CCAS,Concert,Cedar,Acacia,satin,,,,,,IM1deDZkyTE,youtube,,PLEQbDXy0ShuWQ4iKD4YVC1iOj3uKY1R-2,,
188,'Oli L1-CSMU Spruce Top Merbau Concert,sound_sample,L1,CSMU,Concert,Spruce,Merbau,satin,,,,,,OMjMfnA9_VE,youtube,,PLEQbDXy0ShuWQ4iKD4YVC1iOj3uKY1R-2,,2024-11-17
191,'Oli L1-TA Acacia Gloss Tenor (2025),sound_sample,L1,TA,Tenor,Acacia,Acacia,gloss,,,,,,JA81lCDvauE,youtube,,PLEQbDXy0ShuWQ4iKD4YVC1iOj3uKY1R-2,,2025-01-03
90,'Oli L2 CK 373,sound_sample,L2,CK,Concert,Koa,Koa,gloss,,1795,373,'OLI MASTERGRADE KOA CONCERT (L2-CK LOULU 373),https://theukulelesite.com/shop-by/brand/oli/oli-koa-concert-l2-ck-loulu-373.html,26MtDz5l63s,youtube,,PLEQbDXy0ShuWQ4iKD4YVC1iOj3uKY1R-2,,
91,'Oli L2 BSE V2 Spruce Macassar Ebony Baritone,sound_sample,L2,BSE,Baritone,Spruce,Macassar Ebony ,gloss,,1795,428,'OLI SPRUCE EBONY BARITONE (2024 L2-BSE V2 HELICONIA 428),https://theukulelesite.com/shop-by/brand/oli/oli-spruce-ebony-baritone-l2-bse-v2-heliconia-428-1.html,bp-rjwVo5nY,youtube,,PLEQbDXy0ShuWQ4iKD4YVC1iOj3uKY1R-2,,
92,'Oli L2 TPCA Tenor Pineapple Cedar Acacia Prototype,sound_sample,L2,TPCA,Tenor,Cedar,Acacia,gloss,pineapple,995,531,'OLI TENOR PINEAPPLE CEDAR ACACIA (PROTOTYPE L2-TPCA 531),https://theukulelesite.com/shop-by/brand/oli/oli-tenor-pineapple-cedar-acacia-prototype-l2-tpca-531.html,zxx7lMkftKM,youtube,,PLEQbDXy0ShuWQ4iKD4YVC1iOj3uKY1R-2,,
121,'Oli L1-TA v2 Acacia Tenor,sound_sample,L1,TA,Tenor,Acacia,Acacia,gloss,,,,,,2HuYmkfbmxo,youtube,,PLEQbDXy0ShuWQ4iKD4YVC1iOj3uKY1R-2,,
94,'Oli L2 BSR V2 Spruce Rosewood Baritone,sound_sample,L2,BSR,Baritone,Spruce,Rosewood,gloss,,1695,475,'OLI SPRUCE ROSEWOOD BARITONE (L2-BSR MACAW FLOWER 475),https://theukulelesite.com/shop-by/brand/oli/oli-spruce-rosewood-baritone-l2-bsr-macaw-flower-475-1.html,pBMLOLj9UiE,youtube,,PLEQbDXy0ShuWQ4iKD4YVC1iOj3uKY1R-2,,
99,'Oli L1SP TA w Uke Logic HT Low G,equipment,L1,TSA,Tenor,Spruce,Acacia,gloss,,,,,,bH4FSkCSCf0,youtube,,PLEQbDXy0ShuWQ4iKD4YVC1iOj3uKY1R-2,,
96,'Oli L2 TSCR Cedar Rosewood Slimline Tenor w Uke Logic Low G Set,sound_sample,L2,TSCR,Tenor,Cedar,Rosewood,gloss,slimline,1395,574,'OLI TENOR SLIMLINE CEDAR ROSEWOOD (L2-TSCR 574) CLOSEOUT SALE!,https://theukulelesite.com/shop-by/brand/oli/oli-tenor-slimline-cedar-rosewood-l2-tscr-574-1.html,_r1pER-Z2RU,youtube,,PLEQbDXy0ShuWQ4iKD4YVC1iOj3uKY1R-2,,
97,'Oli L2 TSE Tenor Spruce Macassar Ebony w Uke Logic HT Low G Set,sound_sample,L2,TSE,Tenor,Spruce,Macassar Ebony ,gloss,,,422,'OLI SPRUCE MACASSAR EBONY TENOR (L2-TSE V2 HELICONIA 422),https://theukulelesite.com/oli-spruce-macassar-ebony-tenor-l2-tse-v2-heliconia-422.html,t3ykbRXzvwU,youtube,,PLEQbDXy0ShuWQ4iKD4YVC1iOj3uKY1R-2,,
59,Jam on 'Oli Cedar Acacia Baritone & Spruce Ebony Concert,song,,,,,,,,,,,,ltP3xKQFlpU,youtube,,PLEQbDXy0ShuWQ4iKD4YVC1iOj3uKY1R-2,,
216,'Oli L1SP-TSWA-VB Spruce Waru Vintage Burst Tenor,sound_sample,L1,TSWU-VB,Tenor,Spruce,Weru,gloss,vintage burst stain,,,,,3z5VE4TXu6c,youtube,,PLEQbDXy0ShuWQ4iKD4YVC1iOj3uKY1R-2,,
100,'Oli L2 TCAS Cedar Acacia Monstera Tenor Satin Finish,sound_sample,L2,TCAS,Tenor,Cedar,Acacia,satin,,1145,545,'OLI CEDAR ACACIA SATIN TENOR (MONSTERA L2-TCAS 545),https://theukulelesite.com/oli-cedar-acacia-satin-tenor-monstera-l2-tcas-545.html,15YnTFJL82M,youtube,,PLEQbDXy0ShuWQ4iKD4YVC1iOj3uKY1R-2,,
93,'Oli L2 BCE V2 Cedar Maccasar Ebony Baritone,sound_sample,L2,BCE,Baritone,Cedar,Macassar Ebony ,gloss,,,,,,TuSjuqhjym0,youtube,,PLEQbDXy0ShuWQ4iKD4YVC1iOj3uKY1R-2,,
102,'Oli L2 BCAS Baritone Cedar Acacia Satin,sound_sample,L2,BCAS,Baritone,Cedar,Acacia,satin,,1295,550,'OLI CEDAR ACACIA MONSTERA BARITONE SATIN (L2-BCAS 550),https://theukulelesite.com/oli-cedar-acacia-monstera-baritone-satin-l2-bcas-550.html,gydjD5VKZGU,youtube,,PLEQbDXy0ShuWQ4iKD4YVC1iOj3uKY1R-2,,
103,'Oli L2 CCAS Concert Cedar Acacia Satin,sound_sample,L2,CCAS,Concert,Cedar,Acacia,satin,,995,536,'OLI CEDAR ACACIA MONSTERA CONCERT SATIN (L2-CCAS 536 V2),https://theukulelesite.com/oli-cedar-acacia-monstera-concert-satin-l2-ccas-536-v2.html,vfIHtDjlbT8,youtube,,PLEQbDXy0ShuWQ4iKD4YVC1iOj3uKY1R-2,,
170,'Oli L2 BK 236 Baritone Koa,sound_sample,L2,BK,Baritone,Koa,Koa,gloss,,1995,236,,https://theukulelesite.com/shop-by/brand/oli/oli-koa-baritone-l2-bk-uhi-236.html,Chp2cwjW1v0,youtube,,PLEQbDXy0ShuWQ4iKD4YVC1iOj3uKY1R-2,https://theukulelesite.com/shop-by/brand/oli/oli-koa-baritone-l2-bk-uhi-326-1.html,
231,'Oli L2 BK 251 Koa Baritone,sound_sample,L2,BK,Baritone,Koa,Koa,gloss,,,,,,2473t_wtxdA,youtube,,PLEQbDXy0ShuWQ4iKD4YVC1iOj3uKY1R-2,,
107,'Oli L2 TRR 594,sound_sample,L2,TRR,Tenor,Redwood,Rosewood,gloss,limited edition,1695,594,'OLI CURLY REDWOOD ROSEWOOD LE TENOR (L2-TRR RED GINGER 594),https://theukulelesite.com/oli-curly-redwood-rosewood-le-tenor-l2-trr-red-ginger-594.html,I6HCC64-5Cg,youtube,,PLEQbDXy0ShuWQ4iKD4YVC1iOj3uKY1R-2,,
232,'Oli L2 BK 316 Koa Baritone,sound_sample,L2,BK,Baritone,Koa,Koa,gloss,,,,,,rHJJgb8pbIo,youtube,,PLEQbDXy0ShuWQ4iKD4YVC1iOj3uKY1R-2,,
260,'Oli L2 BK 317 Koa Baritone,sound_sample,L2,BK,Baritone,Koa,Koa,gloss,,,,,,ajZLMd6mnp0,youtube,,PLEQbDXy0ShuWQ4iKD4YVC1iOj3uKY1R-2,,
235,'Oli L2 BK 325 Koa Baritone,sound_sample,L2,BK,Baritone,Koa,Koa,gloss,,,,,,OwlUDJLhAKI,youtube,,PLEQbDXy0ShuWQ4iKD4YVC1iOj3uKY1R-2,,
234,'Oli L2 Bk 665 Koa Baritone,sound_sample,L2,BK,Baritone,Koa,Koa,gloss,,,,,,oJ_ZjJ7I0-M,youtube,,PLEQbDXy0ShuWQ4iKD4YVC1iOj3uKY1R-2,,
233,'Oli L2 BK 669 Koa Baritone,sound_sample,L2,BK,Baritone,Koa,Koa,gloss,,,,,,5iUYOEsfexE,youtube,,PLEQbDXy0ShuWQ4iKD4YVC1iOj3uKY1R-2,,
67,'Oli L2 BK Baritone Koa,sound_sample,L2,BK,Baritone,Koa,Koa,gloss,,,,,,QSUmb8FhdPs,youtube,,PLEQbDXy0ShuWQ4iKD4YVC1iOj3uKY1R-2,,
115,'Oli L2 BK 271 Koa Baritone,sound_sample,L2,BK,Baritone,Koa,Koa,gloss,,2195,271,'OLI KOA BARITONE (L2-BK UHI 271),https://theukulelesite.com/shop-by/brand/oli/oli-mastergrade-koa-baritone-l2-bk-uhi-256.html,di9KR6mFCNU,youtube,,PLEQbDXy0ShuWQ4iKD4YVC1iOj3uKY1R-2,,
79,'Oli L2 BK Laolu 328,sound_sample,L2,BK,Baritone,Koa,Koa,gloss,,,,,,z-F01J4eDuQ,youtube,,PLEQbDXy0ShuWQ4iKD4YVC1iOj3uKY1R-2,,
117,'Oli Mango Pineapple Tenor Prototype,sound_sample,L2,TPMG,Tenor,Mango,Mango,gloss,pineapple,995,522,'OLI TENOR PINEAPPLE MANGO (PROTOTYPE L2-TPMG 522),https://theukulelesite.com/oli-tenor-pineapple-mango-prototype-l2-tpmg-522.html,y2IO3mtZDHs,youtube,,PLEQbDXy0ShuWQ4iKD4YVC1iOj3uKY1R-2,,
78,'Oli L2 BK Uhi 324,sound_sample,L2,BK,Baritone,Koa,Koa,gloss,,,,,,eyggDk_gSo4,youtube,,PLEQbDXy0ShuWQ4iKD4YVC1iOj3uKY1R-2,,
60,Yuki Nohana on 'Oli Cedar Acacia Baritone & Cedar Rosewood Tenor,song,,,,,,,,,,,,9AFZfZnV-do,youtube,,PLEQbDXy0ShuWQ4iKD4YVC1iOj3uKY1R-2,,
120,'Oli L1-TMG v2 Mango Tenor,sound_sample,L1,TMG,Tenor,Mango,Mango,gloss,,795,637,'OLI MANGO TENOR (L1-TMG V2 637),https://theukulelesite.com/oli-mango-tenor-l1-tmg-v2-637.html,W-WZyw89dOg,youtube,,PLEQbDXy0ShuWQ4iKD4YVC1iOj3uKY1R-2,,
249,'Oli L2 BMR 733,sound_sample,L2,BMR,Baritone,Myrtle,Myrtle,gloss,,,,,,yuMy6CSvF28,youtube,,PLEQbDXy0ShuWQ4iKD4YVC1iOj3uKY1R-2,,
210,'Oli L2 BQM LB,sound_sample,L2,BQM-LB,Baritone,Quilted Maple,Quilted Maple,gloss,"light burst stain, limited series",,,,,XZXBMHw3FmQ,youtube,,PLEQbDXy0ShuWQ4iKD4YVC1iOj3uKY1R-2,,
105,'Oli L2 BRR 642 Redwood Rosewood,sound_sample,L2,BRR,Baritone,Redwood,Rosewood,gloss,limited edition,1795,648,,https://theukulelesite.com/oli-curly-redwood-rosewood-le-baritone-l2-brr-red-ginger-648.html,Md7Cl_Tb4P4,youtube,,PLEQbDXy0ShuWQ4iKD4YVC1iOj3uKY1R-2,https://theukulelesite.com/oli-curly-redwood-rosewood-le-baritone-l2-brr-red-ginger-644-1.html,
256,'Oli L2 BSE 862,sound_sample,L2,BSE,Baritone,Spruce,Ebony,gloss,,,,,,9NUeYBhX9dU,youtube,,PLEQbDXy0ShuWQ4iKD4YVC1iOj3uKY1R-2,,2025-02-22
72,'Oli L2 BSE Baritone Spruce Ebony w Mika,sound_sample,L2,BSE,Baritone,Spruce,Macassar Ebony ,gloss,,,,,,lG8kVrAajv0,youtube,,PLEQbDXy0ShuWQ4iKD4YVC1iOj3uKY1R-2,,
126,'Oli L2 TTSMR Torrefied Spruce Myrtle Tenor,sound_sample,L2,TTSMR,Tenor,Torrefied spruce,Myrtle,gloss,limited edition,1595,658,'OLI TORREFIED SPRUCE MYRTLE LE TENOR (L2-TTSMR RED GINGER 658),https://theukulelesite.com/oli-torrefied-spruce-myrtle-le-tenor-l2-ttsmr-red-ginger-658.html,gATbdN6qPuo,youtube,,PLEQbDXy0ShuWQ4iKD4YVC1iOj3uKY1R-2,,
247,'Oli L2 BSFM-LB 1071 Spruce Maple Baritone,sound_sample,L2,BSFM-LB,Baritone,Spruce,Flame Maple,gloss,light burst stain,,,,,DAscxwat_Vc,youtube,,PLEQbDXy0ShuWQ4iKD4YVC1iOj3uKY1R-2,,2025-02-14
128,'Oli L2 BTSMR Torrefied Spruce Myrtle Baritone,sound_sample,L2,BTSMR,Baritone,Torrefied spruce,Myrtle,gloss,limited edition,1795,692,'OLI TORREFIED SPRUCE MYRTLE LE BARITONE (L2-BTSMR RED GINGER 692),https://theukulelesite.com/oli-torrefied-spruce-myrtle-le-baritone-l2-btsmr-red-ginger-692.html,6OASXiX870I,youtube,,PLEQbDXy0ShuWQ4iKD4YVC1iOj3uKY1R-2,,
129,'Oli L2-BMR Myrtle Baritone,sound_sample,L2,BMR,Baritone,Myrtle,Myrtle,gloss,limited edition,1795,734,'OLI MYRTLE LE BARITONE (L2-BMR RED GINGER 734),https://theukulelesite.com/oli-torrefied-spruce-myrtle-le-baritone-l2-btsmr-red-ginger-734.html,Mebs3MDnzOY,youtube,,PLEQbDXy0ShuWQ4iKD4YVC1iOj3uKY1R-2,,
130,'Oli L2-BSFM Spruce Top Flame Maple Baritone,sound_sample,L2,BSFM,Baritone,Spruce,Flame Maple,gloss,,1595,774,'OLI SPRUCE FLAME MAPLE BARITONE (L2-BSFM MANDALA 774),https://theukulelesite.com/oli-spruce-flame-maple-baritone-l2-bsfm-mandala-774-1.html,xKluQpe_nFk,youtube,,PLEQbDXy0ShuWQ4iKD4YVC1iOj3uKY1R-2,,
65,'Oli Koa Baritone & Concert,song,,,,,,,,,,,,itsh2iYyiDc,youtube,,PLEQbDXy0ShuWQ4iKD4YVC1iOj3uKY1R-2,,
169,'Oli L2 BTSMR Torrefied Spruce Myrtle Baritone 696,sound_sample,L2,BTSMR,Baritone,Torrefied spruce,Myrtle,gloss,,,,,,31EdPJtmVPU,youtube,,PLEQbDXy0ShuWQ4iKD4YVC1iOj3uKY1R-2,,
133,'Oli L1 TSMU Spruce top Merbau Tenor,sound_sample,L1,TSMU,Tenor,Spruce,Merbau,satin,,845,682,'OLI SPRUCE TOP MERBAU TENOR (L1-SMU 682),https://theukulelesite.com/shop-by/brand/oli/oli-spruce-top-merbau-tenor-l1-smu-682.html,3Og2_nBuHUs,youtube,,PLEQbDXy0ShuWQ4iKD4YVC1iOj3uKY1R-2,,
134,'Oli L2 CTSR Torrefied Spruce Rosewood Concert,sound_sample,L2,CTSR,Concert,Torrefied spruce,Rosewood,gloss,,1445,790,'OLI TORREFIED SPRUCE ROSEWOOD CONCERT (L2-CTSR RED GINGER 790),https://theukulelesite.com/shop-by/brand/oli/oli-torrefied-spruce-rosewood-concert-l2-ctsr-790.html,Ar6JmJ9HBP8,youtube,,PLEQbDXy0ShuWQ4iKD4YVC1iOj3uKY1R-2,,
135,'Oli L2 BTSR Torrefied Spruce Rosewood Baritone,sound_sample,L2,BTSR,Baritone,Torrefied spruce,Rosewood,gloss,limited edition,1745,827,'OLI TORREFIED SPRUCE ROSEWOOD BARITONE LE (L2-BTSR RED GINGER 827),https://theukulelesite.com/oli-torrefied-spruce-rosewood-baritone-le-l2-btsr-827.html,x9ZNIy75QqI,youtube,,PLEQbDXy0ShuWQ4iKD4YVC1iOj3uKY1R-2,,
221,'Oli L2 CCR Cedar Rosewood Concert,sound_sample,L2,CCR,Concert,Cedar,Rosewood,gloss,blue binding,,,,,LGYh2ZiOJpU,youtube,,PLEQbDXy0ShuWQ4iKD4YVC1iOj3uKY1R-2,,
137,'Oli L1-BA Acacia Baritone,sound_sample,L1,BA,Baritone,Acacia,Acacia,gloss,,895,743,'OLI ACACIA BARITONE (2024 L1-BA 743),https://theukulelesite.com/shop-by/brand/oli/oli-acacia-baritone-l1-ba-743.html,alB_BPTYCeI,youtube,,PLEQbDXy0ShuWQ4iKD4YVC1iOj3uKY1R-2,,
262,'Oli L2 CCR w Low G,equipment,L2,CCR,Concert,Cedar,Rosewood,gloss,,,,,,JTrwghaM3Uc,youtube,,PLEQbDXy0ShuWQ4iKD4YVC1iOj3uKY1R-2,,
7,'Oli L2 Cedar Acacia Satin,sound_sample,L2,TCAS,Tenor,Cedar,Acacia,satin,,,,,,u5KrGSLuAXc,youtube,,PLEQbDXy0ShuWQ4iKD4YVC1iOj3uKY1R-2,,
140,'Oli  L2-BCW Cedar Walnut Baritone,sound_sample,L2,BCW,Baritone,Cedar,Walnut,gloss,limited edition,1595,670,'OLI CEDAR WALNUT LE BARITONE (L2-BCW RED GINGER 670),https://theukulelesite.com/shop-by/brand/oli/oli-cedar-walnut-le-baritone-l2-bcw-red-ginger-670.html,HXjNOfoqUzE,youtube,,PLEQbDXy0ShuWQ4iKD4YVC1iOj3uKY1R-2,,
141,'Oli L2-BSR v3 Spruce Rosewood Baritone,sound_sample,L2,BSR,Baritone,Spruce,Rosewood,gloss,,1595,831,'OLI SPRUCE ROSEWOOD BARITONE (L2-BSR V3 831),https://theukulelesite.com/shop-by/brand/oli/oli-spruce-rosewood-baritone-l2-bsr-831.html,Z9w9GMqXe5M,youtube,,PLEQbDXy0ShuWQ4iKD4YVC1iOj3uKY1R-2,,
142,'Oli L2-BCM Curly Maple Baritone,sound_sample,L2,BCM,Baritone,Curly Maple,Curly Maple,gloss,,1595,710,'OLI FLAME MAPLE BARITONE (L2-BCM MANDALA 710),https://theukulelesite.com/shop-by/brand/oli/oli-flame-maple-baritone-l2-bcm-mandala-710.html,UPjhv7yQP2k,youtube,,PLEQbDXy0ShuWQ4iKD4YVC1iOj3uKY1R-2,,
8,'Oli L2 Cedar Acacia Tenor,sound_sample,L2,TCA,Tenor,Cedar,Acacia,gloss,,,,,,WL27LBQ945s,youtube,,PLEQbDXy0ShuWQ4iKD4YVC1iOj3uKY1R-2,,
144,'Oli L2 BMGS-LE Spalted Mango Baritone,sound_sample,L2,BMGSP,Baritone,Spalted Mango ,Spalted Mango ,gloss,,1595,603,'OLI SPALTED MANGO BARITONE (L2-BMGS-LE 603),https://theukulelesite.com/shop-by/brand/oli/oli-spalted-mango-baritone-l2-bmgsp-603.html,QlInCin8PIg,youtube,,PLEQbDXy0ShuWQ4iKD4YVC1iOj3uKY1R-2,,
145,'Oli L2 TMGS Spalted Mango Tenor,sound_sample,L2,TMGSP,Tenor,Spalted Mango ,Spalted Mango ,gloss,limited edition,1395,600,'OLI MANGO TENOR (L2-TMGS-LE 600),https://theukulelesite.com/shop-by/brand/oli/oli-mango-tenor-l2-tmgs-le-600.html,Le_QVb82fKw,youtube,,PLEQbDXy0ShuWQ4iKD4YVC1iOj3uKY1R-2,,
146,'Oli L2-CMG-SP Spalted Mango Concert,sound_sample,L2,CMGSP,Concert,Spalted Mango ,Spalted Mango ,gloss,limited edition,1345,704,'OLI SPALTED MANGO CONCERT (L2-CMGS-LE 704),https://theukulelesite.com/shop-by/brand/oli/oli-spalted-mango-concert-l2-cmgs-le-704.html,74M5f2W8iBo,youtube,,PLEQbDXy0ShuWQ4iKD4YVC1iOj3uKY1R-2,,
147,'Oli L2 TCE V3 Cedar Top Macassar Ebony Tenor,sound_sample,L2,TCE,Tenor,Cedar,Macassar Ebony ,gloss,,1495,748,"'OLI CEDAR MACASSAR EBONY TENOR (L2-TCE 748)
",https://theukulelesite.com/shop-by/brand/oli/oli-cedar-macassar-ebony-tenor-l2-tce-748.html,EkK-cy3vWPg,youtube,,PLEQbDXy0ShuWQ4iKD4YVC1iOj3uKY1R-2,,
148,'Oli L2-TCW Cedar Walnut Tenor,sound_sample,L2,TCW,Tenor,Cedar,Walnut,gloss,,1445,701,'OLI CEDAR WALNUT TENOR (L2-TCW 701),https://theukulelesite.com/shop-by/brand/oli/oli-cedar-walnut-tenor-l2-tcw-701.html,EBTd6lsuR0A,youtube,,PLEQbDXy0ShuWQ4iKD4YVC1iOj3uKY1R-2,,
149,'Oli L1 CCWU-S Cedar Weru Concert,sound_sample,L1,CCWU,Concert,Cedar,Weru,satin,,795,874,'OLI CEDAR TOP WERU CONCERT (L1-CCWU-S 874),https://theukulelesite.com/shop-by/brand/oli/oli-cedar-top-weru-concert-l1-ccwu-s-874.html,zMuo6U9QGJQ,youtube,,PLEQbDXy0ShuWQ4iKD4YVC1iOj3uKY1R-2,,
150,'Oli L2 CCR Curly Redwood & Figured Rosewood Concert,sound_sample,L2,CRR,Concert,Redwood,Rosewood,gloss,limited edition,1595,769,'OLI CURLY REDWOOD ROSEWOOD LE CONCERT (L2-CRR RED GINGER 769),https://theukulelesite.com/oli-redwood-rosewood-le-concert-l2-crr-red-ginger-769.html,-A5Yw9nPdr0,youtube,,PLEQbDXy0ShuWQ4iKD4YVC1iOj3uKY1R-2,,
151,'Oli L2 CTSMR Torrefied Spruce Myrtle Concert,sound_sample,L2,CTSMR,Concert,Torrefied spruce,Myrtle,gloss,,1395,676,'OLI TORREFIED SPRUCE MYRTLE CONCERT (L2-CTSMR RED GINGER 676),https://theukulelesite.com/shop-by/brand/oli/oli-torrefied-spruce-myrtle-concert-l2-ctsmr-red-ginger-676.html,uhl_xaJSziY,youtube,,PLEQbDXy0ShuWQ4iKD4YVC1iOj3uKY1R-2,,
152,'Oli L2-CSFM Spruce Maple Concert,sound_sample,L2,CSFM,Concert,Spruce,Birds eye Maple,gloss,,1245,747,'OLI SPRUCE BIRDSEYE MAPLE CONCERT (L2-CSFM MANDALA 747),https://theukulelesite.com/shop-by/brand/oli/oli-spruce-birdseye-maple-concert-l2-csfm-mandala-747.html,LTzd_qjCqIY,youtube,,PLEQbDXy0ShuWQ4iKD4YVC1iOj3uKY1R-2,,
153,'Oli L1-BSMU Spruce Merbau Baritone,sound_sample,L1,BSMU,Baritone,Spruce,Merbau,satin,,945,708,'OLI SPRUCE TOP MERBAU BARITONE (L1-BSMU-S 708),https://theukulelesite.com/shop-by/brand/oli/oli-spruce-top-merbau-baritone-l1-bsmu-s-708.html,SSdVw7I5FaI,youtube,,PLEQbDXy0ShuWQ4iKD4YVC1iOj3uKY1R-2,,
,143.2 'Oli L2-BSQM-SB Spruce Quilted Maple Sunburst Baritone,sound_sample,L2,BSQM-SB,Baritone,Spruce,Quilted Maple,gloss,sunburst stain,1645,716,'OLI SPRUCE QUILTED MAPLE BARITONE (L2-BSQM-SB MANDALA 716),https://theukulelesite.com/shop-by/oli-spruce-quilted-maple-baritone-l2-bsqm-sb-mandala-716.html,-QxAxACwwPI,youtube,,,,
155,'Oli L2-BK Koa Baritone,sound_sample,L2,BK,Baritone,Koa,Koa,gloss,blemished,1595,273,'OLI KOA BARITONE (L2-BK LOULU 273),https://theukulelesite.com/shop-by/brand/oli/oli-koa-baritone-l2-bk-uhi-273.html,r_boSxcGVhs,youtube,,PLEQbDXy0ShuWQ4iKD4YVC1iOj3uKY1R-2,,
156,'Oli L2-BMR Myrtle Baritone,sound_sample,L2,BMR,Baritone,Myrtle,Myrtle,gloss,limited edition,1695,731,'OLI MYRTLE LE BARITONE (L2-BMR RED GINGER 731),https://theukulelesite.com/shop-by/brand/oli/oli-torrefied-spruce-myrtle-le-baritone-l2-btsmr-red-ginger-731.html,3U8nR7XUqK4,youtube,,PLEQbDXy0ShuWQ4iKD4YVC1iOj3uKY1R-2,,
157,'Oli L2-BTSMR 690 Torrefied Spruce Myrtle Baritone,sound_sample,L2,BTSMR,Baritone,Torrefied spruce,Myrtle,gloss,limited edition,1795,690,'OLI TORREFIED SPRUCE MYRTLE LE BARITONE (L2-BTSMR RED GINGER 690),https://theukulelesite.com/shop-by/brand/oli/oli-torrefied-spruce-myrtle-le-baritone-l2-btsmr-red-ginger-690.html,JMqVqak69jU,youtube,,PLEQbDXy0ShuWQ4iKD4YVC1iOj3uKY1R-2,,
158,'Oli L2-TK Koa Tenor,sound_sample,L2,TK,Tenor,Koa,Koa,gloss,,1995,679,'OLI MASTERGRADE KOA TENOR (L2-TK UHI 679),https://theukulelesite.com/shop-by/brand/oli/oli-koa-ms-tenor-l2-tk-uhi-679.html,EbClk1JSk9U,youtube,,PLEQbDXy0ShuWQ4iKD4YVC1iOj3uKY1R-2,,
159,'Oli L2-TMR Myrtle Tenor,sound_sample,L2,TMR,Tenor,Myrtle,Myrtle,gloss,limited edition,1495,699,'OLI MYRTLE TENOR (L2-TMR LE RED GINGER 699),https://theukulelesite.com/shop-by/brand/oli/oli-myrtle-tenor-l2-tmr-le-red-ginger-699.html,tg6itUM1rGo,youtube,,PLEQbDXy0ShuWQ4iKD4YVC1iOj3uKY1R-2,,
31,'Oli L2 Cedar Ebony Tenor,sound_sample,L2,TCE,Tenor,Cedar,Macassar Ebony ,gloss,,,,,,ht5mFeLnanM,youtube,,PLEQbDXy0ShuWQ4iKD4YVC1iOj3uKY1R-2,,
161,'Oli L2-TSFM Spruce Maple Tenor,sound_sample,L2,TSFM,Tenor,Spruce,Flame Maple,gloss,,1395,728,'OLI SPRUCE FLAME MAPLE TENOR (L2-TSFM-V3 MANDALA 728),https://theukulelesite.com/shop-by/brand/oli/oli-spruce-flame-maple-tenor-l2-tsfm-v3-mandala-728.html,2cXE8fURmhw,youtube,,PLEQbDXy0ShuWQ4iKD4YVC1iOj3uKY1R-2,,
162,'Oli L2-TRR Redwood Rosewood Tenor,sound_sample,L2,TRR,Tenor,Redwood,Rosewood,gloss,limited edition,1595,590,'OLI REDWOOD ROSEWOOD LE TENOR (L2-TRR RED GINGER 590),https://theukulelesite.com/shop-by/brand/oli/oli-curly-redwood-rosewood-le-tenor-l2-trr-red-ginger-590.html,znrZRv_AvsM,youtube,,PLEQbDXy0ShuWQ4iKD4YVC1iOj3uKY1R-2,,
294,'Oli L3-TRML Redwood Milo LE Tenor 1289,sound_sample,L3,TRML,Tenor,Redwood,Milo,gloss,limited edition,2095,1289,'OLI REDWOOD HAWAIIAN MILO LE TENOR (L3-TRML HOALA MILO 1289),https://theukulelesite.com/shop-by/brand/oli/oli-redwood-hawaiian-milo-le-tenor-l3-trml-hoala-milo-1289.html,6uik2UVNWAw,youtube,,PLEQbDXy0ShuWQ4iKD4YVC1iOj3uKY1R-2,,
76,Comparing 6 Concert String Sets on 'Oli L2 CMG,equipment,,,,,,,,,,,,oXxuvd2Im1w,youtube,,PLEQbDXy0ShuWQ4iKD4YVC1iOj3uKY1R-2,,
165,'Oli L1-BSW Baritone Spruce Weru,sound_sample,L1,BSWU,Baritone,Spruce,Weru,satin,,945,714,'OLI SPRUCE TOP WERU BARITONE (L1-BSWU-S 714),https://theukulelesite.com/shop-by/brand/oli/oli-spruce-top-weru-baritone-l1-bswu-s-714.html,Jvikcb71dCg,youtube,,PLEQbDXy0ShuWQ4iKD4YVC1iOj3uKY1R-2,,
166,'Oli L1 TSW Spruce Weru Tenor,sound_sample,L1,TSWU,Tenor,Spruce,Weru,satin,,845,709,'OLI SPRUCE TOP WERU TENOR (L1-TSWU 709),https://theukulelesite.com/shop-by/brand/oli/oli-spruce-top-weru-tenor-l1-tswu-709.html,Op5hUHmjFWM,youtube,,PLEQbDXy0ShuWQ4iKD4YVC1iOj3uKY1R-2,,
167,'Oli L1 BCAS Cedar Acacia Baritone,sound_sample,L1,BCAS,Baritone,Cedar,Acacia,satin,,895,876,'OLI CEDAR TOP ACACIA BARITONE (L1-BCAS 876),https://theukulelesite.com/shop-by/brand/oli/oli-cedar-top-acacia-baritone-l1-bcas-876.html,0gdItaqeLkk,youtube,,PLEQbDXy0ShuWQ4iKD4YVC1iOj3uKY1R-2,,
168,'Oli L2 TTSMR Torrefied Spruce Myrtle 668,sound_sample,L2,TTSMR,Tenor,Torrefied spruce,Myrtle,gloss,limited edition,1595,668,'OLI TORREFIED SPRUCE MYRTLE LE TENOR (L2-TTSMR RED GINGER 668),https://theukulelesite.com/shop-by/oli-torrefied-spruce-myrtle-le-tenor-l2-ttsmr-red-ginger-668.html,sfRTZjOJt9Q,youtube,,PLEQbDXy0ShuWQ4iKD4YVC1iOj3uKY1R-2,,
217,'Oli L2 CQM BL Quilted Maple Concert,sound_sample,L2,CQM-LB,Concert,Quilted Maple,Quilted Maple,gloss,"light burst stain, limited series",1395,,,,HsZEZZ5R4FM,youtube,,PLEQbDXy0ShuWQ4iKD4YVC1iOj3uKY1R-2,,
236,'Oli l2 CRR 745,sound_sample,L2,CRR,Concert,Redwood,Rosewood,gloss,,,,,,bQGOMwoxgsY,youtube,,PLEQbDXy0ShuWQ4iKD4YVC1iOj3uKY1R-2,,
171,'Oli Koa Tenor L2-TK 722,sound_sample,L2,TK,Tenor,Koa,Koa,gloss,,1995,722,'OLI KOA TENOR (L2-TK UHI 722),https://theukulelesite.com/oli-mastergrade-koa-tenor-l2-tk-uhi-722.html,MIcsswpxyHA,youtube,,PLEQbDXy0ShuWQ4iKD4YVC1iOj3uKY1R-2,,
172,'Oli L2 CSR,sound_sample,L2,CSR,Concert,Spruce,Rosewood,gloss,,1295,820,'OLI SPRUCE ROSEWOOD CONCERT (L2-CSR 820),https://theukulelesite.com/oli-spruce-rosewood-concert-l2-csr-820.html,AQo_zqJEOUQ,youtube,,PLEQbDXy0ShuWQ4iKD4YVC1iOj3uKY1R-2,,
173,'Oli Spruce Ebony Tenor L2 TSE,sound_sample,L2,TSE,Tenor,Spruce,Macassar Ebony ,gloss,,1495,768,'OLI SPRUCE MACASSAR EBONY TENOR (L2-TSE 768),https://theukulelesite.com/shop-by/brand/oli/oli-spruce-macassar-ebony-tenor-l2-tse-768.html,rqkz_lvH1bU,youtube,,PLEQbDXy0ShuWQ4iKD4YVC1iOj3uKY1R-2,,
325,'Oli L2 CSR 1069,sound_sample,L2,CSR,Concert,Spruce,Rosewood,,,,,,,sTDGGnz6CXM,youtube,,PLEQbDXy0ShuWQ4iKD4YVC1iOj3uKY1R-2,,
175,'Oli L2 BTSMR 691,sound_sample,L2,BTSMR,Baritone,Torrefied spruce,Myrtle,gloss,limited edition,1795,691,'OLI TORREFIED SPRUCE MYRTLE LE BARITONE (L2-BTSMR RED GINGER 691),https://theukulelesite.com/oli-torrefied-spruce-myrtle-le-baritone-l2-btsmr-red-ginger-691-1.html,SnmXw7vWy7I,youtube,,PLEQbDXy0ShuWQ4iKD4YVC1iOj3uKY1R-2,,
176,'Oli L2-CRR 752 Redwood Rosewood Concert,sound_sample,L2,CRR,Concert,Redwood,Rosewood,gloss,limited edition,1495,752,'OLI CURLY REDWOOD ROSEWOOD LE CONCERT (L2-CRR RED GINGER 752),https://theukulelesite.com/oli-redwood-rosewood-le-concert-l2-crr-red-ginger-752.html,DLT2brKbUhc,youtube,,PLEQbDXy0ShuWQ4iKD4YVC1iOj3uKY1R-2,,
177,'Oli L2 CTSMR 677 Concert Torrefied Spruce Myrtle,sound_sample,L2,CTSMR,Concert,Torrefied spruce,Myrtle,gloss,,1345,677,'OLI TORREFIED SPRUCE MYRTLE CONCERT (2024 L2-CTSMR RED GINGER 677),https://theukulelesite.com/shop-by/brand/oli/oli-torrefied-spruce-myrtle-concert-l2-ctsmr-red-ginger-677.html,Eo7lLaX_ITM,youtube,,PLEQbDXy0ShuWQ4iKD4YVC1iOj3uKY1R-2,,
178,'Oli L2-TFM-BR 766 Spruce Maple Tenor,sound_sample,L2,TSFM-BR,Tenor,Spruce,Maple,gloss,stained brown,1395,766,'OLI SPRUCE FLAME MAPLE TENOR (L2-TSFM-BR MANDALA 766),https://theukulelesite.com/shop-by/brand/oli/oli-spruce-flame-maple-tenor-l2-tsfm-br-mandala-766.html,82C8m9g-bUU,youtube,,PLEQbDXy0ShuWQ4iKD4YVC1iOj3uKY1R-2,,
179,'Oli L1 BAS Acacia Baritone,sound_sample,L1,BAS,Baritone,Acacia,Acacia,satin,,845,792,'OLI ACACIA BARITONE SATIN (L1-BAS 792),https://theukulelesite.com/shop-by/brand/oli/oli-acacia-baritone-satin-l1-bas-792.html,0w5Fdm27YEk,youtube,,PLEQbDXy0ShuWQ4iKD4YVC1iOj3uKY1R-2,,
180,'Oli L2-BSFM-BR Spruce Flame Maple Baritone,sound_sample,L2,BSFM-BR,Baritone,Spruce,Flame Maple,gloss,stained brown,1595,773,'OLI SPRUCE FLAME MAPLE BARITONE (L2-BSFM-BR MANDALA 773),https://theukulelesite.com/shop-by/brand/oli/oli-spruce-flame-maple-baritone-l2-bsfm-mandala-773.html,MaHcDDrlE7I,youtube,,PLEQbDXy0ShuWQ4iKD4YVC1iOj3uKY1R-2,,
181,'Oli L2-BSE-SB Sunburst Spruce Ebony Baritone,sound_sample,L2,BSE-SB,Baritone,Spruce,Macassar Ebony ,gloss,sunburst stain,1745,869,'OLI SUNBURST SPRUCE MACASSAR EBONY BARITONE (L2-BSE-SB 869),https://theukulelesite.com/shop-by/brand/oli/oli-sunburst-spruce-macassar-ebony-baritone-l2-bse-sb-869.html,b96nfKXYWdM,youtube,,PLEQbDXy0ShuWQ4iKD4YVC1iOj3uKY1R-2,,
222,'Oli L2 CSR 2025 Spruce Rosewood Concert,sound_sample,L2,CSR,Concert,Spruce,Rosewood,gloss,pink binding,,,,,WcuYxImeiio,youtube,,PLEQbDXy0ShuWQ4iKD4YVC1iOj3uKY1R-2,,
183,'Oli L2-BSE Spruce Ebony Baritone,sound_sample,L2,BSE,Baritone,Spruce,Macassar Ebony ,gloss,,1695,863,'OLI SPRUCE EBONY BARITONE (L2-BSE V3 863),https://theukulelesite.com/shop-by/brand/oli/oli-spruce-ebony-baritone-l2-bse-v3-863.html,r1zpsaNpI1g,youtube,,PLEQbDXy0ShuWQ4iKD4YVC1iOj3uKY1R-2,,
184,'Oli L2-BTSR Torrefied Spruce Rosewood Baritone,sound_sample,L2,BTSR,Baritone,Torrefied spruce,Rosewood,gloss,limited edition,1745,828,'OLI TORREFIED SPRUCE ROSEWOOD BARITONE (L2-BTSR-LE 828),https://theukulelesite.com/shop-by/brand/oli/oli-torrefied-spruce-rosewood-baritone-l2-btsr-le-828.html,O3ZyEqrBR1M,youtube,,PLEQbDXy0ShuWQ4iKD4YVC1iOj3uKY1R-2,,
185,'Oli L2-CCR Cedar Rosewood Concert,sound_sample,L2,CCR,Concert,Cedar,Rosewood,gloss,,1295,842,'OLI CEDAR ROSEWOOD CONCERT (2024 L2-CCR 842),https://theukulelesite.com/shop-by/brand/oli/oli-cedar-rosewood-concert-l2-ccr-842.html,aCvguWK34vw,youtube,,PLEQbDXy0ShuWQ4iKD4YVC1iOj3uKY1R-2,,
186,'Oli L2-CSR Spruce Rosewood Concert,sound_sample,L2,CSR,Concert,Spruce,Rosewood,gloss,,1295,797,'OLI SPRUCE ROSEWOOD CONCERT (L2-CSR 797),https://theukulelesite.com/shop-by/brand/oli/oli-spruce-rosewood-concert-l2-csr-797.html,BEaIK6AwPz0,youtube,,PLEQbDXy0ShuWQ4iKD4YVC1iOj3uKY1R-2,,
187,'Oli L1 CSWU Spruce Weru Concert,sound_sample,L1,CSWU,Concert,Spruce,Weru,satin,,795,702,'OLI SPRUCE TOP WERU CONCERT (L1-CSWU-S 702),https://theukulelesite.com/shop-by/brand/oli/oli-cedar-top-weru-concert-l1-ccwu-s-702.html,L0YRkrz3p_Y,youtube,,PLEQbDXy0ShuWQ4iKD4YVC1iOj3uKY1R-2,,
253,'Oli L2 CSR 799,sound_sample,L2,CSR,Concert,Spruce,Rosewood,gloss,,,,,,zRlBU3vS-C8,youtube,,PLEQbDXy0ShuWQ4iKD4YVC1iOj3uKY1R-2,,
73,'Oli L2 CSR Spruce Rosewood Concert w Mika,sound_sample,L2,CSR,Concert,Spruce,Rosewood,gloss,,,,,,YVEQGYUnoQc,youtube,,PLEQbDXy0ShuWQ4iKD4YVC1iOj3uKY1R-2,,
61,"'Oli L2 Koa Baritone ""Loulu"" 335",sound_sample,L2,BK,Baritone,Koa,Koa,gloss,,,,,,pxZ1atAoOFA,youtube,,PLEQbDXy0ShuWQ4iKD4YVC1iOj3uKY1R-2,,
57,"'Oli L2 Koa Baritone ""Uhi"" 261",sound_sample,L2,TK,Baritone,Koa,Koa,gloss,,,,,,_vCUfMGJEA4,youtube,,PLEQbDXy0ShuWQ4iKD4YVC1iOj3uKY1R-2,,
16,'Oli L2 Mango Baritone,sound_sample,L2,BMG,Baritone,Mango,Mango,gloss,,1595,434,,https://theukulelesite.com/shop-by/brand/oli/oli-mango-baritone-l2-bmg-434.html,s1FzFA5sE6s,youtube,,PLEQbDXy0ShuWQ4iKD4YVC1iOj3uKY1R-2,https://theukulelesite.com/shop-by/brand/oli/oli-mango-baritone-l2-bmg-314.html,
225,'Oli L2 Mango Tenor,sound_sample,L2,TMG,Tenor,Mango,Mango,gloss,,,,,,GG-4-RpFUOA,youtube,,PLEQbDXy0ShuWQ4iKD4YVC1iOj3uKY1R-2,,
24,'Oli L2 Spruce Ebony Baritone,sound_sample,L2,BSE,Baritone,Spruce,Macassar Ebony ,gloss,,,,,,R5cMlwokGlg,youtube,,PLEQbDXy0ShuWQ4iKD4YVC1iOj3uKY1R-2,,
62,'Oli L2 Spruce Rosewood Baritone,sound_sample,L2,BSR,Baritone,Spruce,Rosewood,gloss,,,,,,eCu7Rgt7iWg,youtube,,PLEQbDXy0ShuWQ4iKD4YVC1iOj3uKY1R-2,,
252,'Oli L2 TCA 783,sound_sample,L2,TCA,Tenor,Cedar,Acacia,gloss,,,,,,kGD-EnRr8D8,youtube,,PLEQbDXy0ShuWQ4iKD4YVC1iOj3uKY1R-2,,
174,'Oli L2 TCA Cedar Acacia Tenor w Acacia faceplate,sound_sample,L2,TCA,Tenor,Cedar,Acacia,gloss,,1095,,,,jXyTTBsQWN8,youtube,,PLEQbDXy0ShuWQ4iKD4YVC1iOj3uKY1R-2,,
87,'Oli L2 TCA Monstera Tenor Cedar Top Acacia,sound_sample,L2,TCA,Tenor,Cedar,Acacia,gloss,,,,,,rLgcHFQnzVY,youtube,,PLEQbDXy0ShuWQ4iKD4YVC1iOj3uKY1R-2,,
98,'Oli L2 TCE V2 Tenor Cedar Ebony w Uke Logic Low G Set,equipment,L2,TCE,Tenor,Cedar,Macassar Ebony ,gloss,,1495,,,,cQnLbXT1k9g,youtube,,PLEQbDXy0ShuWQ4iKD4YVC1iOj3uKY1R-2,,
324,'Oli L2 TCR 2025 1065 Cedar Rosewood Tenor,sound_sample,L2,TCR,Tenor,Cedar,Rosewood,gloss,,,,,,Y_73dHX0NNA,youtube,,PLEQbDXy0ShuWQ4iKD4YVC1iOj3uKY1R-2,,
88,'Oli L2 TCR V2 Cedar Rosewood Tenor,sound_sample,L2,TCR,Tenor,Cedar,Rosewood,gloss,,,,,,4sOurwVPwX4,youtube,,PLEQbDXy0ShuWQ4iKD4YVC1iOj3uKY1R-2,,
116,'Oli L2 TK 673 Koa Tenor,sound_sample,L2,TK,Tenor,Koa,Koa,gloss,,,,,,zGX37Krcjvc,youtube,,PLEQbDXy0ShuWQ4iKD4YVC1iOj3uKY1R-2,,
69,"'Oli L2 TK Koa tenor ""Laolu"" 159 w Mika",sound_sample,L2,TK,Tenor,Koa,Koa,gloss,,,,,,cvHYTJAjhP4,youtube,,PLEQbDXy0ShuWQ4iKD4YVC1iOj3uKY1R-2,,
54,'Oli L2 TK Mastergrade Koa Tenor 161,sound_sample,L2,TK,Tenor,Koa,Koa,gloss,,,,,,NIpeJ9yIEpY,youtube,,PLEQbDXy0ShuWQ4iKD4YVC1iOj3uKY1R-2,,
70,'Oli L2 TK Uhi 157 High G w Mika,equipment,L2,TK,Tenor,Koa,Koa,gloss,,,,,,487oFyXPKzc,youtube,,PLEQbDXy0ShuWQ4iKD4YVC1iOj3uKY1R-2,,
251,'Oli L2 TMG Spalted Mango Tenor 596,sound_sample,L2,TMG,Tenor,Spalted Mango ,Spalted Mango ,gloss,,,,,,2dHY0K1Wpaw,youtube,,PLEQbDXy0ShuWQ4iKD4YVC1iOj3uKY1R-2,,
207,'Oli L2 TQM BL w Low G,sound_sample,L2,TQM-BL,Tenor,Quilted Maple,Quilted Maple,gloss,"blue stain, limited series",1645,1035,'OLI QUILTED MAPLE OCEAN BLUE TENOR (L2-TQM-BL 1035),https://theukulelesite.com/oli-quilted-maple-ocean-blue-tenor-l2-tqm-bl-1035.html,_Ns3SgfCBTY,youtube,,PLEQbDXy0ShuWQ4iKD4YVC1iOj3uKY1R-2,,
208,'Oli L2 TQM BL w High G,sound_sample,L2,TQM-BL,Tenor,Quilted Maple,Quilted Maple,gloss,"blue stain, limited series",1645,1035,'OLI QUILTED MAPLE OCEAN BLUE TENOR (L2-TQM-BL 1035),https://theukulelesite.com/oli-quilted-maple-ocean-blue-tenor-l2-tqm-bl-1035.html,eDM1VjTI3VA,youtube,,PLEQbDXy0ShuWQ4iKD4YVC1iOj3uKY1R-2,,
209,'Oli L2 TQM LB,sound_sample,L2,TQM-LB,Tenor,Quilted Maple,Quilted Maple,gloss,"light burst stain, limited series",1595,1036,'OLI QUILTED MAPLE LIGHT BURST TENOR (L2-TQM-SB 1036),https://theukulelesite.com/oli-quilted-maple-light-burst-tenor-l2-tqm-sb-1036.html,wemORgz-3uU,youtube,,PLEQbDXy0ShuWQ4iKD4YVC1iOj3uKY1R-2,,
101,'Oli L2 TMG V2 Mango Tenor,sound_sample,L2,TMG,Tenor,Mango,Mango,gloss,,,,,,Vh1WK7Lh6Do,youtube,,PLEQbDXy0ShuWQ4iKD4YVC1iOj3uKY1R-2,,
109,'Oli L2 TRR 582,sound_sample,L2,TRR,Tenor,Redwood,Rosewood,gloss,,,,,,kDCSRi57Kkc,youtube,,PLEQbDXy0ShuWQ4iKD4YVC1iOj3uKY1R-2,,
,294.2 'Oli L3-TRML Redwood Milo LE Tenor 1289,sound_sample,L3,TRML,Tenor,Redwood,Milo,gloss,limited edition,2095,1278,'OLI REDWOOD HAWAIIAN MILO LE TENOR (L3-TRML HOALA MILO 1278),https://theukulelesite.com/shop-by/brand/oli/oli-redwood-hawaiian-milo-le-tenor-l3-trml-hoala-milo-1278.html,6uik2UVNWAw,youtube,,,,
112,'Oli L2 TRR 587,sound_sample,L2,TRR,Tenor,Redwood,Rosewood,gloss,,,,,,vfFOc-Z_Rhg,youtube,,PLEQbDXy0ShuWQ4iKD4YVC1iOj3uKY1R-2,,
111,'Oli l2 TRR 588,sound_sample,L2,TRR,Tenor,Redwood,Rosewood,gloss,,,,,,ZCm3gfyWhZw,youtube,,PLEQbDXy0ShuWQ4iKD4YVC1iOj3uKY1R-2,,
119,'Oli L2 TRR 591,sound_sample,L2,TRR,Tenor,Redwood,Rosewood,gloss,,,,,,XAjagra4JBM,youtube,,PLEQbDXy0ShuWQ4iKD4YVC1iOj3uKY1R-2,,
108,'Oli L2 TRR 592,sound_sample,L2,TRR,Tenor,Redwood,Rosewood,gloss,,,,,,DLnxyFUJuNU,youtube,,PLEQbDXy0ShuWQ4iKD4YVC1iOj3uKY1R-2,,
110,'Oli L2 TRR 595,sound_sample,L2,TRR,Tenor,Redwood,Rosewood,gloss,,,,,,f0657LmlSf0,youtube,,PLEQbDXy0ShuWQ4iKD4YVC1iOj3uKY1R-2,,
95,'Oli L2 BMG Mango Baritone w 3 Different String Configurations,equipment,,,,,,,,,,,,fn2Q-Y8OI5o,youtube,,PLEQbDXy0ShuWQ4iKD4YVC1iOj3uKY1R-2,,
83,'Oli L2 TSCR Slim Tenor Cedar Rosewood,sound_sample,L2,TSCR,Tenor,Cedar,Rosewood,gloss,,,,,,wg8sKv3ZbOg,youtube,,PLEQbDXy0ShuWQ4iKD4YVC1iOj3uKY1R-2,,
220,'Oli L1SP-BSWA Baritone Spruce Waru Vintage Burst w Corey and Matt,sound_sample,L1,BSWU-VB,Baritone,Spruce,Weru,gloss,vintage burst stain,1195,1008,'OLI SPRUCE WARU VINTAGE BURST BARITONE (L1SP-BSWA 1008),https://theukulelesite.com/oli-spruce-waru-vintage-burst-baritone-l1sp-bswa-1008.html,JVz1wumivMo,youtube,,PLEQbDXy0ShuWQ4iKD4YVC1iOj3uKY1R-2,,
37,'Oli L2 TSE Spruce Ebony Tenor,sound_sample,L2,TSE,Tenor,Spruce,Macassar Ebony ,gloss,,,,,,4kGV1Ba9NGc,youtube,,PLEQbDXy0ShuWQ4iKD4YVC1iOj3uKY1R-2,,
229,'Oli L2 TSFM 729 Spruce Top Flame Maple Tenor,sound_sample,L2,TSFM,Tenor,Spruce,Flame Maple,gloss,,,,,,8aAE1qNmvUQ,youtube,,PLEQbDXy0ShuWQ4iKD4YVC1iOj3uKY1R-2,,
223,'Oli X-SMH-S Mahogany Soprano,sound_sample,X,SMHS,Soprano,Mahogany,Mahogany,satin,,695,,'OLI MAHOGANY SOPRANO (X-SMH-S),https://theukulelesite.com/oli-mahogany-soprano-x-smh-s.html,TygkMqVWevU,youtube,,PLEQbDXy0ShuWQ4iKD4YVC1iOj3uKY1R-2,,
224,'Oli L1-TPMG Mango Pineapple Tenor,sound_sample,L1,TPMG,Tenor,Mango,Mango,gloss,pineapple,795,1044,'OLI MANGO PINEAPPLE TENOR (L1-TPMG 1044),https://theukulelesite.com/oli-mango-pineapple-tenor-l1-tpmg-1044.html,AACVi1kq-bg,youtube,,PLEQbDXy0ShuWQ4iKD4YVC1iOj3uKY1R-2,,
218,'Oli l2 TSFM LB,sound_sample,L2,TSFM-LB,Tenor,Spruce,Flame Maple,gloss,light burst stain,,,,,DzOQzjyBe9M,youtube,,PLEQbDXy0ShuWQ4iKD4YVC1iOj3uKY1R-2,,
323,'Oli L2 TSR 1064 2025 Spruce Rosewood Tenor,sound_sample,L2,TSR,Tenor,Spruce,Rosewood,gloss,,,,,,zQWpzlqbl_M,youtube,,PLEQbDXy0ShuWQ4iKD4YVC1iOj3uKY1R-2,,
104,'Oli L2 TSR v2 Spruce Rosewood Tenor,sound_sample,L2,TSR,Tenor,Spruce,Rosewood,gloss,,,,,,ARPyhkifASw,youtube,,PLEQbDXy0ShuWQ4iKD4YVC1iOj3uKY1R-2,,
113,Spain on 'Oli Redwood Rosewood Tenor & Baritone,song,,,,,,,,,,,,JLlO5ECoxzc,youtube,,PLEQbDXy0ShuWQ4iKD4YVC1iOj3uKY1R-2,,
258,'Oli L2 TTSMR Torrefied Spruce Myrtle Tenor 667,sound_sample,L2,TTSMR,Tenor,Torrefied spruce,Myrtle,gloss,,,,,,fVixLG6ObvY,youtube,,PLEQbDXy0ShuWQ4iKD4YVC1iOj3uKY1R-2,,
230,'Oli BRR 645 Redwood Rosewood Baritone,sound_sample,L2,BRR,Baritone,Redwood,Rosewood,gloss,limited edition,,645,'OLI REDWOOD ROSEWOOD LE BARITONE (L2-BRR RED GINGER 645),https://theukulelesite.com/oli-redwood-rosewood-le-baritone-l2-brr-red-ginger-645-1.html,rwmW680HZCM,youtube,,PLEQbDXy0ShuWQ4iKD4YVC1iOj3uKY1R-2,,
84,'Oli L2-BCA Cedar Acacia Baritone V2,sound_sample,L2,BCA,Baritone,Cedar,Acacia,gloss,,,,,,CFPprogW2-M,youtube,,PLEQbDXy0ShuWQ4iKD4YVC1iOj3uKY1R-2,,
82,'Oli L2-BCE Baritone Cedar Ebony V2,sound_sample,L2,BCE,Baritone,Cedar,Macassar Ebony ,gloss,,,,,,wH6khWtmCq8,youtube,,PLEQbDXy0ShuWQ4iKD4YVC1iOj3uKY1R-2,,
182,'Oli L2-BCR Cedar Rosewood Baritone,sound_sample,L2,BCR,Baritone,Cedar,Rosewood,gloss,,1595,,,,N45fxH4AR9E,youtube,,PLEQbDXy0ShuWQ4iKD4YVC1iOj3uKY1R-2,,
124,'Oli Cedar Ebony Baritone 4 Strings Auction,sound_sample,L2,BCE,Baritone,Cedar,Macassar Ebony ,gloss,,,,,,QvYr9FaFIn8,youtube,,PLEQbDXy0ShuWQ4iKD4YVC1iOj3uKY1R-2,,
131,'Oli L2-BRR Redwood Rosewood Baritone,sound_sample,L2,BRR,Baritone,Redwood,Rosewood,gloss,limited edition,1595,,,,f67SM7I5oYg,youtube,,PLEQbDXy0ShuWQ4iKD4YVC1iOj3uKY1R-2,,
143,'Oli L2-BSQM-SB Spruce Quilted Maple Sunburst Baritone,sound_sample,L2,BSQM-SB,Baritone,Spruce,Quilted Maple,gloss,sunburst stain,1645,715,,https://theukulelesite.com/shop-by/oli-spruce-quilted-maple-baritone-l2-bsqm-sb-mandala-715.html,-QxAxACwwPI,youtube,,PLEQbDXy0ShuWQ4iKD4YVC1iOj3uKY1R-2,https://theukulelesite.com/shop-by/oli-spruce-quilted-maple-baritone-l2-bsqm-sb-mandala-716.html,
239,'Oli L2-BSR 2025 1102,sound_sample,L2,BSR,Baritone,Spruce,Rosewood,gloss,,,,,,Bcng08Q5kOo,youtube,,PLEQbDXy0ShuWQ4iKD4YVC1iOj3uKY1R-2,,
238,'Oli L2 BRR 609 Redwood Rosewood Baritone,sound_sample,L2,BRR,Baritone,Redwood,Rosewood,gloss,limited edition,,609,'OLI REDWOOD ROSEWOOD LE BARITONE (L2-BRR RED GINGER 609),https://theukulelesite.com/oli-redwood-rosewood-le-baritone-l2-brr-red-ginger-609-1.html,-ShR62NaQ5M,youtube,,PLEQbDXy0ShuWQ4iKD4YVC1iOj3uKY1R-2,,
125,"""All of Me"" 'Oli Cedar Ebony Baritone & Singer Mahogany Concert 4 Strings Auction",song,,,,,,,,,,,,6Ao64QPpWEs,youtube,,PLEQbDXy0ShuWQ4iKD4YVC1iOj3uKY1R-2,,
266,'Oli L2-BSR Spruce Rosewood Baritone 208,sound_sample,L2,BSR,Baritone,Spruce,Rosewood,gloss,,,,,,2QbE-g2aYnA,youtube,,PLEQbDXy0ShuWQ4iKD4YVC1iOj3uKY1R-2,,2025-03-25
241,'Oli L3-CRMI Redwood Milo Concert 1,sound_sample,L3,CRML,Concert,Redwood,Milo,gloss,limited edition,2195,,'OLI REDWOOD HAWAIIAN MILO LE CONCERT (L3-CRMI HOALA MILO #1),https://theukulelesite.com/oli-redwood-hawaiian-milo-le-concert-l3-crmi-hoala-milo-1.html,j9jPvXrlJAc,youtube,,PLEQbDXy0ShuWQ4iKD4YVC1iOj3uKY1R-2,,
242,'Oli L3 Plumeria Tenor 1033,sound_sample,L3,TSR-P,Tenor,Spruce,Rosewood,gloss,"limited edition, Plumeria",1995,1033,'OLI SPRUCE ROSEWOOD TENOR LE (L3-TSR PLUMERIA 1033),https://theukulelesite.com/oli-spruce-rosewood-tenor-le-l3-tsr-plumeria-1.html,oSym4KiyAHc,youtube,,PLEQbDXy0ShuWQ4iKD4YVC1iOj3uKY1R-2,,
250,'Oli L2-BTSMR 684,sound_sample,L2,BTSMR,Baritone,Torrefied spruce,Myrtle,gloss,,,,,,cU0AnCPEduk,youtube,,PLEQbDXy0ShuWQ4iKD4YVC1iOj3uKY1R-2,,
257,'Oli L2-BTSMR 689 Baritone Torrefied Spruce Myrtle Limited Edition,sound_sample,L2,BTSMR,Baritone,Torrefied spruce,Myrtle,gloss,limited edition,,,,,6m6V7lV8yg4,youtube,,PLEQbDXy0ShuWQ4iKD4YVC1iOj3uKY1R-2,,
261,'Oli L2-CCR 1096 w Kalei,sound_sample,L2,CCR,Concert,Cedar,Rosewood,gloss,,,,,,fg3aNABfiZ4,youtube,,PLEQbDXy0ShuWQ4iKD4YVC1iOj3uKY1R-2,,
127,'Oli Torrefied Spruce Myrtle Baritone & Tenor Jam,song,,,,,,,,,,,,p4a72PSwMZo,youtube,,PLEQbDXy0ShuWQ4iKD4YVC1iOj3uKY1R-2,,
263,'Oli L2-TMG 599 Spalted Mango Tenor,sound_sample,L2,TMG,Tenor,Spalted Mango ,Spalted Mango ,gloss,,,,,,hj1rKNd9Qi4,youtube,,PLEQbDXy0ShuWQ4iKD4YVC1iOj3uKY1R-2,,
248,'Oli L2 CQM LB 1047,sound_sample,L2,CQM-LB,Concert,Quilted Maple,Quilted Maple,gloss,light burst stain,1395,1047,'OLI LIGHT BURST QUILTED MAPLE CONCERT (L2-CQM-LB 1047),https://theukulelesite.com/oli-light-burst-quilted-maple-concert-l2-cqm-lb-1047.html,-3SRZE38g20,youtube,,PLEQbDXy0ShuWQ4iKD4YVC1iOj3uKY1R-2,,
136,'Oli Torrefied Spruce Rosewood Baritone & Concert,song,,,,,,,,,,,,AV173puTDr4,youtube,,PLEQbDXy0ShuWQ4iKD4YVC1iOj3uKY1R-2,,
132,'Oli L2-TSFM V3 Spruce Flame Maple Mandala Tenor,sound_sample,L2,TSFM,Tenor,Spruce,Flame Maple,gloss,,1395,,,,ad_roeny5h8,youtube,,PLEQbDXy0ShuWQ4iKD4YVC1iOj3uKY1R-2,,
160,'Oli L2-TTSMR Torrefied Spruce Myrtle Tenor,sound_sample,L2,TTSMR,Tenor,Torrefied spruce,Myrtle,gloss,limited edition,,,,,xMqPRcZ_3iY,youtube,,PLEQbDXy0ShuWQ4iKD4YVC1iOj3uKY1R-2,,
326,'Oli L3 CCPML Port Orford Cedar Milo Concert,sound_sample,L3,CCPML,Concert,Port Orford Cedar,Milo,gloss,,,,,,8EV-3ifGQQA,youtube,,PLEQbDXy0ShuWQ4iKD4YVC1iOj3uKY1R-2,,
164,hidden,hidden,,,,,,,,,,,,,,,PLEQbDXy0ShuWQ4iKD4YVC1iOj3uKY1R-2,,
189,hidden,hidden,,,,,,,,,,,,,,,PLEQbDXy0ShuWQ4iKD4YVC1iOj3uKY1R-2,,
255,'Oli Baritone L2 BRR 650,sound_sample,L2,BRR,Baritone,Redwood,Rosewood,gloss,limited edition,,650,'OLI REDWOOD ROSEWOOD LE BARITONE (L2-BRR RED GINGER 650),https://theukulelesite.com/oli-redwood-rosewood-le-baritone-l2-brr-red-ginger-650-1.html,nMw6YZwnGus,youtube,,PLEQbDXy0ShuWQ4iKD4YVC1iOj3uKY1R-2,,
190,hidden,hidden,,,,,,,,,,,,,,,PLEQbDXy0ShuWQ4iKD4YVC1iOj3uKY1R-2,,
194,"'Oli L1 Cedar Acacia Baritone & Tenor ""Island Style""",song,,,,,,,,,,,,7jPMZ3u0l9k,youtube,,PLEQbDXy0ShuWQ4iKD4YVC1iOj3uKY1R-2,,
199,"â€œKawaipunaheleâ€ on L1 Acacia Satin w Mika, Kalei, & Corey",song,,,,,,,,,,,,AOURRt7D08c,youtube,,PLEQbDXy0ShuWQ4iKD4YVC1iOj3uKY1R-2,,
259,'Oli L2 BRR 608,sound_sample,L2,BRR,Baritone,Redwood,Rosewood,gloss,limited edition,,608,'OLI REDWOOD ROSEWOOD LE BARITONE (L2-BRR RED GINGER 608),https://theukulelesite.com/oli-redwood-rosewood-le-baritone-l2-brr-red-ginger-608-1.html,QxFFVUr9EqQ,youtube,,PLEQbDXy0ShuWQ4iKD4YVC1iOj3uKY1R-2,,
202,"Kiss From a Rose w Kalei, Corey, & Mika on 'Oli L1 Acacia gloss",song,,,,,,,,,,,,kNV3DD6lw4Y,youtube,,PLEQbDXy0ShuWQ4iKD4YVC1iOj3uKY1R-2,,
89,'Oli Mastegrade Koa Baritone L2-BK 255,sound_sample,L2,BK,Baritone,Koa,Koa,gloss,,,,,,ox0FrtcInNU,youtube,,PLEQbDXy0ShuWQ4iKD4YVC1iOj3uKY1R-2,,
45,'Oli Mastergrade Koa Tenor 115,sound_sample,L2,TK,Tenor,Koa,Koa,gloss,,,,,,oBssHayGSkY,youtube,,PLEQbDXy0ShuWQ4iKD4YVC1iOj3uKY1R-2,,
44,'Oli Mastergrade Koa Tenor 157,sound_sample,L2,TK,Tenor,Koa,Koa,gloss,,,,,,AMrBm7gwL9A,youtube,,PLEQbDXy0ShuWQ4iKD4YVC1iOj3uKY1R-2,,
53,'Oli Mastergrade Koa Tenor L2 TK 155,sound_sample,L2,TK,Tenor,Koa,Koa,gloss,,,,,,mLfkAzdJb7Q,youtube,,PLEQbDXy0ShuWQ4iKD4YVC1iOj3uKY1R-2,,
211,hidden,hidden,,,,,,,,,,,,,,,PLEQbDXy0ShuWQ4iKD4YVC1iOj3uKY1R-2,,
214,"""You Are My Sunshine"" on 2025 'Oli Mango Satin Models",song,,,,,,,,,,,,_BpK5zAVTck,youtube,,PLEQbDXy0ShuWQ4iKD4YVC1iOj3uKY1R-2,,
267,'Oli L2-BCPW 1202 Port Orford Cedar Walnut Baritone,sound_sample,L2,BCPW,Baritone,Port Orford Cedar,Walnut,gloss,limited edition,1795,1202,'OLI PORT ORFORD CEDAR CLARO WALNUT LE BARITONE (L2-BCPW DIAMOND HEAD MOON 1202),https://theukulelesite.com/shop-by/brand/oli/oli-port-orford-cedar-claro-walnut-le-baritone-l2-bcpw-diamond-head-moon-1202.html,7trxU1gHqiU,youtube,,PLEQbDXy0ShuWQ4iKD4YVC1iOj3uKY1R-2,,2025-04-23
268,'Oli L2-BRCM 1177 Redwood Hawaiian (Cuban) Mahogany Baritone,sound_sample,L2,BRCM,Baritone,Redwood,Hawaiian (Cuban) Mahogany,gloss,limited edition,1895,1177,'OLI CURLY REDWOOD HAWAIIAN (CUBAN) MAHOGANY LE BARITONE (L2-BRCM 1177),https://theukulelesite.com/shop-by/oli-curly-redwood-hawaiian-cuban-mahogany-le-baritone-l2-brcm-1177.html,7sp8cCNh6Rs,youtube,,PLEQbDXy0ShuWQ4iKD4YVC1iOj3uKY1R-2,,
269,'Oli X2-TTSRR Torrefied Spruce Rosewood Tenor,sound_sample,X2,TTSRR,Tenor,Torrefied spruce,Red Rosewood,gloss,limited edition,1495,1165,'OLI TORREFIED SPRUCE RED ROSEWOOD LE TENOR (X2-TTSRR 1165),https://theukulelesite.com/shop-by/brand/oli/oli-torrefied-spruce-red-rosewood-le-tenor-x2-ttsrr-1165.html,5opERUz7YWM,youtube,,PLEQbDXy0ShuWQ4iKD4YVC1iOj3uKY1R-2,,
270,'Oli X2 TCRBW 1161Cedar Rosewood Tenor,sound_sample,X2,TCRBW,Tenor,Cedar,Black and White Rosewood,gloss,"limited edition; url and video has 1161, listing has 1168",1495,1168,'OLI CEDAR BW ROSEWOOD LE TENOR (X2-TCR-BW 1168),https://theukulelesite.com/shop-by/brand/oli/oli-cedar-bw-rosewood-le-tenor-x2-tcr-bw-1161.html,n3hy_VOpQc0,youtube,,PLEQbDXy0ShuWQ4iKD4YVC1iOj3uKY1R-2,,
271,"""Oli L2-TCPMR Port Orford Cedar Myrtle Tenor 1194",sound_sample,L2,TCPMR,Tenor,Port Orford Cedar,Myrtle,gloss,limited edition,1595,1194,'OLI PORT ORFORD CEDAR MYRTLE LE TENOR (L2-TCPMR DIAMOND HEAD MOON 1194),https://theukulelesite.com/shop-by/brand/oli/oli-port-orford-cedar-myrtle-le-tenor-l2-tcpmr-diamond-head-moon-1194.html,oiHEZKaN8ik,youtube,,PLEQbDXy0ShuWQ4iKD4YVC1iOj3uKY1R-2,,
272,'Oli L3 TCPML Port Orford Cedar Milo Tenor LE 1272,sound_sample,L3,TCPML,Tenor,Port Orford Cedar,Milo,gloss,limited edition,1995,1272,'OLI PORT ORFORD CEDAR HAWAIIAN MILO LE TENOR (L3-TCPML HOALA MILO 1272),https://theukulelesite.com/shop-by/brand/oli/oli-port-orford-cedar-hawaiian-milo-le-tenor-l3-tcpml-hoala-milo-1272.html,nPwQCLnVzXA,youtube,,PLEQbDXy0ShuWQ4iKD4YVC1iOj3uKY1R-2,,
273,'Oli L3 TSML Spruce Milo LE Tenor,sound_sample,L3,TSML,Tenor,Spruce,Milo,gloss,limited edition,1995,1266,'OLI SPRUCE HAWAIIAN MILO LE TENOR (L3-TSML HOALA MILO 1266),https://theukulelesite.com/shop-by/brand/oli/oli-spruce-hawaiian-milo-le-tenor-l3-tsml-hoala-milo-1266.html,sGCvfH3n-jE,youtube,,PLEQbDXy0ShuWQ4iKD4YVC1iOj3uKY1R-2,,
274,'Oli L2-TMR 1264,sound_sample,L2,TMR,Tenor,Myrtle,Myrtle,gloss,limited edition,1495,1264,'OLI MYRTLE TENOR (L2-TMR LE 1264),https://theukulelesite.com/shop-by/brand/oli/oli-myrtle-tenor-l2-tmr-le-1264.html,hbqVG8Z0oe0,youtube,,PLEQbDXy0ShuWQ4iKD4YVC1iOj3uKY1R-2,,
275,'Oli L2 TMR Tiger Myrtle Tenor w GOAA Pickup,sound_sample,L2,TMR,Tenor,Myrtle,Myrtle,gloss,GOAA Pickup,1795,1263,'OLI MYRTLE TENOR W GOAA PICKUP INSTALLED (L2-TMR-EG 1263),https://theukulelesite.com/shop-by/brand/oli/oli-myrtle-tenor-w-goaa-pickup-installed-l2-tmr-eg-1263.html,zRfaN-XZgVE,youtube,,PLEQbDXy0ShuWQ4iKD4YVC1iOj3uKY1R-2,,
276,'Oli X2-BCR-BW 1144 Cedar Rosewood X braced Baritone,sound_sample,X2,BCRBW,Baritone,Cedar,Black and White Rosewood,gloss,limited edition,1595,1144,'OLI CEDAR BW ROSEWOOD LE BARITONE (X2-BCR-BW 1144),https://theukulelesite.com/shop-by/brand/oli/oli-cedar-bw-rosewood-le-baritone-x2-bcr-bw-1144.html,PTMO6cWPf9o,youtube,,PLEQbDXy0ShuWQ4iKD4YVC1iOj3uKY1R-2,,
277,'Oli L3 TRML  Curly Redwood Milo Tenor 1271,sound_sample,L3,TRML,Tenor,Curly Redwood,Milo,gloss,limited edition,2095,1271,'OLI CURLY REDWOOD HAWAIIAN MILO LE TENOR (L3-TRML HOALA MILO 1271),https://theukulelesite.com/shop-by/price/999-and-up/oli-curly-redwood-hawaiian-milo-le-tenor-l3-trml-hoala-milo-1271.html,WArzRddPDZ8,youtube,,PLEQbDXy0ShuWQ4iKD4YVC1iOj3uKY1R-2,,
278,'Oli L3 TRML 1290 Curly Redwood Milo LE Tenor,sound_sample,L3,TRML,Tenor,Curly Redwood,Milo,gloss,limited edition,2095,1290,'OLI CURLY REDWOOD HAWAIIAN MILO LE TENOR (L3-TRML HOALA MILO 1290),https://theukulelesite.com/shop-by/brand/oli/oli-curly-redwood-hawaiian-milo-le-tenor-l3-trml-hoala-milo-1290.html,eLa250snUmE,youtube,,PLEQbDXy0ShuWQ4iKD4YVC1iOj3uKY1R-2,,
279,'Oli L-CM-S Satin Mahogany Concert,sound_sample,L,CMS,Concert,Mahogany,Mahogany,satin,,495,1085,'OLI MAHOGANY CONCERT SATIN (L-CM-S 1085),https://theukulelesite.com/shop-by/brand/oli/oli-mahogany-concert-satin-l-cm-s-1085.html,lpPQExQbSZI,youtube,,PLEQbDXy0ShuWQ4iKD4YVC1iOj3uKY1R-2,,
280,'Oli L-TM-S Satin Mahogany Tenor,sound_sample,L,TMS,Tenor,Mahogany,Mahogany,satin,,565,1095,'OLI MAHOGANY TENOR SATIN (L-TM-S 1095),https://theukulelesite.com/shop-by/brand/oli/oli-mahogany-tenor-satin-l-tm-s-1095.html,Nj-WvhE59Ek,youtube,,PLEQbDXy0ShuWQ4iKD4YVC1iOj3uKY1R-2,,
281,'Oli L-BM-S Satin Mahogany Baritone,sound_sample,L,BMS,Baritone,Mahogany,Mahogany,satin,,625,1079,'OLI SATIN MAHOGANY BARITONE (L-BM-S 1079),https://theukulelesite.com/oli-satin-mahogany-baritone-l-bm-s-1079.html,NXrSovQvnTE,youtube,,PLEQbDXy0ShuWQ4iKD4YVC1iOj3uKY1R-2,,
282,'Oli L2 TKE Koa Ebony Tenor,sound_sample,L2,TKE,Tenor,Koa,Ebony,gloss,,1795,1190,'OLI KOA MACASSAR EBONY TENOR (L2-TKE 1190),https://theukulelesite.com/shop-by/brand/oli/oli-koa-macassar-ebony-tenor-l2-tke-1190.html,NYBejTZgJfw,youtube,,PLEQbDXy0ShuWQ4iKD4YVC1iOj3uKY1R-2,,
283,'Oli L2 CQM BL Quilted Maple Concert 1155,sound_sample,L2,CQM-BL,Concert,Quilted Maple,Quilted Maple,gloss,blue stain,1495,1155,'OLI OCEAN BLUE QUILTED MAPLE CONCERT (L2-CQM-BL 1155),https://theukulelesite.com/shop-by/brand/oli/oli-ocean-blue-quilted-maple-concert-l2-cqm-bl-1155.html,ff7o3eSwELE,youtube,,PLEQbDXy0ShuWQ4iKD4YVC1iOj3uKY1R-2,,
284,'Oli X2 BTSRR 1109 Torrefied Spruce Rosewood Baritone,sound_sample,X2,BTSRR,Baritone,Torrefied spruce,Red Rosewood,gloss,limited edition,1595,1109,'OLI TORREFIED SPRUCE RED ROSEWOOD LE BARITONE (X2-BTSRR 1109),https://theukulelesite.com/shop-by/brand/oli/oli-torrefied-spruce-red-rosewood-le-baritone-x2-btsrr-1109.html,UEpCcA2lKCk,youtube,,PLEQbDXy0ShuWQ4iKD4YVC1iOj3uKY1R-2,,
285,'Oli L2 TCPE 1191 Port Orford Cedar Ebony Tenor,sound_sample,L2,TCPE,Tenor,Port Orford Cedar,Ebony,gloss,,1595,1191,'OLI PORT ORFORD CEDAR MACASSAR EBONY TENOR (L2-TCPE 1191),https://theukulelesite.com/shop-by/brand/oli/oli-port-orford-cedar-macassar-ebony-tenor-l2-tcpe-1191.html,G39M_m04f6U,youtube,,PLEQbDXy0ShuWQ4iKD4YVC1iOj3uKY1R-2,,
286,'Oli L2 TTSCM Torrefied Spruce Hawaiian Cuban Mahogany Tenor,sound_sample,L2,TTSCM,Tenor,Torrefied spruce,Hawaiian (Cuban) Mahogany,gloss,limited edition,1595,1193,'OLI TORREFIED SPRUCE HAWAIIAN CUBAN MAHOGANY LE TENOR (L2-TTSCM 1193),https://theukulelesite.com/shop-by/brand/oli/oli-torrefied-spruce-hawaiian-mahogany-le-tenor-l2-ttscm-1193.html,vdwfXQ1iuIY,youtube,,PLEQbDXy0ShuWQ4iKD4YVC1iOj3uKY1R-2,,
287,'Oli L3 BSR P Spruce Rosewood Plumeria LE Baritone,sound_sample,L3,BSR-P,Baritone,Spruce,Rosewood,gloss,"limited edition, Plumeria",2095,1178,'OLI SPRUCE ROSEWOOD BARITONE LE (L3-BSR PLUMERIA 1178),https://theukulelesite.com/shop-by/brand/oli/oli-spruce-rosewood-baritone-le-l3-bsr-plumeria-1178.html,U2jX0nAFijk,youtube,,PLEQbDXy0ShuWQ4iKD4YVC1iOj3uKY1R-2,,
288,'Oli L2 BRCM Redwood Cuban Hawaiian Mahogany 1174,sound_sample,L2,BRCM-SB,Baritone,Redwood,Hawaiian (Cuban) Mahogany,gloss,"sunburst stain, limited edition",1595,1174,'OLI REDWOOD HAWAIIAN (CUBAN) MAHOGANY LE BARITONE (L2-BRCM 1174),https://theukulelesite.com/shop-by/brand/oli/oli-redwood-hawaiian-cuban-mahogany-le-baritone-l2-brcm-1174.html,m8q112Vr7Js,youtube,,PLEQbDXy0ShuWQ4iKD4YVC1iOj3uKY1R-2,,
289,'Oli L2-TFM-SB Flame Maple Sunburst Tenor 1188,sound_sample,L2,TFM-SB,Tenor,Flame Maple,Flame Maple,gloss,sunburst stain,1495,1188,'OLI FLAME MAPLE TENOR SUNBURST (L2-TFM 1188),https://theukulelesite.com/shop-by/brand/oli/oli-flame-maple-tenor-sunburst-l2-tfm-1188.html,ur06v3xohPA,youtube,,PLEQbDXy0ShuWQ4iKD4YVC1iOj3uKY1R-2,,
290,'Oli L2 BTSCM Torrefied Spruce Hawaiian Mahogany Baritone,sound_sample,L2,BTSCM,Baritone,Torrefied spruce,Hawaiian (Cuban) Mahogany,gloss,limited edition,1695,1173,'OLI TORREFIED SPRUCE HAWAIIAN (CUBAN) MAHOGANY LE BARITONE (L2-BTSCM 1173),https://theukulelesite.com/shop-by/brand/oli/oli-torrefied-spruce-hawaiian-cuban-mahogany-le-baritone-l2-btscm-1173.html,LJ2USq9lVpI,youtube,,PLEQbDXy0ShuWQ4iKD4YVC1iOj3uKY1R-2,,
291,'Oli L3 CSR P Spruce Rosewood LE Plumeria Concert,sound_sample,L3,CSR-P,Concert,Spruce,Rosewood,gloss,Plumeria,1795,1227,'OLI SPRUCE ROSEWOOD LIMITED EDITION CONCERT (L3-CSR PLUMERIA 1227),https://theukulelesite.com/shop-by/brand/oli/oli-spruce-rosewood-limited-edition-concert-l3-csr-plumeria-1227.html,bB_ODMYkRiE,youtube,,PLEQbDXy0ShuWQ4iKD4YVC1iOj3uKY1R-2,,
292,"'Oli Spruce Rosewood 18"" Scale Tenor Cutaway",sound_sample,L2,TSR-LC,Tenor,Spruce,Rosewood,gloss,"Cutaway, 18"", 15 frets to the body",1695,1284,"'OLI SPRUCE ROSEWOOD 18"" SCALE TENOR CUTAWAY (L2-TSR-LC 1284)",https://theukulelesite.com/shop-by/brand/oli/oli-spruce-rosewood-18-scale-tenor-cutaway-l2-tsr-lc-1284.html,I5TRhtZMNJI,youtube,,PLEQbDXy0ShuWQ4iKD4YVC1iOj3uKY1R-2,,
293,'Oli L2 CMR Tiger Myrtle Concert,sound_sample,L2,CMR,Concert,Myrtle,Myrtle,gloss,limited edition,1395,1180,'OLI TIGER MYRTLE CONCERT (L2-CMR LE 1180),https://theukulelesite.com/shop-by/brand/oli/oli-tiger-myrtle-concert-l2-cmr-le-1180.html,N22bG_jN8NY,youtube,,PLEQbDXy0ShuWQ4iKD4YVC1iOj3uKY1R-2,,
,163.2 'Oli L2 CCW Cedar Walnut Concert,sound_sample,L2,CCW,Concert,Cedar,Walnut,gloss,limited edition,1345,736,'OLI CEDAR WALNUT LE CONCERT (L2-CCW RED GINGER 736),https://theukulelesite.com/shop-by/brand/oli/oli-cedar-walnut-le-concert-l2-ccw-red-ginger-736.html,7CBLztOz62E,youtube,,,,
295,'Oli L3-TTSML Torrefied Spruce Milo LE Tenor,sound_sample,L3,TTSML,Tenor,Torrefied spruce,Milo,gloss,limited edition,2095,1276,'OLI TORREFIED SPRUCE HAWAIIAN MILO LE TENOR (L3-TTSML HOALA MILO 1276),https://theukulelesite.com/shop-by/brand/oli/oli-torrefied-spruce-hawaiian-milo-le-tenor-l3-ttsml-hoala-milo-1276.html,-22L3lJxneI,youtube,,PLEQbDXy0ShuWQ4iKD4YVC1iOj3uKY1R-2,,
296,'Oli L2 BRW Redwood Walnut Diamond Head Moon Baritone,sound_sample,L2,BRW,Baritone,Redwood,Walnut,gloss,limited edition,1795,1207,'OLI REDWOOD CLARO WALNUT LE BARITONE (L2-BRW DIAMOND HEAD MOON 1207),https://theukulelesite.com/shop-by/oli-redwood-claro-walnut-le-baritone-l2-brw-diamond-head-moon-1207.html,WCd0fltpEsc,youtube,,PLEQbDXy0ShuWQ4iKD4YVC1iOj3uKY1R-2,,
297,'Oli L3 TSE-H Spruce Ebony Honeycomb Tenor,sound_sample,L3,TSE-H,Tenor,Spruce,Ebony,gloss,limited edition,2095,1250,'OLI SPRUCE MACASSAR EBONY LE TENOR (L3-TSE-H HONEYCOMB 1250),https://theukulelesite.com/shop-by/brand/oli/oli-spruce-macassar-ebony-le-tenor-l3-tse-h-honeycomb-1250.html,GeyEMyXhCoI,youtube,,PLEQbDXy0ShuWQ4iKD4YVC1iOj3uKY1R-2,,
298,'Oli L2 CCPW Port Orford Cedar Walnut Concert,sound_sample,L2,CCPW,Concert,Port Orford Cedar,Walnut,gloss,limited edition,1395,1230,'OLI PORT ORFORD CEDAR CLARO WALNUT LE CONCERT (L2-CCPW DIAMOND HEAD MOON 1230),https://theukulelesite.com/shop-by/brand/oli/oli-port-orford-cedar-claro-walnut-le-concert-l2-ccpw-diamond-head-moon-1230.html,bCuTF73J678,youtube,,PLEQbDXy0ShuWQ4iKD4YVC1iOj3uKY1R-2,,
299,'Oli L1SP TMGBK Mango Tenor,sound_sample,L1,TMG-BK,Tenor,Mango,Mango,gloss,black stain,1095,1117,'OLI MANGO TENOR (L1SP-TMG-BK 1117),https://theukulelesite.com/shop-by/brand/oli/oli-mango-tenor-l1sp-tmg-bk-1118.html,YNPbOKeQnvY,youtube,,PLEQbDXy0ShuWQ4iKD4YVC1iOj3uKY1R-2,,
300,'Oli L3 BSE H Spruce Ebony Honeycomb Baritone,sound_sample,L3,BSE,Baritone,Spruce,Ebony,gloss,limited edition,2195,1217,'OLI SPRUCE MACASSAR EBONY LE BARITONE (L3-BSE-H HONEYCOMB 1217),https://theukulelesite.com/shop-by/brand/oli/oli-spruce-macassar-ebony-le-baritone-l3-bse-h-honeycomb-1217.html,89w0P-9jhAI,youtube,,PLEQbDXy0ShuWQ4iKD4YVC1iOj3uKY1R-2,,
301,'Oli L1 TPMG Mango Pineapple Tenor,sound_sample,L1,TPMG,Tenor,Mango,Mango,gloss,pineapple,895,1138,'OLI MANGO PINEAPPLE TENOR (L1-TPMG 1138),https://theukulelesite.com/shop-by/brand/oli/oli-mango-pineapple-tenor-l1-tpmg-1138.html,qYeqrVREuWo,youtube,,PLEQbDXy0ShuWQ4iKD4YVC1iOj3uKY1R-2,,
302,'Oli L3-TSR-P Plumeria Tenor 1247,sound_sample,L3,TSR-P,Tenor,Spruce,Rosewood,gloss,limited edition,1995,1247,'OLI SPRUCE ROSEWOOD TENOR LE (L3-TSR PLUMERIA 1247),https://theukulelesite.com/shop-by/brand/oli/oli-spruce-rosewood-tenor-le-l3-tsr-plumeria-1247-1.html,WeC-fgs9Gcc,youtube,,PLEQbDXy0ShuWQ4iKD4YVC1iOj3uKY1R-2,,
303,'Oli L3 CCE 1237 Cedar Ebony Honeycomb LE Concert,sound_sample,L3,CCE-H,Concert,Cedar,Ebony,gloss,limited edition,1995,1237,'OLI CEDAR MACASSAR EBONY LE CONCERT (L3-CCE-H HONEYCOMB 1237),https://theukulelesite.com/shop-by/brand/oli/oli-cedar-macassar-ebony-le-concert-l3-cce-h-honeycomb-1237.html,Rbm3qh-z8jU,youtube,,PLEQbDXy0ShuWQ4iKD4YVC1iOj3uKY1R-2,,
304,'Oli L3-CSE H 1186,sound_sample,L3,CSE-H,Concert,Spruce,Ebony,gloss,limited edition,1995,1186,'OLI SPRUCE MACASSAR EBONY LE CONCERT (L3-CSE-H HONEYCOMB 1186),https://theukulelesite.com/shop-by/brand/oli/oli-spruce-macassar-ebony-le-concert-l3-cse-h-honeycomb-1186.html,7PABqyB1Ef8,youtube,,PLEQbDXy0ShuWQ4iKD4YVC1iOj3uKY1R-2,,
305,'Oli L3-BRML Redwood Milo Baritone,sound_sample,L3,BRML,Baritone,Redwood,Milo,gloss,limited edition,2295,1241,'OLI REDWOOD HAWAIIAN MILO LE BARITONE (L3-BRML HOALA MILO 1241),https://theukulelesite.com/shop-by/brand/oli/oli-redwood-hawaiian-milo-le-baritone-l3-brml-hoala-milo-1241.html,GbhISyq_xl4,youtube,,PLEQbDXy0ShuWQ4iKD4YVC1iOj3uKY1R-2,,
306,'Oli L2 BMR Myrtle Baritone 1200,sound_sample,L2,BMR,Baritone,Myrtle,Myrtle,gloss,limited edition,1695,1200,'OLI MYRTLE LE BARITONE (L2-BMR RED GINGER 1200),https://theukulelesite.com/shop-by/brand/oli/oli-myrtle-le-baritone-l2-bmr-red-ginger-1200.html,ODUFkjCwndg,youtube,,PLEQbDXy0ShuWQ4iKD4YVC1iOj3uKY1R-2,,
307,'Oli L1SP-BMG-BK Mango Baritone,sound_sample,L1,BMG-BK,Baritone,Mango,Mango,gloss,black stain,1195,1129,'OLI MANGO BARITONE (L1SP-BMG-BK 1129),https://theukulelesite.com/shop-by/brand/oli/oli-mango-baritone-l1sp-bmg-bk-1129.html,__RoMIAxDwk,youtube,,PLEQbDXy0ShuWQ4iKD4YVC1iOj3uKY1R-2,,
308,'Oli Torrefied Spruce Milo L3 TTSML 1275,sound_sample,L3,TTSML,Tenor,Torrefied spruce,Milo,,limited edition,1995,1275,'OLI TORREFIED SPRUCE HAWAIIAN MILO LE TENOR (L3-TTSML HOALA MILO 1275),https://theukulelesite.com/oli-torrefied-spruce-hawaiian-milo-le-tenor-l3-ttsml-hoala-milo-1275.html,lUTWoQr7iUg,youtube,,PLEQbDXy0ShuWQ4iKD4YVC1iOj3uKY1R-2,,
309,'Oli L2 CRW Redwood Walnut Concert 1225,sound_sample,L2,CRW,Concert,Redwood,Walnut,gloss,limited edition,1595,1225,'OLI CURLY REDWOOD GRAFTED WALNUT CONCERT (L2-CRW LE DIAMOND HEAD MOON 1225),https://theukulelesite.com/shop-by/brand/oli/oli-curly-redwood-walnut-concert-l2-crw-le-1225.html,fF1euBWryAs,youtube,,PLEQbDXy0ShuWQ4iKD4YVC1iOj3uKY1R-2,,
310,'Oli X2 BCRBW S 1142 Cedar Black & White Rosewood Baritone,sound_sample,X2,BCRBWS,Baritone,Cedar,Black and White Rosewood,satin,limited edition,1495,1142,'OLI CEDAR BW ROSEWOOD SATIN LE BARITONE (X2-BCR-BW-S 1142),https://theukulelesite.com/oli-cedar-bw-rosewood-le-baritone-x2-bcr-bw-s-1142.html,NoGTiNc-hAM,youtube,,PLEQbDXy0ShuWQ4iKD4YVC1iOj3uKY1R-2,,
118,'Oli Redwood Rosewood Baritone L2 BRR 606,sound_sample,L2,BRR,Baritone,Redwood,Rosewood,gloss,,,,,,bVADBnIbcrc,youtube,,PLEQbDXy0ShuWQ4iKD4YVC1iOj3uKY1R-2,,
312,'Oli L2 BQM 844 Quilted Maple Baritone,sound_sample,L2,BQM,Baritone,Quilted Maple,Quilted Maple,gloss,,1595,844,'OLI QUILTED MAPLE BARITONE (L2-BQM 844),https://theukulelesite.com/shop-by/brand/oli/oli-quilted-maple-baritone-l2-bqm-844.html,-8DAEx3BU8g,youtube,,PLEQbDXy0ShuWQ4iKD4YVC1iOj3uKY1R-2,,
313,'Oli L3 Honeycomb Tenor Torrefied Spruce Ebony,sound_sample,L3,TTSE-H,Tenor,Torrefied spruce,Ebony,gloss,"Honeycomb, limited edition",2095,1282,'OLI TORREFIED SPRUCE MACASSAR EBONY LE TENOR (L3-TTSE-H HONEYCOMB 1282),https://theukulelesite.com/shop-by/brand/oli/oli-torrefied-spruce-ebony-le-tenor-l3-ttse-h-honeycomb-1282.html,03s7LIKWPLA,youtube,,PLEQbDXy0ShuWQ4iKD4YVC1iOj3uKY1R-2,,
314,'Oli L2 TSFM SB,sound_sample,L2,TSFM-SB,Tenor,Spruce,Flame Maple,gloss,sunburst stain,1495,1195,'OLI SPRUCE FLAME MAPLE TENOR (L2-TSFM-SB MANDALA 1195),https://theukulelesite.com/shop-by/brand/oli/oli-spruce-flame-maple-tenor-l2-tsfm-sb-mandala-1195.html,UUx6OsEMIOw,youtube,,PLEQbDXy0ShuWQ4iKD4YVC1iOj3uKY1R-2,,
315,'Oli L2 CSCM Spruce Cuban Mahogany Concert,sound_sample,L2,CSCM,Concert,Spruce,Hawaiian (Cuban) Mahogany,gloss,limited edition,1495,1259,'OLI SPRUCE HAWAIIAN CUBAN MAHOGANY LE CONCERT (L2-CSCM LE 1259),https://theukulelesite.com/shop-by/brand/oli/oli-spruce-hawaiian-cuban-mahogany-le-concert-l2-cscm-le-1259.html,ukWr4wZxRFU,youtube,,PLEQbDXy0ShuWQ4iKD4YVC1iOj3uKY1R-2,,
316,'Oli L2 TTSCM 1192 Torrefied Spruce Cuban Mahogany,sound_sample,L2,TTSCM,Tenor,Torrefied spruce,Hawaiian (Cuban) Mahogany,gloss,"discount for blemish, limited edition",1395,1192,'OLI TORREFIED SPRUCE HAWAIIAN CUBAN MAHOGANY LE TENOR (L2-TTSCM 1192),https://theukulelesite.com/shop-by/brand/oli/oli-torrefied-spruce-hawaiian-cuban-mahogany-le-tenor-l2-ttscm-1192.html,Kt1OVTbG_Kg,youtube,,PLEQbDXy0ShuWQ4iKD4YVC1iOj3uKY1R-2,,
63,'Oli Spruce Ebony Concert L2-CSE,sound_sample,L2,CSE,Concert,Spruce,Macassar Ebony ,gloss,,1495,,,,-RtOCwJexIU,youtube,,PLEQbDXy0ShuWQ4iKD4YVC1iOj3uKY1R-2,,
35,'Oli Spruce Rosewood Tenor,sound_sample,L2,TSR,Tenor,Spruce,Rosewood,gloss,,1395,,,,F0hxa4dcVm4,youtube,,PLEQbDXy0ShuWQ4iKD4YVC1iOj3uKY1R-2,,
319,'Oli Port Orford Cedar Myrtle Baritone L2-BCPMR 1205,sound_sample,L2,BCPMR,Baritone,Port Orford Cedar,Myrtle,gloss,limited edition,1795,1205,'OLI PORT ORFORD CEDAR MYRTLE LE BARITONE (L2-BCPMR DIAMOND HEAD MOON 1205),https://theukulelesite.com/shop-by/brand/oli/oli-port-orford-cedar-myrtle-le-baritone-l2-bcpmr-diamond-head-moon-1205.html,vZgdz3o2vHw,youtube,,PLEQbDXy0ShuWQ4iKD4YVC1iOj3uKY1R-2,,
320,'Oli Baritone Reentrant High D and Linear Low D Sample X2-BTSRR 1126,sound_sample,X2,BTSRR,Baritone,Torrefied spruce,Red Rosewood,gloss,limited edition,1595,1126,'OLI TORREFIED SPRUCE RED ROSEWOOD LE BARITONE (X2-BTSRR 1126),https://theukulelesite.com/shop-by/brand/oli/oli-torrefied-spruce-red-rosewood-le-baritone-x2-btsrr-1126.html,m6gPM74A0QI,youtube,,PLEQbDXy0ShuWQ4iKD4YVC1iOj3uKY1R-2,,
321,'Oli L3-TRML 1291 Curly Redwood Milo Tenor,sound_sample,L3,TRML,Tenor,Curly Redwood,Milo,gloss,limited edition,2145,1291,'OLI CURLY REDWOOD HAWAIIAN MILO LE TENOR (L3-TRML HOALA MILO 1291),https://theukulelesite.com/oli-curly-redwood-hawaiian-milo-le-tenor-l3-trml-hoala-milo-1291-1.html,dQb-524e3qg,youtube,,PLEQbDXy0ShuWQ4iKD4YVC1iOj3uKY1R-2,,
322,'Oli L3-CCML Cedar Milo Concert,sound_sample,L3,CCML,Concert,Cedar,Milo,gloss,limited edition,1795,1261,'OLI CEDAR HAWAIIAN MILO LE CONCERT (L3-CCML HOALA MILO 1261),https://theukulelesite.com/shop-by/brand/oli/oli-cedar-hawaiian-milo-le-concert-l3-ccml-hoala-milo-1261-1-1.html,0casrVyWKKE,youtube,,PLEQbDXy0ShuWQ4iKD4YVC1iOj3uKY1R-2,,
243,"""In My Life"" 'Oli L3-TCE  L3-TSR  L2-GSR",song,,,,,,,,,,,,r7zRtjvEwxM,youtube,,PLEQbDXy0ShuWQ4iKD4YVC1iOj3uKY1R-2,,
317,Mi-Si Motif Pickup - 'Oli Mango Tenor,equipment,,,,,,,,,,,,O44IxvUF3Hw,youtube,,PLEQbDXy0ShuWQ4iKD4YVC1iOj3uKY1R-2,,
318,Ukulele Pickup Comparo: L.R. Baggs 5.0 vs MiSi Motif,equipment,,,,,,,,,,,,qlu7G2tlOts,youtube,,PLEQbDXy0ShuWQ4iKD4YVC1iOj3uKY1R-2,,
332,'Oli L2-TCPE Port Orford Cedar Ebony Tenor,sound_sample,L2,TCPE,Tenor,Port Orford Cedar,Macassar Ebony ,gloss,,1595,1196,'OLI PORT ORFORD CEDAR MACASSAR EBONY TENOR (L2-TCPE 1196),https://theukulelesite.com/oli-port-orford-cedar-macassar-ebony-tenor-l2-tcpe-1196.html,IZzmmRcxLfI,youtube,,PLEQbDXy0ShuWQ4iKD4YVC1iOj3uKY1R-2,,
327,'Oli L2-CRR Curly Redwood Rosewood Concert 832,sound_sample,L2,CRR,Concert,Curly Redwood,Rosewood,gloss,limited edition,1495,832,'OLI REDWOOD ROSEWOOD LE CONCERT (L2-CRR RED GINGER 832),https://theukulelesite.com/shop-by/brand/oli/oli-redwood-rosewood-le-concert-l2-crr-red-ginger-832.html,7fNk5YvFyy0,youtube,,PLEQbDXy0ShuWQ4iKD4YVC1iOj3uKY1R-2,,
328,'Oli L3-CCE-H-S Honeycomb Satin Cedar Ebony Concert,sound_sample,L3,CCES-H,Concert,Cedar,Macassar Ebony ,satin,"Honeycomb, limited edition",1795,1236,'OLI CEDAR MACASSAR EBONY LE CONCERT (L3-CCE-H-S HONEYCOMB SATIN 1236),https://theukulelesite.com/shop-by/brand/oli/oli-cedar-macassar-ebony-le-concert-l3-cce-h-s-honeycomb-1236.html,hxbyi25-sk0,youtube,,PLEQbDXy0ShuWQ4iKD4YVC1iOj3uKY1R-2,,
329,'Oli L3-CCE-H-SB Honeycomb Sunburst Cedar Ebony Concert,sound_sample,L3,CCE-H-SB,Concert,Cedar,Macassar Ebony ,gloss,"Honeycomb, Sunburst stain, limited edition",1995,1254,'OLI CEDAR MACASSAR EBONY LE CONCERT (L3-CCE-H-SB HONEYCOMB 1254),https://theukulelesite.com/shop-by/brand/oli/oli-cedar-macassar-ebony-le-concert-l3-cce-h-sb-honeycomb-1254.html,CHvJ5M-IWn8,youtube,,PLEQbDXy0ShuWQ4iKD4YVC1iOj3uKY1R-2,,
330,'Oli L2-CCCM 1267 Cedar Hawaiian Cuban Mahogany Concert,sound_sample,L2,CCCM,Concert,Cedar,Hawaiian (Cuban) Mahogany,gloss,limited edition,1495,1267,'OLI CEDAR HAWAIIAN CUBAN MAHOGANY CONCERT (L2-CCCM LE 1267),https://theukulelesite.com/shop-by/brand/oli/oli-cedar-hawaiian-cuban-mahogany-concert-l2-cccm-le-1267.html,2fglkjvNKLU,youtube,,PLEQbDXy0ShuWQ4iKD4YVC1iOj3uKY1R-2,,
331,'Oli X2-BTSRR Torrefied Spruce Red Rosewood Baritone 1127,sound_sample,X2,BTSRR,Baritone,Torrefied spruce,Red Rosewood,gloss,limited edition,1595,1127,'OLI TORREFIED SPRUCE RED ROSEWOOD LE BARITONE (X2-BTSRR 1127),https://theukulelesite.com/shop-by/brand/oli/oli-torrefied-spruce-red-rosewood-le-baritone-x2-btsrr-1127.html,4qNDoaI5w20,youtube,,PLEQbDXy0ShuWQ4iKD4YVC1iOj3uKY1R-2,,
339,'Oli NEW L2-TCR 1483 Cedar Rosewood Tenor,sound_sample,L2,TCR,Tenor,Cedar,Rosewood,gloss,,1545,1483,'OLI CEDAR ROSEWOOD TENOR (NEW L2-TCR 1483),https://theukulelesite.com/oli-cedar-rosewood-tenor-new-l2-tcr-1483.html,KGmCxXLAF-k,youtube,,PLEQbDXy0ShuWQ4iKD4YVC1iOj3uKY1R-2,,
333,'Oli L-TMG-S Mango Tenor,sound_sample,L,TMGS,Tenor,Mango,Mango,satin,,565,1471,'OLI MANGO TENOR SATIN (L-TMG-S 1471),https://theukulelesite.com/shop-by/brand/oli/oli-mango-tenor-satin-l-tmg-s-1471.html,-a8Htsage2c,youtube,,PLEQbDXy0ShuWQ4iKD4YVC1iOj3uKY1R-2,,
334,'Oli L-CMG-S Mango Concert,sound_sample,L,CMGS,Concert,Mango,Mango,satin,,495,1521,'OLI MANGO CONCERT SATIN (L-CMG-S 1521),https://theukulelesite.com/shop-by/brand/oli/oli-mango-concert-satin-l-cmg-s-1521.html,2xi4DMxrXak,youtube,,PLEQbDXy0ShuWQ4iKD4YVC1iOj3uKY1R-2,,
335,'Oli L-BMG-S Mango Baritone,sound_sample,L,BMGS,Baritone,Mango,Mango,satin,,625,1308,'OLI SATIN MANGO BARITONE (L-BMG-S 1308),https://theukulelesite.com/shop-by/brand/oli/oli-satin-mango-baritone-l-bmg-s-1308.html,lGxw2Dy_Eqc,youtube,,PLEQbDXy0ShuWQ4iKD4YVC1iOj3uKY1R-2,,
336,'Oli L-CA-S Acacia Concert,sound_sample,L,CAS,Concert,Acacia,Acacia,satin,,495,1519,'OLI ACACIA CONCERT SATIN (L-CA-S 1519),https://theukulelesite.com/shop-by/brand/oli/oli-acacia-concert-satin-l-ca-s-1519.html,wnyE1tXdQ10,youtube,,PLEQbDXy0ShuWQ4iKD4YVC1iOj3uKY1R-2,,
337,'Oli L-TA-S Acacia Tenor,sound_sample,L,TAS,Tenor,Acacia,Acacia,satin,,565,1473,'OLI ACACIA TENOR SATIN (L-TA-S 1473),https://theukulelesite.com/shop-by/brand/oli/oli-acacia-tenor-satin-l-ta-s-1473.html,Vs5t3ISGJoM,youtube,,PLEQbDXy0ShuWQ4iKD4YVC1iOj3uKY1R-2,,
338,'Oli L-BA-S Acacia Baritone,sound_sample,L,BAS,Baritone,Acacia,Acacia,satin,,625,1459,'OLI SATIN ACACIA BARITONE (L-BA-S 1459),https://theukulelesite.com/shop-by/brand/oli/oli-satin-acacia-baritone-l-ba-s-1459.html,QQP9af-1LKk,youtube,,PLEQbDXy0ShuWQ4iKD4YVC1iOj3uKY1R-2,,
340,'Oli NEW L2-BCR 1500 Cedar Rosewood Baritone,sound_sample,L2,BCR,Baritone,Cedar,Rosewood,gloss,,1695,1500,'OLI NEW CEDAR ROSEWOOD BARITONE (L2-BCR 1500),https://theukulelesite.com/shop-by/oli-cedar-rosewood-baritone-l2-bcr-1500.html,e9aPUGPfy6k,youtube,,PLEQbDXy0ShuWQ4iKD4YVC1iOj3uKY1R-2,,
343,'Oli L2 TTSA Torrefied Spruce Acacia Monstera Tenor,sound_sample,L2,TTSA,Tenor,Torrefied spruce,Acacia,gloss,,,,,,eUGEsySF4Lw,youtube,,PLEQbDXy0ShuWQ4iKD4YVC1iOj3uKY1R-2,,
341,'Oli L2-TPMG Tenor Mango Pineapple,sound_sample,L2,TPMG,Tenor,Mango,Mango,gloss,,1395,1522,'OLI TENOR PINEAPPLE MANGO (L2-TPMG 1522),https://theukulelesite.com/shop-by/brand/oli/oli-tenor-pineapple-mango-l2-tpmg-1522.html,qTpxK_wzhY8,youtube,,PLEQbDXy0ShuWQ4iKD4YVC1iOj3uKY1R-2,,
342,'Oli L2-CPMG Concert Pineapple Mango,sound_sample,L2,CPMG,Concert,Mango,Mango,gloss,,1195,1523,'OLI CONCERT PINEAPPLE MANGO (L2-CPMG 1523),https://theukulelesite.com/shop-by/brand/oli/oli-concert-pineapple-mango-l2-cpmg-1523.html,8gKlq1m6dQ8,youtube,,PLEQbDXy0ShuWQ4iKD4YVC1iOj3uKY1R-2,,
344,'Oli L2-TMG Mango Tenor 1486,sound_sample,L2,TMG,Tenor,Mango,Mango,gloss,,,,,,BwNkbyMHzpQ,youtube,,PLEQbDXy0ShuWQ4iKD4YVC1iOj3uKY1R-2,,
345,'Oli L2-BMG Mango Baritone 1505,sound_sample,L2,BMG,Baritone,Mango,Mango,gloss,,,,,,Iqeia3_o6Vc,youtube,,PLEQbDXy0ShuWQ4iKD4YVC1iOj3uKY1R-2,,
347,'Oli L2 BTSA Torrefied Spruce Acacia Baritone,sound_sample,L2,BTSA,Baritone,Torrefied spruce,Acacia,gloss,monstera,,1498,'OLI TORREFIED SPRUCE ACACIA MONSTERA BARITONE (L2-BTSA 1498),https://theukulelesite.com/shop-by/oli-torrefied-spruce-acacia-monstera-baritone-l2-btsa-1498-1.html,qbWx32Utyd8,youtube,,PLEQbDXy0ShuWQ4iKD4YVC1iOj3uKY1R-2,,
346,'Oli X1 TMH Mahogany Tenor,sound_sample,X,TMHS,Tenor,Mahogany,Mahogany,satin,,895,1437,'OLI MAHOGANY TENOR (X1-TMH-S 1437),https://theukulelesite.com/shop-by/brand/oli/oli-mahogany-tenor-x1-tmh-s-1437.html,ThOI0LKaPbA,youtube,,PLEQbDXy0ShuWQ4iKD4YVC1iOj3uKY1R-2,,
348,'Oli L1SP TSWA VB Spruce Waru Vintage Burst Tenor,sound_sample,L1,TSWA-VB,Tenor,Spruce,Weru,gloss,,,,,,bWtYd3jsuNs,youtube,,PLEQbDXy0ShuWQ4iKD4YVC1iOj3uKY1R-2,,
349,'Oli L2 CMG,sound_sample,L2,CMG,Concert,Mango,Mango,gloss,,,,,,CiRh5FccAIc,youtube,,PLEQbDXy0ShuWQ4iKD4YVC1iOj3uKY1R-2,,
,L3-CTSML,sound_sample,L3,CTSML,Concert,Torrefied spruce,Milo,gloss,,,,,,1090692172,vimeo,,,,
350,'Oli L2-BSR Spruce Rosewood Baritone,sound_sample,L2,BSR,Baritone,Spruce,Rosewood,gloss,,,,,,pVLOXLcSs_4,youtube,,PLEQbDXy0ShuWQ4iKD4YVC1iOj3uKY1R-2,,
9999,'Oli L1 BA 2025 987 Acacia Baritone,sound_sample,L1,BA,Baritone,Acacia,Acacia,gloss,,995,987,'OLI ACACIA BARITONE (2025 L1-BA 987),https://theukulelesite.com/oli-acacia-baritone-2025-l1-ba-987-1.html,2wHlvrXPM8g,youtube,,,,
9999,'Oli L1 BAS Baritone Acacia Satin,sound_sample,L1,BAS,Baritone,Acacia,Acacia,satin,,,,,,qPlYt7yBKVk,youtube,,,,
9999,'Oli L1 CA 984,sound_sample,L1,CA,Concert,Acacia,Acacia,gloss,,795,984,'OLI ACACIA CONCERT GLOSS (2025 L1-CA 984),https://theukulelesite.com/oli-acacia-concert-2025-l1-ca-984.html,pmVWEjyFa2U,youtube,,,,
9999,'Oli L1 TMGS 2025 Mango Tenor Satin,sound_sample,L1,TMGS,Tenor,Mango,Mango,satin,,,,,,dKotBrEFZgA,youtube,,,,
9999,'Oli L1-BMG 911 2025 Mango Baritone,sound_sample,L1,BMG,Baritone,Mango,Mango,gloss,,995,911,'OLI MANGO BARITONE 2025 (L1-BMG 911),https://theukulelesite.com/shop-by/brand/oli/oli-mango-baritone-2025-l1-bmg-911.html,Ry0bnxqiv1o,youtube,,,,
9999,'Oli L2 BSFM 772 Spruce Maple Baritone,sound_sample,L2,BSFM,Baritone,Spruce,Flame Maple,gloss,,1595,772,'OLI SPRUCE FLAME MAPLE BARITONE (L2-BSFM MANDALA 772),https://theukulelesite.com/oli-spruce-flame-maple-baritone-l2-bsfm-mandala-772-2.html,NGXdS8PQ31g,youtube,,,,
123,Oli L1 TAS v2 Acacia Tenor Satin,sound_sample,L1,TAS,Tenor,Acacia,Acacia,satin,,,,,,hTiMM-sD5U0,youtube,,PLEQbDXy0ShuWQ4iKD4YVC1iOj3uKY1R-2,,
9999,'Oli L2-BCR 858,sound_sample,L2,BCR,Baritone,Cedar,Rosewood,gloss,,1595,858,'OLI CEDAR ROSEWOOD BARITONE (L2-BCR V3 858),https://theukulelesite.com/oli-cedar-rosewood-baritone-l2-bcr-v3-858.html,rVt1EjNZg_k,youtube,,,,
9999,'Oli L2-TCA v3 Cedar Acacia Tenor,sound_sample,L2,TCA,Tenor,Cedar,Acacia,gloss,,1095,782,'OLI CEDAR ACACIA TENOR (L2-TCA 782),https://theukulelesite.com/oli-cedar-acacia-tenor-l2-tca-782.html,LvcZOHceJ-I,youtube,,,,
9999,'Oli L2-TCA v3 Cedar Acacia Tenor,sound_sample,L2,TCA,Tenor,Cedar,Acacia,gloss,,1095,785,'OLI CEDAR ACACIA TENOR (L2-TCA 785),https://theukulelesite.com/shop-by/brand/oli/oli-cedar-acacia-tenor-l2-tca-785.html,LvcZOHceJ-I,youtube,,,,
9999,'Oli L2 TSA Spruce Acacia Tenor,sound_sample,L2,TSA,Tenor,Spruce,Acacia,gloss,,,,,,Yk98tlUrQwM,youtube,,,,
9999,'Oli Mastergrade Koa Tenor 145,sound_sample,L2,TK,Tenor,Koa,Koa,gloss,,1995,145,'OLI KOA TENOR (L2-TK UHI 145),https://theukulelesite.com/oli-koa-tenor-l2-tk-uhi-145.html,BHOxKauk_zE,youtube,,,,
9999,"'Oli L3 Milo Redwood & Cedar ""Dancing in the Moonlight""",song,,,,,,,,,,,,ZmMyO0XzaXk,youtube,,,,
9999,'Oli X2-TTSRBW 1233,sound_sample,X2,TTSRBW,Tenor,Torrefied spruce,Black and White Rosewood,gloss,limited edition,1495,1233,'OLI TORREFIED SPRUCE SPECIAL ROSEWOOD LE TENOR (X2-TTSR-BW 1233),https://theukulelesite.com/shop-by/brand/oli/oli-torrefied-spruce-rosewood-le-tenor-x2-ttsr-bw-1233.html,P8VVzPNT978,youtube,,,,
163,'Oli L2 CCW Cedar Walnut Concert,sound_sample,L2,CCW,Concert,Cedar,Walnut,gloss,limited edition,1345,739,'OLI CEDAR WALNUT LE CONCERT (L2-CCW RED GINGER 739),https://theukulelesite.com/shop-by/brand/oli/oli-cedar-walnut-le-concert-l2-ccw-red-ginger-739.html,7CBLztOz62E,youtube,,PLEQbDXy0ShuWQ4iKD4YVC1iOj3uKY1R-2,,
,267.2 'Oli L2-BCPW 1202 Port Orford Cedar Walnut Baritone,sound_sample,L2,BCPW,Baritone,Port Orford Cedar,Walnut,gloss,limited edition,1795,1211,'OLI PORT ORFORD CEDAR CLARO WALNUT LE BARITONE (L2-BCPW DIAMOND HEAD MOON 1211),https://theukulelesite.com/shop-by/brand/oli/oli-port-orford-cedar-claro-walnut-le-baritone-l2-bcpw-diamond-head-moon-1211.html,7trxU1gHqiU,youtube,,,,
212,'Oli L2 BQM BL Quilted Maple Baritone,sound_sample,L2,BQM-BL,Baritone,Quilted Maple,Quilted Maple,gloss,blue stain,1745,1039,'OLI QUILTED MAPLE OCEAN BLUE BARITONE (L2-BQM-BL 1039),https://theukulelesite.com/oli-quilted-maple-ocean-baritone-l2-bqm-bl-1039.html,dAzkjR_Jsnc,youtube,,PLEQbDXy0ShuWQ4iKD4YVC1iOj3uKY1R-2,,2025-01-19
,170.2 'Oli L2 BK 236 Baritone Koa,sound_sample,L2,BK,Baritone,Koa,Koa,gloss,,1995,326,'OLI KOA BARITONE (L2-BK UHI 326),https://theukulelesite.com/shop-by/brand/oli/oli-koa-baritone-l2-bk-uhi-326-1.html,Chp2cwjW1v0,youtube,,,,
154,'Oli L2-BRR Redwood Rosewood Baritone,sound_sample,L2,BRR,Baritone,Redwood,Rosewood,gloss,limited edition,1795,644,'OLI CURLY REDWOOD ROSEWOOD LE BARITONE (L2-BRR RED GINGER 644),https://theukulelesite.com/shop-by/brand/oli/oli-redwood-rosewood-le-baritone-l2-brr-red-ginger-644.html,kw116fM159g,youtube,,PLEQbDXy0ShuWQ4iKD4YVC1iOj3uKY1R-2,,
,212.2 'Oli L2 BQM BL Quilted Maple Baritone,sound_sample,L2,BQM-BL,Baritone,Quilted Maple,Quilted Maple,gloss,blue stain,1745,1154,'OLI QUILTED MAPLE OCEAN BLUE BARITONE (L2-BQM-BL 1154),https://theukulelesite.com/shop-by/brand/oli/oli-quilted-maple-ocean-blue-baritone-l2-bqm-bl-1154.html,dAzkjR_Jsnc,youtube,,,,
,332.2 'Oli L2-TCPE Port Orford Cedar Ebony Tenor,sound_sample,L2,TCPE,Tenor,Port Orford Cedar,Ebony,gloss,,1595,1196,'OLI PORT ORFORD CEDAR MACASSAR EBONY TENOR (L2-TCPE 1196),https://theukulelesite.com/shop-by/brand/oli/oli-port-orford-cedar-macassar-ebony-tenor-l2-tcpe-1196.html,IZzmmRcxLfI,youtube,,,,
,154.2 'Oli L2-BRR Redwood Rosewood Baritone,sound_sample,L2,BRR,Baritone,Redwood,Rosewood,gloss,limited edition,1795,610,'OLI REDWOOD ROSEWOOD LE BARITONE (L2-BRR RED GINGER 610),https://theukulelesite.com/shop-by/brand/oli/oli-redwood-rosewood-le-baritone-l2-brr-red-ginger-610.html,kw116fM159g,youtube,,,,
,270.2 'Oli X2 TCRBW 1161Cedar Rosewood Tenor,sound_sample,X2,TCRBW,Tenor,Cedar,Black and White Rosewood,gloss,limited edition,1495,1169,'OLI CEDAR BW ROSEWOOD LE TENOR (X2-TCR-BW 1169),https://theukulelesite.com/shop-by/brand/oli/oli-cedar-bw-rosewood-le-tenor-x2-tcr-bw-1169.html,n3hy_VOpQc0,youtube,,,,
,280.2 'Oli L-TM-S Satin Mahogany Tenor,sound_sample,L,TMS,Tenor,Mahogany,Mahogany,satin,,565,1091,'OLI MAHOGANY TENOR SATIN (L-TM-S 1091),https://theukulelesite.com/shop-by/brand/oli/oli-mahogany-tenor-satin-l-tm-s-1091.html,Nj-WvhE59Ek,youtube,,,,
,306.2 'Oli L2 BMR Myrtle Baritone 1200,sound_sample,L2,BMR,Baritone,Myrtle,Myrtle,gloss,limited edition,1695,1201,'OLI MYRTLE LE BARITONE (L2-BMR RED GINGER 1201),https://theukulelesite.com/shop-by/brand/oli/oli-myrtle-le-baritone-l2-bmr-red-ginger-1201.html,ODUFkjCwndg,youtube,,,,
,"271.2 ""Oli L2-TCPMR Port Orford Cedar Myrtle Tenor 1194",sound_sample,L2,TCPMR,Tenor,Port Orford Cedar,Myrtle,gloss,limited edition,1595,1189,'OLI PORT ORFORD CEDAR MYRTLE LE TENOR (L2-TCPMR DIAMOND HEAD MOON 1189),https://theukulelesite.com/shop-by/brand/oli/oli-port-orford-cedar-myrtle-le-tenor-l2-tcpmr-diamond-head-moon-1189.html,oiHEZKaN8ik,youtube,,,,
,276.2 'Oli X2-BCR-BW 1144 Cedar Rosewood X braced Baritone,sound_sample,X2,BCRBW,Baritone,Cedar,Black and White Rosewood,gloss,limited edition,1595,1141,'OLI CEDAR BW ROSEWOOD LE BARITONE (X2-BCR-BW 1141),https://theukulelesite.com/shop-by/brand/oli/oli-cedar-bw-rosewood-le-baritone-x2-bcr-bw-1141-1.html,PTMO6cWPf9o,youtube,,,,
,276.2 'Oli X2-BCR-BW 1144 Cedar Rosewood X braced Baritone,sound_sample,X2,BCRBW,Baritone,Cedar,Black and White Rosewood,gloss,limited edition,1595,1145,'OLI CEDAR BW ROSEWOOD LE BARITONE (X2-BCR-BW 1145),https://theukulelesite.com/shop-by/brand/oli/oli-cedar-bw-rosewood-le-baritone-x2-bcr-bw-1145-1.html,PTMO6cWPf9o,youtube,,,,
,32.2 'Oli L2 Cedar Rosewood Baritone,sound_sample,L2,BCR,Baritone,Cedar,Rosewood,gloss,,1595,870,'OLI CEDAR ROSEWOOD BARITONE (L2-BCR V3 870),https://theukulelesite.com/shop-by/brand/oli/oli-cedar-rosewood-baritone-l2-bcr-v3-870.html,qgPeQYPmIdY,youtube,,,,
,301.2 'Oli L1 TPMG Mango Pineapple Tenor,sound_sample,L1,TPMG,Tenor,Mango,Mango,gloss,pineapple,895,1123,'OLI MANGO PINEAPPLE TENOR (L1-TPMG 1123),https://theukulelesite.com/shop-by/brand/oli/oli-mango-pineapple-tenor-l1-tpmg-1123.html,qYeqrVREuWo,youtube,,,,
,223.2 'Oli X-SMH-S Mahogany Soprano,sound_sample,X,SMHS,Soprano,Mahogany,Mahogany,satin,,695,1429,'OLI MAHOGANY SOPRANO (X-SMH-S 1429),https://theukulelesite.com/oli-mahogany-soprano-x-smh-s-1429-1.html,TygkMqVWevU,youtube,,,,
,299.2 'Oli L1SP TMGBK Mango Tenor,sound_sample,L1,TMG-BK,Tenor,Mango,Mango,gloss,black stain,1095,1119,'OLI MANGO TENOR (L1SP-TMG-BK 1119),https://theukulelesite.com/shop-by/brand/oli/oli-mango-tenor-l1sp-tmg-bk-1119.html,YNPbOKeQnvY,youtube,,,,
,294.2 'Oli L3-TRML Redwood Milo LE Tenor 1289,sound_sample,L3,TRML,Tenor,Curly Redwood,Milo,gloss,limited edition,2095,1288,'OLI REDWOOD HAWAIIAN MILO LE TENOR (L3-TRML HOALA MILO 1288),https://theukulelesite.com/shop-by/brand/oli/oli-redwood-hawaiian-milo-le-tenor-l3-trml-hoala-milo-1288.html,6uik2UVNWAw,youtube,,,,
,154.3 'Oli L2-BRR Redwood Rosewood Baritone,sound_sample,L2,BRR,Baritone,Redwood,Rosewood,gloss,limited edition,1795,654,'OLI REDWOOD ROSEWOOD LE BARITONE (L2-BRR RED GINGER 654),https://theukulelesite.com/shop-by/brand/oli/oli-redwood-rosewood-le-baritone-l2-brr-red-ginger-654.html,kw116fM159g,youtube,,,,
,281.2 'Oli L-BM-S Satin Mahogany Baritone,sound_sample,L,BMS,Baritone,Mahogany,Mahogany,satin,,625,1077,'OLI SATIN MAHOGANY BARITONE (L-BM-S 1077),https://theukulelesite.com/shop-by/brand/oli/oli-satin-mahogany-baritone-l-bm-s-1077.html,NXrSovQvnTE,youtube,,,,
,229.2 'Oli L2 TSFM 729 Spruce Top Flame Maple Tenor,sound_sample,L2,TSFM,Tenor,Spruce,Flame Maple,gloss,,1395,720,'OLI SPRUCE FLAME MAPLE TENOR (L2-TSFM-V3 MANDALA 720),https://theukulelesite.com/shop-by/brand/oli/oli-spruce-flame-maple-tenor-l2-tsfm-v3-mandala-720.html,8aAE1qNmvUQ,youtube,,,,
,300.2 'Oli L3 BSE H Spruce Ebony Honeycomb Baritone,sound_sample,L3,BSE-H,Baritone,Spruce,Ebony,gloss,"Honeycomb, limited edition",2195,1215,'OLI SPRUCE MACASSAR EBONY LE BARITONE (L3-BSE-H HONEYCOMB 1215),https://theukulelesite.com/shop-by/brand/oli/oli-spruce-macassar-ebony-le-baritone-l3-bse-h-honeycomb-1215-1.html,89w0P-9jhAI,youtube,,,,
,297.2 'Oli L3 TSE-H Spruce Ebony Honeycomb Tenor,sound_sample,L3,TSE-H,Tenor,Spruce,Ebony,gloss,limited edition,2095,1251,OLI SPRUCE MACASSAR EBONY LE TENOR (L3-TSE-H HONEYCOMB 1251),https://theukulelesite.com/shop-by/brand/oli/oli-spruce-macassar-ebony-le-tenor-l3-tse-h-honeycomb-1251-1.html,GeyEMyXhCoI,youtube,,,,
,297.3 'Oli L3 TSE-H Spruce Ebony Honeycomb Tenor,sound_sample,L3,TSE-H,Tenor,Spruce,Ebony,gloss,limited edition,2095,1281,'OLI SPRUCE MACASSAR EBONY LE TENOR (L3-TSE-H HONEYCOMB 1281),https://theukulelesite.com/shop-by/brand/oli/oli-spruce-macassar-ebony-le-tenor-l3-tse-h-honeycomb-1281.html,GeyEMyXhCoI,youtube,,,,
,302.2 'Oli L3-TSR-P Plumeria Tenor 1247,sound_sample,L3,TSR-P,Tenor,Spruce,Rosewood,gloss,limited edition,1995,1242,'OLI SPRUCE ROSEWOOD TENOR LE (L3-TSR PLUMERIA 1242),https://theukulelesite.com/shop-by/brand/oli/oli-spruce-rosewood-tenor-le-l3-tsr-plumeria-1242.html,WeC-fgs9Gcc,youtube,,,,
,302.3 'Oli L3-TSR-P Plumeria Tenor 1247,sound_sample,L3,TSR-P,Tenor,Spruce,Rosewood,gloss,limited edition,1995,1248,'OLI SPRUCE ROSEWOOD TENOR LE (L3-TSR PLUMERIA 1248),https://theukulelesite.com/shop-by/brand/oli/oli-spruce-rosewood-tenor-le-l3-tsr-plumeria-1248-1.html,WeC-fgs9Gcc,youtube,,,,
,286.2 'Oli L2 TTSCM Torrefied Spruce Hawaiian Cuban Mahogany Tenor,sound_sample,L2,TTSCM,Tenor,Torrefied spruce,Hawaiian (Cuban) Mahogany,gloss,limited edition,1595,1198,'OLI TORREFIED SPRUCE HAWAIIAN CUBAN MAHOGANY LE TENOR (L2-TTSCM 1198),https://theukulelesite.com/shop-by/brand/oli/oli-torrefied-spruce-hawaiian-mahogany-le-tenor-l2-ttscm-1198.html,vdwfXQ1iuIY,youtube,,,,
,269.2 'Oli X2-TTSRR Torrefied Spruce Rosewood Tenor,sound_sample,X2,TTSRR,Tenor,Torrefied spruce,Red Rosewood,gloss,limited edition,1495,1157,'OLI TORREFIED SPRUCE RED ROSEWOOD LE TENOR (X2-TTSRR 1157),https://theukulelesite.com/shop-by/brand/oli/oli-torrefied-spruce-red-rosewood-le-tenor-x2-ttsrr-1157.html,5opERUz7YWM,youtube,,,,
,269.3 'Oli X2-TTSRR Torrefied Spruce Rosewood Tenor,sound_sample,X2,TTSRR,Tenor,Torrefied spruce,Red Rosewood,gloss,limited edition,1495,1159,'OLI TORREFIED SPRUCE RED ROSEWOOD LE TENOR (X2-TTSRR 1159),https://theukulelesite.com/shop-by/brand/oli/oli-torrefied-spruce-red-rosewood-le-tenor-x2-ttsrr-1159.html,5opERUz7YWM,youtube,,,,
,269.4 'Oli X2-TTSRR Torrefied Spruce Rosewood Tenor,sound_sample,X2,TTSRR,Tenor,Torrefied spruce,Red Rosewood,gloss,limited edition,1495,1163,'OLI TORREFIED SPRUCE RED ROSEWOOD LE TENOR (X2-TTSRR 1163),https://theukulelesite.com/shop-by/brand/oli/oli-torrefied-spruce-red-rosewood-le-tenor-x2-ttsrr-1163.html,5opERUz7YWM,youtube,,,,
,284.2 'Oli X2 BTSRR 1109 Torrefied Spruce Rosewood Baritone,sound_sample,X2,BTSRBW,Baritone,Torrefied spruce,Black and White Rosewood,gloss,limited edition,1595,1103,'OLI TORREFIED SPRUCE B&W ROSEWOOD LE BARITONE (X2-BTSR-BW),https://theukulelesite.com/shop-by/brand/oli/oli-torrefied-spruce-rosewood-le-baritone-x2-btsr-bw-1103.html,UEpCcA2lKCk,youtube,,,,
,284.3 'Oli X2 BTSRR 1109 Torrefied Spruce Rosewood Baritone,sound_sample,X2,BTSRBW,Baritone,Torrefied spruce,Black and White Rosewood,gloss,limited edition,1595,1104,'OLI TORREFIED SPRUCE B&W ROSEWOOD LE BARITONE (X2-BTSR-BW 1104),https://theukulelesite.com/shop-by/brand/oli/oli-torrefied-spruce-rosewood-le-baritone-x2-btsr-bw-1104.html,UEpCcA2lKCk,youtube,,,,
,284.4 'Oli X2 BTSRR 1109 Torrefied Spruce Rosewood Baritone,sound_sample,X2,BTSRBW,Baritone,Torrefied spruce,Black and White Rosewood,gloss,limited edition,1595,1106,'OLI TORREFIED SPRUCE B&W ROSEWOOD LE BARITONE (X2-BTSR-BW 1106),https://theukulelesite.com/shop-by/brand/oli/oli-torrefied-spruce-rosewood-le-baritone-x2-btsr-bw-1106-1-1.html,UEpCcA2lKCk,youtube,,,,
,L3-CRML 1257,sound_sample,L3,CRML,Concert,Curly Redwood,Milo,gloss,limited edition,1895,1257,'OLI CURLY REDWOOD HAWAIIAN MILO LE CONCERT (L3-CRMI HOALA MILO 1257),https://theukulelesite.com/shop-by/oli-l3-crmi-hoala-milo-1257.html,1090692649,vimeo,,,,
,L3-CCML 1261,sound_sample,L3,CCML,Concert,Cedar,Milo,gloss,limited edition,1795,1261,'OLI CEDAR HAWAIIAN MILO LE CONCERT (L3-CCML HOALA MILO 1261),https://theukulelesite.com/shop-by/size/oli-cedar-hawaiian-milo-le-concert-l3-ccml-hoala-milo-1261-1-1.html,1090692456,vimeo,,,,
9999,"'Oli X2 Baritone & Tenor Torrefied Spruce Rosewood ""Beanie""",song,,,,,,,,,,,,ySauFg09bcs,youtube,,,,
,'Oli 2025 Preview & Sample w Corey,other,,,,,,,,,,,,7QVxAfL06Ic,youtube,,,,2024-12-30
,Team Trip to 'Oli w Music by Kalei & Suar,factory_tour,,,,,,,,,,,,Ee6dcg_64yI,youtube,,,,2025-04-22
,'Oli Ukulele Factory Visit w Kalei Gamiao,factory_tour,,,,,,,,,,,,aYdHk4hO1ks,youtube,,,,
